seed,DX,D_diff,time,error,mean
10,0.15,0.0,0.0,0.4132818841226395,0.3268796976799442
10,0.15,0.0,0.02,0.377899058697927,0.3268796976799442
10,0.15,0.0,0.04,0.3622698452202866,0.3268796976799442
10,0.15,0.0,0.06,0.3504650445637868,0.3268796976799442
10,0.15,0.0,0.08,0.3372359403621081,0.3268796976799442
10,0.15,0.0,0.1,0.3378431164145201,0.3268796976799442
10,0.15,0.0,0.12,0.335921482575673,0.3268796976799442
10,0.15,0.0,0.14,0.3281518453371581,0.3268796976799442
10,0.15,0.0,0.16,0.3159025389057486,0.3268796976799442
10,0.15,0.0,0.18,0.3195651468929464,0.3268796976799442
10,0.15,0.0,0.2,0.3203712514670881,0.3268796976799442
10,0.15,0.0,0.22,0.3234385457387667,0.3268796976799442
10,0.15,0.0,0.24,0.3206264963997655,0.3268796976799442
10,0.15,0.0,0.26,0.3142904123823416,0.3268796976799442
10,0.15,0.0,0.28,0.320822374285422,0.3268796976799442
10,0.15,0.0,0.3,0.312833091413736,0.3268796976799442
10,0.15,0.0,0.32,0.3051878654795248,0.3268796976799442
10,0.15,0.0,0.34,0.3090729319453532,0.3268796976799442
10,0.15,0.0,0.36,0.3098776760779077,0.3268796976799442
10,0.15,0.0,0.38,0.320096998896219,0.3268796976799442
10,0.15,0.0,0.4,0.3233585502520267,0.3268796976799442
10,0.15,0.0,0.42,0.3248862245916263,0.3268796976799442
10,0.15,0.0,0.44,0.3232744995344781,0.3268796976799442
10,0.15,0.0,0.46,0.3192224079487478,0.3268796976799442
10,0.15,0.0,0.48,0.3195291979478666,0.3268796976799442
10,0.15,0.0,0.5,0.324728842914224,0.3268796976799442
10,0.15,0.0,0.52,0.3248014077971907,0.3268796976799442
10,0.15,0.0,0.54,0.3215445450363739,0.3268796976799442
10,0.15,0.0,0.56,0.3168317237692303,0.3268796976799442
10,0.15,0.0,0.58,0.3150398094406987,0.3268796976799442
10,0.15,0.0,0.6,0.3116835753208332,0.3268796976799442
10,0.15,0.0,0.62,0.3146349700576252,0.3268796976799442
10,0.15,0.0,0.64,0.3080881350483541,0.3268796976799442
10,0.15,0.0,0.66,0.3122347805409542,0.3268796976799442
10,0.15,0.0,0.68,0.3230132475150611,0.3268796976799442
10,0.15,0.0,0.7000000000000001,0.3244833347072826,0.3268796976799442
10,0.15,0.0,0.72,0.3211893445643217,0.3268796976799442
10,0.15,0.0,0.74,0.3171905876766994,0.3268796976799442
10,0.15,5.0,0.0,0.4276823767513172,0.3308424438985683
10,0.15,5.0,0.02,0.3750797314629803,0.3308424438985683
10,0.15,5.0,0.04,0.3704547735770628,0.3308424438985683
10,0.15,5.0,0.06,0.372673892781299,0.3308424438985683
10,0.15,5.0,0.08,0.3760497304398131,0.3308424438985683
10,0.15,5.0,0.1,0.3872825383966509,0.3308424438985683
10,0.15,5.0,0.12,0.3912473538773788,0.3308424438985683
10,0.15,5.0,0.14,0.3929585877194674,0.3308424438985683
10,0.15,5.0,0.16,0.3925342125917062,0.3308424438985683
10,0.15,5.0,0.18,0.3760293579245305,0.3308424438985683
10,0.15,5.0,0.2,0.3542344631989449,0.3308424438985683
10,0.15,5.0,0.22,0.350509922121256,0.3308424438985683
10,0.15,5.0,0.24,0.3461774973026273,0.3308424438985683
10,0.15,5.0,0.26,0.3341698389966597,0.3308424438985683
10,0.15,5.0,0.28,0.32882734948936,0.3308424438985683
10,0.15,5.0,0.3,0.3240742658796937,0.3308424438985683
10,0.15,5.0,0.32,0.3130993141438711,0.3308424438985683
10,0.15,5.0,0.34,0.3133894634809913,0.3308424438985683
10,0.15,5.0,0.36,0.3028310282609443,0.3308424438985683
10,0.15,5.0,0.38,0.3018340404376854,0.3308424438985683
10,0.15,5.0,0.4,0.29607997836865,0.3308424438985683
10,0.15,5.0,0.42,0.2899881530455146,0.3308424438985683
10,0.15,5.0,0.44,0.2863877466253281,0.3308424438985683
10,0.15,5.0,0.46,0.2843730830888224,0.3308424438985683
10,0.15,5.0,0.48,0.283098846033499,0.3308424438985683
10,0.15,5.0,0.5,0.2792715764336422,0.3308424438985683
10,0.15,5.0,0.52,0.2783332295013955,0.3308424438985683
10,0.15,5.0,0.54,0.2777126536518872,0.3308424438985683
10,0.15,5.0,0.56,0.2788120069888436,0.3308424438985683
10,0.15,5.0,0.58,0.2798394897476117,0.3308424438985683
10,0.15,5.0,0.6,0.2850362829944645,0.3308424438985683
10,0.15,5.0,0.62,0.2843720754563276,0.3308424438985683
10,0.15,5.0,0.64,0.278445448164982,0.3308424438985683
10,0.15,5.0,0.66,0.2759503556440111,0.3308424438985683
10,0.15,5.0,0.68,0.2814359777479036,0.3308424438985683
10,0.15,5.0,0.7000000000000001,0.284933970480887,0.3308424438985683
10,0.15,5.0,0.72,0.2850810158002493,0.3308424438985683
10,0.15,5.0,0.74,0.2809434524232638,0.3308424438985683
10,0.15,10.0,0.0,0.4113386868916089,0.3382188297866617
10,0.15,10.0,0.02,0.3745353167687829,0.3382188297866617
10,0.15,10.0,0.04,0.364976891284765,0.3382188297866617
10,0.15,10.0,0.06,0.3424176995465997,0.3382188297866617
10,0.15,10.0,0.08,0.3510874026001216,0.3382188297866617
10,0.15,10.0,0.1,0.3559559732682323,0.3382188297866617
10,0.15,10.0,0.12,0.341683477564666,0.3382188297866617
10,0.15,10.0,0.14,0.3304561413608363,0.3382188297866617
10,0.15,10.0,0.16,0.3272239614067023,0.3382188297866617
10,0.15,10.0,0.18,0.3301286084088192,0.3382188297866617
10,0.15,10.0,0.2,0.3540678474816394,0.3382188297866617
10,0.15,10.0,0.22,0.3529289876493782,0.3382188297866617
10,0.15,10.0,0.24,0.3411343532341048,0.3382188297866617
10,0.15,10.0,0.26,0.3269449802018632,0.3382188297866617
10,0.15,10.0,0.28,0.3261450825553741,0.3382188297866617
10,0.15,10.0,0.3,0.3199412209237123,0.3382188297866617
10,0.15,10.0,0.32,0.3178069587694122,0.3382188297866617
10,0.15,10.0,0.34,0.3208606371604068,0.3382188297866617
10,0.15,10.0,0.36,0.3185475647097595,0.3382188297866617
10,0.15,10.0,0.38,0.3144012255403461,0.3382188297866617
10,0.15,10.0,0.4,0.3122134984428621,0.3382188297866617
10,0.15,10.0,0.42,0.3078177505491825,0.3382188297866617
10,0.15,10.0,0.44,0.3074827953080014,0.3382188297866617
10,0.15,10.0,0.46,0.3107676924821516,0.3382188297866617
10,0.15,10.0,0.48,0.3101433123371941,0.3382188297866617
10,0.15,10.0,0.5,0.3135794376294663,0.3382188297866617
10,0.15,10.0,0.52,0.3141073874881199,0.3382188297866617
10,0.15,10.0,0.54,0.3140730895726296,0.3382188297866617
10,0.15,10.0,0.56,0.313772287737523,0.3382188297866617
10,0.15,10.0,0.58,0.3055656655949004,0.3382188297866617
10,0.15,10.0,0.6,0.3146710031488514,0.3382188297866617
10,0.15,10.0,0.62,0.318844452147053,0.3382188297866617
10,0.15,10.0,0.64,0.316586365040179,0.3382188297866617
10,0.15,10.0,0.66,0.3163680838848536,0.3382188297866617
10,0.15,10.0,0.68,0.3181236921823192,0.3382188297866617
10,0.15,10.0,0.7000000000000001,0.3175332931415945,0.3382188297866617
10,0.15,10.0,0.72,0.3205272148381545,0.3382188297866617
10,0.15,10.0,0.74,0.321837300313969,0.3382188297866617
10,0.15,15.0,0.0,0.4224357006829816,0.3540390227106219
10,0.15,15.0,0.02,0.4142333083300812,0.3540390227106219
10,0.15,15.0,0.04,0.385071514824683,0.3540390227106219
10,0.15,15.0,0.06,0.3729546859750692,0.3540390227106219
10,0.15,15.0,0.08,0.4054783203308642,0.3540390227106219
10,0.15,15.0,0.1,0.4021058067334415,0.3540390227106219
10,0.15,15.0,0.12,0.4115421005324972,0.3540390227106219
10,0.15,15.0,0.14,0.4110147352177559,0.3540390227106219
10,0.15,15.0,0.16,0.4158782212090069,0.3540390227106219
10,0.15,15.0,0.18,0.4187265013549947,0.3540390227106219
10,0.15,15.0,0.2,0.41579125005633,0.3540390227106219
10,0.15,15.0,0.22,0.4152734214066623,0.3540390227106219
10,0.15,15.0,0.24,0.41148245753668,0.3540390227106219
10,0.15,15.0,0.26,0.402103551170305,0.3540390227106219
10,0.15,15.0,0.28,0.3992191274842444,0.3540390227106219
10,0.15,15.0,0.3,0.4033037898240045,0.3540390227106219
10,0.15,15.0,0.32,0.394928967564555,0.3540390227106219
10,0.15,15.0,0.34,0.3922759506756315,0.3540390227106219
10,0.15,15.0,0.36,0.3997606068575713,0.3540390227106219
10,0.15,15.0,0.38,0.3943705734342288,0.3540390227106219
10,0.15,15.0,0.4,0.3850115534017111,0.3540390227106219
10,0.15,15.0,0.42,0.383162078007402,0.3540390227106219
10,0.15,15.0,0.44,0.3858698826245721,0.3540390227106219
10,0.15,15.0,0.46,0.3837269388257233,0.3540390227106219
10,0.15,15.0,0.48,0.3769241979851696,0.3540390227106219
10,0.15,15.0,0.5,0.373156939407367,0.3540390227106219
10,0.15,15.0,0.52,0.3695030561925559,0.3540390227106219
10,0.15,15.0,0.54,0.3656971034013977,0.3540390227106219
10,0.15,15.0,0.56,0.3777084741135948,0.3540390227106219
10,0.15,15.0,0.58,0.377206322912165,0.3540390227106219
10,0.15,15.0,0.6,0.3799570008216174,0.3540390227106219
10,0.15,15.0,0.62,0.3773658394607425,0.3540390227106219
10,0.15,15.0,0.64,0.3675930915440051,0.3540390227106219
10,0.15,15.0,0.66,0.3554465080936188,0.3540390227106219
10,0.15,15.0,0.68,0.3542190535907145,0.3540390227106219
10,0.15,15.0,0.7000000000000001,0.3565445507746292,0.3540390227106219
10,0.15,15.0,0.72,0.3760245985555133,0.3540390227106219
10,0.15,15.0,0.74,0.3747304720588547,0.3540390227106219
10,0.15,20.0,0.0,0.4036790606024121,0.35887486418872283
10,0.15,20.0,0.02,0.3773949749730361,0.35887486418872283
10,0.15,20.0,0.04,0.3676836293186727,0.35887486418872283
10,0.15,20.0,0.06,0.3572945275589691,0.35887486418872283
10,0.15,20.0,0.08,0.3526323331738265,0.35887486418872283
10,0.15,20.0,0.1,0.3407169517151724,0.35887486418872283
10,0.15,20.0,0.12,0.3512773427717449,0.35887486418872283
10,0.15,20.0,0.14,0.3569376834824075,0.35887486418872283
10,0.15,20.0,0.16,0.3467505216140033,0.35887486418872283
10,0.15,20.0,0.18,0.3417089013837926,0.35887486418872283
10,0.15,20.0,0.2,0.3428356369673738,0.35887486418872283
10,0.15,20.0,0.22,0.3385921144684193,0.35887486418872283
10,0.15,20.0,0.24,0.3397146866162383,0.35887486418872283
10,0.15,20.0,0.26,0.3538016947913118,0.35887486418872283
10,0.15,20.0,0.28,0.3524301435010094,0.35887486418872283
10,0.15,20.0,0.3,0.3418362540878453,0.35887486418872283
10,0.15,20.0,0.32,0.3329871193000894,0.35887486418872283
10,0.15,20.0,0.34,0.326070570156784,0.35887486418872283
10,0.15,20.0,0.36,0.3261018618973846,0.35887486418872283
10,0.15,20.0,0.38,0.3322962215548466,0.35887486418872283
10,0.15,20.0,0.4,0.3382366058109978,0.35887486418872283
10,0.15,20.0,0.42,0.3339255165818781,0.35887486418872283
10,0.15,20.0,0.44,0.3251167767452924,0.35887486418872283
10,0.15,20.0,0.46,0.3218817552438568,0.35887486418872283
10,0.15,20.0,0.48,0.3200935162939531,0.35887486418872283
10,0.15,20.0,0.5,0.3287481612846786,0.35887486418872283
10,0.15,20.0,0.52,0.3396569197499917,0.35887486418872283
10,0.15,20.0,0.54,0.3360060191269362,0.35887486418872283
10,0.15,20.0,0.56,0.3339279541574866,0.35887486418872283
10,0.15,20.0,0.58,0.3235591977286786,0.35887486418872283
10,0.15,20.0,0.6,0.3202772890106174,0.35887486418872283
10,0.15,20.0,0.62,0.3197637707981019,0.35887486418872283
10,0.15,20.0,0.64,0.3172167167412306,0.35887486418872283
10,0.15,20.0,0.66,0.3151973357947852,0.35887486418872283
10,0.15,20.0,0.68,0.3158021746788909,0.35887486418872283
10,0.15,20.0,0.7000000000000001,0.3109294006865582,0.35887486418872283
10,0.15,20.0,0.72,0.3107481182456979,0.35887486418872283
10,0.15,20.0,0.74,0.3127747601223961,0.35887486418872283
10,0.15,25.0,0.0,0.3904198140109476,0.36814527780457973
10,0.15,25.0,0.02,0.3906976371982383,0.36814527780457973
10,0.15,25.0,0.04,0.4022903285588001,0.36814527780457973
10,0.15,25.0,0.06,0.3964774434749815,0.36814527780457973
10,0.15,25.0,0.08,0.3888248015016242,0.36814527780457973
10,0.15,25.0,0.1,0.3867675625136589,0.36814527780457973
10,0.15,25.0,0.12,0.3741927014774592,0.36814527780457973
10,0.15,25.0,0.14,0.3614347793851139,0.36814527780457973
10,0.15,25.0,0.16,0.3541499901106743,0.36814527780457973
10,0.15,25.0,0.18,0.354273096449492,0.36814527780457973
10,0.15,25.0,0.2,0.3403878287953635,0.36814527780457973
10,0.15,25.0,0.22,0.3315357393225897,0.36814527780457973
10,0.15,25.0,0.24,0.325642688346518,0.36814527780457973
10,0.15,25.0,0.26,0.3250380133327582,0.36814527780457973
10,0.15,25.0,0.28,0.3185145074049167,0.36814527780457973
10,0.15,25.0,0.3,0.3143830113070872,0.36814527780457973
10,0.15,25.0,0.32,0.3179642107510675,0.36814527780457973
10,0.15,25.0,0.34,0.3133356706562143,0.36814527780457973
10,0.15,25.0,0.36,0.3189095635989956,0.36814527780457973
10,0.15,25.0,0.38,0.3254486505105241,0.36814527780457973
10,0.15,25.0,0.4,0.3243169613680735,0.36814527780457973
10,0.15,25.0,0.42,0.3418857328288212,0.36814527780457973
10,0.15,25.0,0.44,0.3525872203535283,0.36814527780457973
10,0.15,25.0,0.46,0.3672088480318585,0.36814527780457973
10,0.15,25.0,0.48,0.3678940768175233,0.36814527780457973
10,0.15,25.0,0.5,0.358268887644412,0.36814527780457973
10,0.15,25.0,0.52,0.3513417829602622,0.36814527780457973
10,0.15,25.0,0.54,0.3401314782514897,0.36814527780457973
10,0.15,25.0,0.56,0.3347404328506623,0.36814527780457973
10,0.15,25.0,0.58,0.3277281319338236,0.36814527780457973
10,0.15,25.0,0.6,0.323461460590616,0.36814527780457973
10,0.15,25.0,0.62,0.3247814816976988,0.36814527780457973
10,0.15,25.0,0.64,0.3188319611559557,0.36814527780457973
10,0.15,25.0,0.66,0.3151590685982887,0.36814527780457973
10,0.15,25.0,0.68,0.3185706681209691,0.36814527780457973
10,0.15,25.0,0.7000000000000001,0.3102407376164755,0.36814527780457973
10,0.15,25.0,0.72,0.3043953641638353,0.36814527780457973
10,0.15,25.0,0.74,0.3209709701331701,0.36814527780457973
10,0.15,30.0,0.0,0.450835444616712,0.3770878598582045
10,0.15,30.0,0.02,0.4499336646178379,0.3770878598582045
10,0.15,30.0,0.04,0.4092992763173725,0.3770878598582045
10,0.15,30.0,0.06,0.3851586819762495,0.3770878598582045
10,0.15,30.0,0.08,0.410115015919412,0.3770878598582045
10,0.15,30.0,0.1,0.4045975756883684,0.3770878598582045
10,0.15,30.0,0.12,0.4068890544824188,0.3770878598582045
10,0.15,30.0,0.14,0.4310363639194506,0.3770878598582045
10,0.15,30.0,0.16,0.4237897744659802,0.3770878598582045
10,0.15,30.0,0.18,0.4215245038381169,0.3770878598582045
10,0.15,30.0,0.2,0.4160058702458646,0.3770878598582045
10,0.15,30.0,0.22,0.4053973141028579,0.3770878598582045
10,0.15,30.0,0.24,0.3871482236717053,0.3770878598582045
10,0.15,30.0,0.26,0.3792898408736663,0.3770878598582045
10,0.15,30.0,0.28,0.3785186443562852,0.3770878598582045
10,0.15,30.0,0.3,0.3718354481904389,0.3770878598582045
10,0.15,30.0,0.32,0.3861230546717628,0.3770878598582045
10,0.15,30.0,0.34,0.3803903957334694,0.3770878598582045
10,0.15,30.0,0.36,0.3688339143890134,0.3770878598582045
10,0.15,30.0,0.38,0.3818890342996202,0.3770878598582045
10,0.15,30.0,0.4,0.3855184015623951,0.3770878598582045
10,0.15,30.0,0.42,0.379641819586873,0.3770878598582045
10,0.15,30.0,0.44,0.3878376974534943,0.3770878598582045
10,0.15,30.0,0.46,0.3996507509142956,0.3770878598582045
10,0.15,30.0,0.48,0.4128176786173733,0.3770878598582045
10,0.15,30.0,0.5,0.4144287807228404,0.3770878598582045
10,0.15,30.0,0.52,0.4041413277998633,0.3770878598582045
10,0.15,30.0,0.54,0.3997541600028576,0.3770878598582045
10,0.15,30.0,0.56,0.3980392496062262,0.3770878598582045
10,0.15,30.0,0.58,0.3892460872672301,0.3770878598582045
10,0.15,30.0,0.6,0.3847187489703402,0.3770878598582045
10,0.15,30.0,0.62,0.3809350080741462,0.3770878598582045
10,0.15,30.0,0.64,0.3786201590838737,0.3770878598582045
10,0.15,30.0,0.66,0.3732009490156085,0.3770878598582045
10,0.15,30.0,0.68,0.3654014438603775,0.3770878598582045
10,0.15,30.0,0.7000000000000001,0.363959418230718,0.3770878598582045
10,0.15,30.0,0.72,0.3631159636039439,0.3770878598582045
10,0.15,30.0,0.74,0.3622197203476288,0.3770878598582045
10,0.15,40.0,0.0,0.400636787677956,0.3803725541318274
10,0.15,40.0,0.02,0.3898293455515298,0.3803725541318274
10,0.15,40.0,0.04,0.3873596544552483,0.3803725541318274
10,0.15,40.0,0.06,0.3971453980462847,0.3803725541318274
10,0.15,40.0,0.08,0.4080687863914616,0.3803725541318274
10,0.15,40.0,0.1,0.3787806650999984,0.3803725541318274
10,0.15,40.0,0.12,0.3611392951236347,0.3803725541318274
10,0.15,40.0,0.14,0.3599707249778157,0.3803725541318274
10,0.15,40.0,0.16,0.354082062260851,0.3803725541318274
10,0.15,40.0,0.18,0.3680955291390612,0.3803725541318274
10,0.15,40.0,0.2,0.3998471702035047,0.3803725541318274
10,0.15,40.0,0.22,0.4026212755283787,0.3803725541318274
10,0.15,40.0,0.24,0.4066490750003073,0.3803725541318274
10,0.15,40.0,0.26,0.4017048099596199,0.3803725541318274
10,0.15,40.0,0.28,0.3930207677151512,0.3803725541318274
10,0.15,40.0,0.3,0.383259237153832,0.3803725541318274
10,0.15,40.0,0.32,0.3788432599183262,0.3803725541318274
10,0.15,40.0,0.34,0.3741951479107323,0.3803725541318274
10,0.15,40.0,0.36,0.3760472967430201,0.3803725541318274
10,0.15,40.0,0.38,0.3685117670437,0.3803725541318274
10,0.15,40.0,0.4,0.3699333402495401,0.3803725541318274
10,0.15,40.0,0.42,0.3682712787223001,0.3803725541318274
10,0.15,40.0,0.44,0.3634907450955398,0.3803725541318274
10,0.15,40.0,0.46,0.3583039578029199,0.3803725541318274
10,0.15,40.0,0.48,0.3526303709293057,0.3803725541318274
10,0.15,40.0,0.5,0.3512526443331816,0.3803725541318274
10,0.15,40.0,0.52,0.3685579598228167,0.3803725541318274
10,0.15,40.0,0.54,0.3705813963784788,0.3803725541318274
10,0.15,40.0,0.56,0.362112194574137,0.3803725541318274
10,0.15,40.0,0.58,0.3666062720080231,0.3803725541318274
10,0.15,40.0,0.6,0.3710121249286162,0.3803725541318274
10,0.15,40.0,0.62,0.3698726479131616,0.3803725541318274
10,0.15,40.0,0.64,0.3695495324322824,0.3803725541318274
10,0.15,40.0,0.66,0.3708260496061034,0.3803725541318274
10,0.15,40.0,0.68,0.3722482466522381,0.3803725541318274
10,0.15,40.0,0.7000000000000001,0.3945515974324978,0.3803725541318274
10,0.15,40.0,0.72,0.414930896572554,0.3803725541318274
10,0.15,40.0,0.74,0.4066619656600169,0.3803725541318274
10,0.15,50.0,0.0,0.3995629756470422,0.37744163702907485
10,0.15,50.0,0.02,0.3977327089548738,0.37744163702907485
10,0.15,50.0,0.04,0.388061620377867,0.37744163702907485
10,0.15,50.0,0.06,0.4001135497010959,0.37744163702907485
10,0.15,50.0,0.08,0.3981144317819972,0.37744163702907485
10,0.15,50.0,0.1,0.3842618188512087,0.37744163702907485
10,0.15,50.0,0.12,0.369048876441291,0.37744163702907485
10,0.15,50.0,0.14,0.3617351836628912,0.37744163702907485
10,0.15,50.0,0.16,0.3614461330684984,0.37744163702907485
10,0.15,50.0,0.18,0.3563749560066739,0.37744163702907485
10,0.15,50.0,0.2,0.3517760088525065,0.37744163702907485
10,0.15,50.0,0.22,0.3557291629317999,0.37744163702907485
10,0.15,50.0,0.24,0.3685354348574735,0.37744163702907485
10,0.15,50.0,0.26,0.3710383449417344,0.37744163702907485
10,0.15,50.0,0.28,0.3648696775069675,0.37744163702907485
10,0.15,50.0,0.3,0.3533506082654029,0.37744163702907485
10,0.15,50.0,0.32,0.3445968736608822,0.37744163702907485
10,0.15,50.0,0.34,0.3404661893398834,0.37744163702907485
10,0.15,50.0,0.36,0.3419956287773649,0.37744163702907485
10,0.15,50.0,0.38,0.3445184186016816,0.37744163702907485
10,0.15,50.0,0.4,0.3445148623565537,0.37744163702907485
10,0.15,50.0,0.42,0.3461306671981344,0.37744163702907485
10,0.15,50.0,0.44,0.3513258219070425,0.37744163702907485
10,0.15,50.0,0.46,0.3547470122354788,0.37744163702907485
10,0.15,50.0,0.48,0.3416171677491127,0.37744163702907485
10,0.15,50.0,0.5,0.3486389486075431,0.37744163702907485
10,0.15,50.0,0.52,0.3493069608955693,0.37744163702907485
10,0.15,50.0,0.54,0.3471982540310959,0.37744163702907485
10,0.15,50.0,0.56,0.3385580856239166,0.37744163702907485
10,0.15,50.0,0.58,0.348764159681462,0.37744163702907485
10,0.15,50.0,0.6,0.347912402499667,0.37744163702907485
10,0.15,50.0,0.62,0.3364209164278683,0.37744163702907485
10,0.15,50.0,0.64,0.3442565918402965,0.37744163702907485
10,0.15,50.0,0.66,0.3528856826861013,0.37744163702907485
10,0.15,50.0,0.68,0.3541351360504809,0.37744163702907485
10,0.15,50.0,0.7000000000000001,0.3493235805407097,0.37744163702907485
10,0.15,50.0,0.72,0.3466288768009719,0.37744163702907485
10,0.15,50.0,0.74,0.3461712020817538,0.37744163702907485
10,0.15,100.0,0.0,0.4295575989603334,0.41183497611122055
10,0.15,100.0,0.02,0.397786612551307,0.41183497611122055
10,0.15,100.0,0.04,0.3660109649942064,0.41183497611122055
10,0.15,100.0,0.06,0.3592043741090243,0.41183497611122055
10,0.15,100.0,0.08,0.3664238483977439,0.41183497611122055
10,0.15,100.0,0.1,0.365654122143736,0.41183497611122055
10,0.15,100.0,0.12,0.3608375056671813,0.41183497611122055
10,0.15,100.0,0.14,0.3570113653811331,0.41183497611122055
10,0.15,100.0,0.16,0.3604868336773348,0.41183497611122055
10,0.15,100.0,0.18,0.3800242413601702,0.41183497611122055
10,0.15,100.0,0.2,0.3925460805986837,0.41183497611122055
10,0.15,100.0,0.22,0.4089331195176663,0.41183497611122055
10,0.15,100.0,0.24,0.4157117571227521,0.41183497611122055
10,0.15,100.0,0.26,0.4216602871925767,0.41183497611122055
10,0.15,100.0,0.28,0.4127732416233743,0.41183497611122055
10,0.15,100.0,0.3,0.3964575098627267,0.41183497611122055
10,0.15,100.0,0.32,0.3905134418916383,0.41183497611122055
10,0.15,100.0,0.34,0.3890070920286761,0.41183497611122055
10,0.15,100.0,0.36,0.3865510623719257,0.41183497611122055
10,0.15,100.0,0.38,0.3842605023395984,0.41183497611122055
10,0.15,100.0,0.4,0.3833943116730964,0.41183497611122055
10,0.15,100.0,0.42,0.3833011484831893,0.41183497611122055
10,0.15,100.0,0.44,0.3832464861619187,0.41183497611122055
10,0.15,100.0,0.46,0.3832449653512011,0.41183497611122055
10,0.15,100.0,0.48,0.3832018393358114,0.41183497611122055
10,0.15,100.0,0.5,0.3832368238539574,0.41183497611122055
10,0.15,100.0,0.52,0.3832206749871504,0.41183497611122055
10,0.15,100.0,0.54,0.3829773849529561,0.41183497611122055
10,0.15,100.0,0.56,0.3828947074052407,0.41183497611122055
10,0.15,100.0,0.58,0.3829692063709138,0.41183497611122055
10,0.15,100.0,0.6,0.3829534912184696,0.41183497611122055
10,0.15,100.0,0.62,0.3827870066490954,0.41183497611122055
10,0.15,100.0,0.64,0.3829527482406444,0.41183497611122055
10,0.15,100.0,0.66,0.3831175023744432,0.41183497611122055
10,0.15,100.0,0.68,0.3833233067172033,0.41183497611122055
10,0.15,100.0,0.7000000000000001,0.3833281247867459,0.41183497611122055
10,0.15,100.0,0.72,0.3834025843660961,0.41183497611122055
10,0.15,100.0,0.74,0.3834801332991663,0.41183497611122055
11,0.15,0.0,0.0,0.4122736249090302,0.3268796976799442
11,0.15,0.0,0.02,0.3598500715110825,0.3268796976799442
11,0.15,0.0,0.04,0.3556504000041968,0.3268796976799442
11,0.15,0.0,0.06,0.3479957619939121,0.3268796976799442
11,0.15,0.0,0.08,0.3358170384156688,0.3268796976799442
11,0.15,0.0,0.1,0.3232664099187213,0.3268796976799442
11,0.15,0.0,0.12,0.3153838487195829,0.3268796976799442
11,0.15,0.0,0.14,0.3116122253605836,0.3268796976799442
11,0.15,0.0,0.16,0.3076957761876419,0.3268796976799442
11,0.15,0.0,0.18,0.3088493885202165,0.3268796976799442
11,0.15,0.0,0.2,0.3156639961932802,0.3268796976799442
11,0.15,0.0,0.22,0.3169793233717991,0.3268796976799442
11,0.15,0.0,0.24,0.3256635333018896,0.3268796976799442
11,0.15,0.0,0.26,0.3287409383870365,0.3268796976799442
11,0.15,0.0,0.28,0.3222736630063307,0.3268796976799442
11,0.15,0.0,0.3,0.3208724401285788,0.3268796976799442
11,0.15,0.0,0.32,0.3145347685748998,0.3268796976799442
11,0.15,0.0,0.34,0.3097559040591091,0.3268796976799442
11,0.15,0.0,0.36,0.3028083292475344,0.3268796976799442
11,0.15,0.0,0.38,0.2960039927812988,0.3268796976799442
11,0.15,0.0,0.4,0.3016942483100706,0.3268796976799442
11,0.15,0.0,0.42,0.2973007176436054,0.3268796976799442
11,0.15,0.0,0.44,0.3000494655220605,0.3268796976799442
11,0.15,0.0,0.46,0.3035268941178057,0.3268796976799442
11,0.15,0.0,0.48,0.3086980964524299,0.3268796976799442
11,0.15,0.0,0.5,0.3079508507300944,0.3268796976799442
11,0.15,0.0,0.52,0.3029138461085349,0.3268796976799442
11,0.15,0.0,0.54,0.314877202371062,0.3268796976799442
11,0.15,0.0,0.56,0.3171473090926572,0.3268796976799442
11,0.15,0.0,0.58,0.3161449040592303,0.3268796976799442
11,0.15,0.0,0.6,0.3128394553678134,0.3268796976799442
11,0.15,0.0,0.62,0.3121069633822696,0.3268796976799442
11,0.15,0.0,0.64,0.3093583745457023,0.3268796976799442
11,0.15,0.0,0.66,0.308176892634823,0.3268796976799442
11,0.15,0.0,0.68,0.3070203546789029,0.3268796976799442
11,0.15,0.0,0.7000000000000001,0.309698600627205,0.3268796976799442
11,0.15,0.0,0.72,0.3106517587962319,0.3268796976799442
11,0.15,0.0,0.74,0.3141473385993079,0.3268796976799442
11,0.15,5.0,0.0,0.4106910055122683,0.3308424438985683
11,0.15,5.0,0.02,0.395810744278534,0.3308424438985683
11,0.15,5.0,0.04,0.3779846068217037,0.3308424438985683
11,0.15,5.0,0.06,0.3766366309528725,0.3308424438985683
11,0.15,5.0,0.08,0.3704603358925872,0.3308424438985683
11,0.15,5.0,0.1,0.3645892881440095,0.3308424438985683
11,0.15,5.0,0.12,0.3543149665252423,0.3308424438985683
11,0.15,5.0,0.14,0.3479344066754926,0.3308424438985683
11,0.15,5.0,0.16,0.3336120215748573,0.3308424438985683
11,0.15,5.0,0.18,0.3231302248251603,0.3308424438985683
11,0.15,5.0,0.2,0.3192106433691998,0.3308424438985683
11,0.15,5.0,0.22,0.3219183825234427,0.3308424438985683
11,0.15,5.0,0.24,0.3162554387542766,0.3308424438985683
11,0.15,5.0,0.26,0.3186573916602707,0.3308424438985683
11,0.15,5.0,0.28,0.3195994851640714,0.3308424438985683
11,0.15,5.0,0.3,0.3304361552121216,0.3308424438985683
11,0.15,5.0,0.32,0.3265146426957553,0.3308424438985683
11,0.15,5.0,0.34,0.3258136307720647,0.3308424438985683
11,0.15,5.0,0.36,0.3216852701600254,0.3308424438985683
11,0.15,5.0,0.38,0.3169517159263424,0.3308424438985683
11,0.15,5.0,0.4,0.3149601236273898,0.3308424438985683
11,0.15,5.0,0.42,0.3068431045349697,0.3308424438985683
11,0.15,5.0,0.44,0.3034288111032061,0.3308424438985683
11,0.15,5.0,0.46,0.3059729436663883,0.3308424438985683
11,0.15,5.0,0.48,0.3052352819185769,0.3308424438985683
11,0.15,5.0,0.5,0.3104461990460944,0.3308424438985683
11,0.15,5.0,0.52,0.3035076541617279,0.3308424438985683
11,0.15,5.0,0.54,0.3087511042692203,0.3308424438985683
11,0.15,5.0,0.56,0.3066617210767015,0.3308424438985683
11,0.15,5.0,0.58,0.3047794544842684,0.3308424438985683
11,0.15,5.0,0.6,0.3050101892288239,0.3308424438985683
11,0.15,5.0,0.62,0.297139444421258,0.3308424438985683
11,0.15,5.0,0.64,0.2960234567701701,0.3308424438985683
11,0.15,5.0,0.66,0.2940353746612731,0.3308424438985683
11,0.15,5.0,0.68,0.2919049351781542,0.3308424438985683
11,0.15,5.0,0.7000000000000001,0.2895739044253037,0.3308424438985683
11,0.15,5.0,0.72,0.2866213575424147,0.3308424438985683
11,0.15,5.0,0.74,0.2922301862025374,0.3308424438985683
11,0.15,10.0,0.0,0.3850947009443151,0.3382188297866617
11,0.15,10.0,0.02,0.3518429135560155,0.3382188297866617
11,0.15,10.0,0.04,0.3630649753246694,0.3382188297866617
11,0.15,10.0,0.06,0.361991699328887,0.3382188297866617
11,0.15,10.0,0.08,0.3597197274419873,0.3382188297866617
11,0.15,10.0,0.1,0.3632468883364518,0.3382188297866617
11,0.15,10.0,0.12,0.3658130715517836,0.3382188297866617
11,0.15,10.0,0.14,0.3557785446490439,0.3382188297866617
11,0.15,10.0,0.16,0.3502473495671359,0.3382188297866617
11,0.15,10.0,0.18,0.3403346849282762,0.3382188297866617
11,0.15,10.0,0.2,0.3318165996739191,0.3382188297866617
11,0.15,10.0,0.22,0.3088995827638011,0.3382188297866617
11,0.15,10.0,0.24,0.3102878292052318,0.3382188297866617
11,0.15,10.0,0.26,0.3083478601708735,0.3382188297866617
11,0.15,10.0,0.28,0.298273505142515,0.3382188297866617
11,0.15,10.0,0.3,0.2921120939885014,0.3382188297866617
11,0.15,10.0,0.32,0.293349194197396,0.3382188297866617
11,0.15,10.0,0.34,0.289434612616022,0.3382188297866617
11,0.15,10.0,0.36,0.3015648624447231,0.3382188297866617
11,0.15,10.0,0.38,0.3117374493993907,0.3382188297866617
11,0.15,10.0,0.4,0.3137471199609137,0.3382188297866617
11,0.15,10.0,0.42,0.3104472863034049,0.3382188297866617
11,0.15,10.0,0.44,0.3035331469872974,0.3382188297866617
11,0.15,10.0,0.46,0.3011431554332014,0.3382188297866617
11,0.15,10.0,0.48,0.3018804849674067,0.3382188297866617
11,0.15,10.0,0.5,0.295335037136697,0.3382188297866617
11,0.15,10.0,0.52,0.2969204435340527,0.3382188297866617
11,0.15,10.0,0.54,0.3036190826228853,0.3382188297866617
11,0.15,10.0,0.56,0.3023463904242792,0.3382188297866617
11,0.15,10.0,0.58,0.299339331395247,0.3382188297866617
11,0.15,10.0,0.6,0.2969306880754017,0.3382188297866617
11,0.15,10.0,0.62,0.2982787580592325,0.3382188297866617
11,0.15,10.0,0.64,0.3049476294327854,0.3382188297866617
11,0.15,10.0,0.66,0.3145234417695854,0.3382188297866617
11,0.15,10.0,0.68,0.3051852850681541,0.3382188297866617
11,0.15,10.0,0.7000000000000001,0.2978885383307175,0.3382188297866617
11,0.15,10.0,0.72,0.2977297810186301,0.3382188297866617
11,0.15,10.0,0.74,0.2983791480536981,0.3382188297866617
11,0.15,15.0,0.0,0.3821924947519072,0.3540390227106219
11,0.15,15.0,0.02,0.3831395592796819,0.3540390227106219
11,0.15,15.0,0.04,0.4146489836882522,0.3540390227106219
11,0.15,15.0,0.06,0.4172259363872155,0.3540390227106219
11,0.15,15.0,0.08,0.397222531828199,0.3540390227106219
11,0.15,15.0,0.1,0.3887819758864628,0.3540390227106219
11,0.15,15.0,0.12,0.3790768530895954,0.3540390227106219
11,0.15,15.0,0.14,0.3701596267862279,0.3540390227106219
11,0.15,15.0,0.16,0.3715454890114888,0.3540390227106219
11,0.15,15.0,0.18,0.3753440340903967,0.3540390227106219
11,0.15,15.0,0.2,0.3658236477844732,0.3540390227106219
11,0.15,15.0,0.22,0.3507579334535096,0.3540390227106219
11,0.15,15.0,0.24,0.3375402138270388,0.3540390227106219
11,0.15,15.0,0.26,0.3343162958161254,0.3540390227106219
11,0.15,15.0,0.28,0.3395964116725013,0.3540390227106219
11,0.15,15.0,0.3,0.3310018717953936,0.3540390227106219
11,0.15,15.0,0.32,0.3256480428501164,0.3540390227106219
11,0.15,15.0,0.34,0.3203755901262993,0.3540390227106219
11,0.15,15.0,0.36,0.3183072152559126,0.3540390227106219
11,0.15,15.0,0.38,0.313758562838522,0.3540390227106219
11,0.15,15.0,0.4,0.3093332009225259,0.3540390227106219
11,0.15,15.0,0.42,0.3087450360837857,0.3540390227106219
11,0.15,15.0,0.44,0.3112636548501286,0.3540390227106219
11,0.15,15.0,0.46,0.3124747293637601,0.3540390227106219
11,0.15,15.0,0.48,0.3040575749908727,0.3540390227106219
11,0.15,15.0,0.5,0.3009691713234649,0.3540390227106219
11,0.15,15.0,0.52,0.2925786978706287,0.3540390227106219
11,0.15,15.0,0.54,0.2962004145490682,0.3540390227106219
11,0.15,15.0,0.56,0.3006915201523022,0.3540390227106219
11,0.15,15.0,0.58,0.2991141044403008,0.3540390227106219
11,0.15,15.0,0.6,0.297825886957237,0.3540390227106219
11,0.15,15.0,0.62,0.2987920913291175,0.3540390227106219
11,0.15,15.0,0.64,0.3091331617264081,0.3540390227106219
11,0.15,15.0,0.66,0.3151648033400661,0.3540390227106219
11,0.15,15.0,0.68,0.3104282492352903,0.3540390227106219
11,0.15,15.0,0.7000000000000001,0.3109140123432757,0.3540390227106219
11,0.15,15.0,0.72,0.3106676425489249,0.3540390227106219
11,0.15,15.0,0.74,0.3060764353566698,0.3540390227106219
11,0.15,20.0,0.0,0.4313134373622276,0.35887486418872283
11,0.15,20.0,0.02,0.3949420686480798,0.35887486418872283
11,0.15,20.0,0.04,0.3900696075852775,0.35887486418872283
11,0.15,20.0,0.06,0.3803372735310243,0.35887486418872283
11,0.15,20.0,0.08,0.3892302289025455,0.35887486418872283
11,0.15,20.0,0.1,0.3950029120348834,0.35887486418872283
11,0.15,20.0,0.12,0.3867594302737981,0.35887486418872283
11,0.15,20.0,0.14,0.3870817112189329,0.35887486418872283
11,0.15,20.0,0.16,0.3851963709821089,0.35887486418872283
11,0.15,20.0,0.18,0.3789478572844473,0.35887486418872283
11,0.15,20.0,0.2,0.3899160573215005,0.35887486418872283
11,0.15,20.0,0.22,0.3903474268856322,0.35887486418872283
11,0.15,20.0,0.24,0.3909376052312704,0.35887486418872283
11,0.15,20.0,0.26,0.3932402290219949,0.35887486418872283
11,0.15,20.0,0.28,0.3952034744303603,0.35887486418872283
11,0.15,20.0,0.3,0.3935919052480378,0.35887486418872283
11,0.15,20.0,0.32,0.3845486687630348,0.35887486418872283
11,0.15,20.0,0.34,0.378136817749962,0.35887486418872283
11,0.15,20.0,0.36,0.3786636523706021,0.35887486418872283
11,0.15,20.0,0.38,0.3876657554919223,0.35887486418872283
11,0.15,20.0,0.4,0.3963762978926093,0.35887486418872283
11,0.15,20.0,0.42,0.4073242506432024,0.35887486418872283
11,0.15,20.0,0.44,0.4219101290114719,0.35887486418872283
11,0.15,20.0,0.46,0.4281117377191889,0.35887486418872283
11,0.15,20.0,0.48,0.432231343002657,0.35887486418872283
11,0.15,20.0,0.5,0.4321505809375103,0.35887486418872283
11,0.15,20.0,0.52,0.4362138864599995,0.35887486418872283
11,0.15,20.0,0.54,0.4352516531983927,0.35887486418872283
11,0.15,20.0,0.56,0.426163883909234,0.35887486418872283
11,0.15,20.0,0.58,0.4162088026034474,0.35887486418872283
11,0.15,20.0,0.6,0.415526628480982,0.35887486418872283
11,0.15,20.0,0.62,0.4133057690532349,0.35887486418872283
11,0.15,20.0,0.64,0.411359852172847,0.35887486418872283
11,0.15,20.0,0.66,0.4060778685565956,0.35887486418872283
11,0.15,20.0,0.68,0.4064180670199782,0.35887486418872283
11,0.15,20.0,0.7000000000000001,0.3969425154578406,0.35887486418872283
11,0.15,20.0,0.72,0.3960345156159355,0.35887486418872283
11,0.15,20.0,0.74,0.4066274731573023,0.35887486418872283
11,0.15,25.0,0.0,0.388298574391574,0.36814527780457973
11,0.15,25.0,0.02,0.4093125209330552,0.36814527780457973
11,0.15,25.0,0.04,0.4051955751764249,0.36814527780457973
11,0.15,25.0,0.06,0.4016541631093904,0.36814527780457973
11,0.15,25.0,0.08,0.3910283455337614,0.36814527780457973
11,0.15,25.0,0.1,0.3855657205793961,0.36814527780457973
11,0.15,25.0,0.12,0.388164832578089,0.36814527780457973
11,0.15,25.0,0.14,0.3972698029610271,0.36814527780457973
11,0.15,25.0,0.16,0.3917665462662109,0.36814527780457973
11,0.15,25.0,0.18,0.3824237557244147,0.36814527780457973
11,0.15,25.0,0.2,0.3862769038046372,0.36814527780457973
11,0.15,25.0,0.22,0.3878282465923045,0.36814527780457973
11,0.15,25.0,0.24,0.3869013947633701,0.36814527780457973
11,0.15,25.0,0.26,0.3868279435418237,0.36814527780457973
11,0.15,25.0,0.28,0.3755096266670161,0.36814527780457973
11,0.15,25.0,0.3,0.3776605825320398,0.36814527780457973
11,0.15,25.0,0.32,0.3653424383691923,0.36814527780457973
11,0.15,25.0,0.34,0.3540124216384734,0.36814527780457973
11,0.15,25.0,0.36,0.3666019566968864,0.36814527780457973
11,0.15,25.0,0.38,0.3678142871982205,0.36814527780457973
11,0.15,25.0,0.4,0.367028297006686,0.36814527780457973
11,0.15,25.0,0.42,0.3638873879621646,0.36814527780457973
11,0.15,25.0,0.44,0.3662861669902247,0.36814527780457973
11,0.15,25.0,0.46,0.3732568092874129,0.36814527780457973
11,0.15,25.0,0.48,0.3781168159417234,0.36814527780457973
11,0.15,25.0,0.5,0.3688932631527686,0.36814527780457973
11,0.15,25.0,0.52,0.3606481914793724,0.36814527780457973
11,0.15,25.0,0.54,0.3512433115153418,0.36814527780457973
11,0.15,25.0,0.56,0.3371907796933315,0.36814527780457973
11,0.15,25.0,0.58,0.351882517687529,0.36814527780457973
11,0.15,25.0,0.6,0.3600022361351943,0.36814527780457973
11,0.15,25.0,0.62,0.3481509122969277,0.36814527780457973
11,0.15,25.0,0.64,0.3432452868313664,0.36814527780457973
11,0.15,25.0,0.66,0.3539672367642761,0.36814527780457973
11,0.15,25.0,0.68,0.3528912426152367,0.36814527780457973
11,0.15,25.0,0.7000000000000001,0.3456883510461319,0.36814527780457973
11,0.15,25.0,0.72,0.3398452941084739,0.36814527780457973
11,0.15,25.0,0.74,0.3320214579900085,0.36814527780457973
11,0.15,30.0,0.0,0.4271826772663512,0.3770878598582045
11,0.15,30.0,0.02,0.3939231998447978,0.3770878598582045
11,0.15,30.0,0.04,0.3895185764949632,0.3770878598582045
11,0.15,30.0,0.06,0.3867201752679271,0.3770878598582045
11,0.15,30.0,0.08,0.3872121898909738,0.3770878598582045
11,0.15,30.0,0.1,0.3793319621712744,0.3770878598582045
11,0.15,30.0,0.12,0.3768610021181183,0.3770878598582045
11,0.15,30.0,0.14,0.365520270176984,0.3770878598582045
11,0.15,30.0,0.16,0.3631972578881838,0.3770878598582045
11,0.15,30.0,0.18,0.3563496174060704,0.3770878598582045
11,0.15,30.0,0.2,0.3417634152189242,0.3770878598582045
11,0.15,30.0,0.22,0.3305325682860779,0.3770878598582045
11,0.15,30.0,0.24,0.3252695017750935,0.3770878598582045
11,0.15,30.0,0.26,0.3377646358947495,0.3770878598582045
11,0.15,30.0,0.28,0.3529327710247723,0.3770878598582045
11,0.15,30.0,0.3,0.345365083534292,0.3770878598582045
11,0.15,30.0,0.32,0.3339001913103968,0.3770878598582045
11,0.15,30.0,0.34,0.3327164384997866,0.3770878598582045
11,0.15,30.0,0.36,0.3291874971817184,0.3770878598582045
11,0.15,30.0,0.38,0.3214389797809392,0.3770878598582045
11,0.15,30.0,0.4,0.315727725429716,0.3770878598582045
11,0.15,30.0,0.42,0.3119603658479988,0.3770878598582045
11,0.15,30.0,0.44,0.3350732630025155,0.3770878598582045
11,0.15,30.0,0.46,0.3564225705029638,0.3770878598582045
11,0.15,30.0,0.48,0.352655097258688,0.3770878598582045
11,0.15,30.0,0.5,0.3465856746097507,0.3770878598582045
11,0.15,30.0,0.52,0.3494947963568341,0.3770878598582045
11,0.15,30.0,0.54,0.3391913262852924,0.3770878598582045
11,0.15,30.0,0.56,0.3371952788148233,0.3770878598582045
11,0.15,30.0,0.58,0.3356403438452747,0.3770878598582045
11,0.15,30.0,0.6,0.3328691241088821,0.3770878598582045
11,0.15,30.0,0.62,0.3281580437409532,0.3770878598582045
11,0.15,30.0,0.64,0.3289228142989644,0.3770878598582045
11,0.15,30.0,0.66,0.329360762916398,0.3770878598582045
11,0.15,30.0,0.68,0.3322385786590183,0.3770878598582045
11,0.15,30.0,0.7000000000000001,0.3237974950125126,0.3770878598582045
11,0.15,30.0,0.72,0.3196450743291383,0.3770878598582045
11,0.15,30.0,0.74,0.3318500110566988,0.3770878598582045
11,0.15,40.0,0.0,0.4174826811405121,0.3803725541318274
11,0.15,40.0,0.02,0.3749209636121458,0.3803725541318274
11,0.15,40.0,0.04,0.3442425517855688,0.3803725541318274
11,0.15,40.0,0.06,0.3612081898049821,0.3803725541318274
11,0.15,40.0,0.08,0.3919619270267746,0.3803725541318274
11,0.15,40.0,0.1,0.4284430264146974,0.3803725541318274
11,0.15,40.0,0.12,0.4305291242125428,0.3803725541318274
11,0.15,40.0,0.14,0.4158900733115541,0.3803725541318274
11,0.15,40.0,0.16,0.4094295933745001,0.3803725541318274
11,0.15,40.0,0.18,0.3945687393141337,0.3803725541318274
11,0.15,40.0,0.2,0.3842189150246398,0.3803725541318274
11,0.15,40.0,0.22,0.37959274082481,0.3803725541318274
11,0.15,40.0,0.24,0.380099642049411,0.3803725541318274
11,0.15,40.0,0.26,0.3801407492574396,0.3803725541318274
11,0.15,40.0,0.28,0.3870424495766959,0.3803725541318274
11,0.15,40.0,0.3,0.3858357425612744,0.3803725541318274
11,0.15,40.0,0.32,0.3905507667440391,0.3803725541318274
11,0.15,40.0,0.34,0.4033036603761889,0.3803725541318274
11,0.15,40.0,0.36,0.3925514675556222,0.3803725541318274
11,0.15,40.0,0.38,0.3799901442622869,0.3803725541318274
11,0.15,40.0,0.4,0.3667284943409957,0.3803725541318274
11,0.15,40.0,0.42,0.3570639763258441,0.3803725541318274
11,0.15,40.0,0.44,0.354844908242825,0.3803725541318274
11,0.15,40.0,0.46,0.3714469651883168,0.3803725541318274
11,0.15,40.0,0.48,0.3854812394214109,0.3803725541318274
11,0.15,40.0,0.5,0.3816174719421376,0.3803725541318274
11,0.15,40.0,0.52,0.3712974860787819,0.3803725541318274
11,0.15,40.0,0.54,0.3651057181716829,0.3803725541318274
11,0.15,40.0,0.56,0.36490934056718,0.3803725541318274
11,0.15,40.0,0.58,0.3685069404184322,0.3803725541318274
11,0.15,40.0,0.6,0.3719974941777485,0.3803725541318274
11,0.15,40.0,0.62,0.3696606964890037,0.3803725541318274
11,0.15,40.0,0.64,0.3723454683924113,0.3803725541318274
11,0.15,40.0,0.66,0.3775141554689052,0.3803725541318274
11,0.15,40.0,0.68,0.3762251860651078,0.3803725541318274
11,0.15,40.0,0.7000000000000001,0.3687399409671256,0.3803725541318274
11,0.15,40.0,0.72,0.3627904148389228,0.3803725541318274
11,0.15,40.0,0.74,0.3606052044401155,0.3803725541318274
11,0.15,50.0,0.0,0.4334160048184501,0.37744163702907485
11,0.15,50.0,0.02,0.3975256829837486,0.37744163702907485
11,0.15,50.0,0.04,0.3900848703546913,0.37744163702907485
11,0.15,50.0,0.06,0.4049698421214691,0.37744163702907485
11,0.15,50.0,0.08,0.4052441068020416,0.37744163702907485
11,0.15,50.0,0.1,0.4156556894819549,0.37744163702907485
11,0.15,50.0,0.12,0.4116898938365798,0.37744163702907485
11,0.15,50.0,0.14,0.4082239426206411,0.37744163702907485
11,0.15,50.0,0.16,0.3864559331564871,0.37744163702907485
11,0.15,50.0,0.18,0.3694379736781761,0.37744163702907485
11,0.15,50.0,0.2,0.3741918407164871,0.37744163702907485
11,0.15,50.0,0.22,0.3687301873436669,0.37744163702907485
11,0.15,50.0,0.24,0.3560257610932705,0.37744163702907485
11,0.15,50.0,0.26,0.3691761075631375,0.37744163702907485
11,0.15,50.0,0.28,0.3897542872300844,0.37744163702907485
11,0.15,50.0,0.3,0.3864469144471583,0.37744163702907485
11,0.15,50.0,0.32,0.3796175529772699,0.37744163702907485
11,0.15,50.0,0.34,0.3718704480892211,0.37744163702907485
11,0.15,50.0,0.36,0.3682201108673798,0.37744163702907485
11,0.15,50.0,0.38,0.3672638136932969,0.37744163702907485
11,0.15,50.0,0.4,0.3720516056719842,0.37744163702907485
11,0.15,50.0,0.42,0.3746163880453482,0.37744163702907485
11,0.15,50.0,0.44,0.3679519221497996,0.37744163702907485
11,0.15,50.0,0.46,0.3701744299301033,0.37744163702907485
11,0.15,50.0,0.48,0.3770147746981473,0.37744163702907485
11,0.15,50.0,0.5,0.3650157812776207,0.37744163702907485
11,0.15,50.0,0.52,0.3588624516277814,0.37744163702907485
11,0.15,50.0,0.54,0.3523326115711409,0.37744163702907485
11,0.15,50.0,0.56,0.3618950199078578,0.37744163702907485
11,0.15,50.0,0.58,0.3521975783576221,0.37744163702907485
11,0.15,50.0,0.6,0.3567438429847682,0.37744163702907485
11,0.15,50.0,0.62,0.3706569210639003,0.37744163702907485
11,0.15,50.0,0.64,0.3633366598946924,0.37744163702907485
11,0.15,50.0,0.66,0.3574887894095889,0.37744163702907485
11,0.15,50.0,0.68,0.3541949155564735,0.37744163702907485
11,0.15,50.0,0.7000000000000001,0.3623578297117,0.37744163702907485
11,0.15,50.0,0.72,0.3604673574545383,0.37744163702907485
11,0.15,50.0,0.74,0.3637645158826163,0.37744163702907485
11,0.15,100.0,0.0,0.38220277393362,0.41183497611122055
11,0.15,100.0,0.02,0.3678015714943883,0.41183497611122055
11,0.15,100.0,0.04,0.4014669042374401,0.41183497611122055
11,0.15,100.0,0.06,0.4253226297838631,0.41183497611122055
11,0.15,100.0,0.08,0.4390828666337744,0.41183497611122055
11,0.15,100.0,0.1,0.4383904386699359,0.41183497611122055
11,0.15,100.0,0.12,0.4463942252944773,0.41183497611122055
11,0.15,100.0,0.14,0.4509140104946457,0.41183497611122055
11,0.15,100.0,0.16,0.4485206379065351,0.41183497611122055
11,0.15,100.0,0.18,0.4547660458252613,0.41183497611122055
11,0.15,100.0,0.2,0.4606539820629015,0.41183497611122055
11,0.15,100.0,0.22,0.4612744785529807,0.41183497611122055
11,0.15,100.0,0.24,0.4531578486518642,0.41183497611122055
11,0.15,100.0,0.26,0.4445934789452703,0.41183497611122055
11,0.15,100.0,0.28,0.445189580046156,0.41183497611122055
11,0.15,100.0,0.3,0.4474654727873122,0.41183497611122055
11,0.15,100.0,0.32,0.4376133740290293,0.41183497611122055
11,0.15,100.0,0.34,0.4376347504524868,0.41183497611122055
11,0.15,100.0,0.36,0.4391773895526685,0.41183497611122055
11,0.15,100.0,0.38,0.4394292940185257,0.41183497611122055
11,0.15,100.0,0.4,0.4394276502898044,0.41183497611122055
11,0.15,100.0,0.42,0.4394648572640111,0.41183497611122055
11,0.15,100.0,0.44,0.4395110711981859,0.41183497611122055
11,0.15,100.0,0.46,0.439487307108351,0.41183497611122055
11,0.15,100.0,0.48,0.4395541296309366,0.41183497611122055
11,0.15,100.0,0.5,0.440429208110746,0.41183497611122055
11,0.15,100.0,0.52,0.4430065212110833,0.41183497611122055
11,0.15,100.0,0.54,0.4392539733857798,0.41183497611122055
11,0.15,100.0,0.56,0.4369130371688288,0.41183497611122055
11,0.15,100.0,0.58,0.4353101742997193,0.41183497611122055
11,0.15,100.0,0.6,0.4408611723162464,0.41183497611122055
11,0.15,100.0,0.62,0.4304069591883189,0.41183497611122055
11,0.15,100.0,0.64,0.4248636627786101,0.41183497611122055
11,0.15,100.0,0.66,0.4235747442746096,0.41183497611122055
11,0.15,100.0,0.68,0.4255779529089418,0.41183497611122055
11,0.15,100.0,0.7000000000000001,0.4266074379135763,0.41183497611122055
11,0.15,100.0,0.72,0.4265994524133105,0.41183497611122055
11,0.15,100.0,0.74,0.4265271503457939,0.41183497611122055
12,0.15,0.0,0.0,0.4013055699119375,0.3268796976799442
12,0.15,0.0,0.02,0.3847135214947152,0.3268796976799442
12,0.15,0.0,0.04,0.3584307775197614,0.3268796976799442
12,0.15,0.0,0.06,0.3439789075330005,0.3268796976799442
12,0.15,0.0,0.08,0.3369373822686795,0.3268796976799442
12,0.15,0.0,0.1,0.3416731772870146,0.3268796976799442
12,0.15,0.0,0.12,0.3394989767187146,0.3268796976799442
12,0.15,0.0,0.14,0.3323730015799385,0.3268796976799442
12,0.15,0.0,0.16,0.3275325356746817,0.3268796976799442
12,0.15,0.0,0.18,0.3224784396413141,0.3268796976799442
12,0.15,0.0,0.2,0.3185378832355309,0.3268796976799442
12,0.15,0.0,0.22,0.319297494563376,0.3268796976799442
12,0.15,0.0,0.24,0.3195484161430884,0.3268796976799442
12,0.15,0.0,0.26,0.3257429862203134,0.3268796976799442
12,0.15,0.0,0.28,0.3186433808842924,0.3268796976799442
12,0.15,0.0,0.3,0.3129273810503808,0.3268796976799442
12,0.15,0.0,0.32,0.3133431040350777,0.3268796976799442
12,0.15,0.0,0.34,0.3165713621599537,0.3268796976799442
12,0.15,0.0,0.36,0.3167471802639081,0.3268796976799442
12,0.15,0.0,0.38,0.3191546698184068,0.3268796976799442
12,0.15,0.0,0.4,0.3173576717230369,0.3268796976799442
12,0.15,0.0,0.42,0.3206366586730328,0.3268796976799442
12,0.15,0.0,0.44,0.327365358732574,0.3268796976799442
12,0.15,0.0,0.46,0.3277946636793656,0.3268796976799442
12,0.15,0.0,0.48,0.324711208970355,0.3268796976799442
12,0.15,0.0,0.5,0.3243261498949448,0.3268796976799442
12,0.15,0.0,0.52,0.3244903735034404,0.3268796976799442
12,0.15,0.0,0.54,0.3254712421406796,0.3268796976799442
12,0.15,0.0,0.56,0.3261223328209057,0.3268796976799442
12,0.15,0.0,0.58,0.3262107032814778,0.3268796976799442
12,0.15,0.0,0.6,0.3237407916475975,0.3268796976799442
12,0.15,0.0,0.62,0.3220772955832122,0.3268796976799442
12,0.15,0.0,0.64,0.3223732080160208,0.3268796976799442
12,0.15,0.0,0.66,0.3232720966051595,0.3268796976799442
12,0.15,0.0,0.68,0.3272016703184659,0.3268796976799442
12,0.15,0.0,0.7000000000000001,0.3230733525685201,0.3268796976799442
12,0.15,0.0,0.72,0.3210400654251652,0.3268796976799442
12,0.15,0.0,0.74,0.3190513547949511,0.3268796976799442
12,0.15,5.0,0.0,0.4240021490990626,0.3308424438985683
12,0.15,5.0,0.02,0.4215127636235776,0.3308424438985683
12,0.15,5.0,0.04,0.4110419579978042,0.3308424438985683
12,0.15,5.0,0.06,0.39048329332499,0.3308424438985683
12,0.15,5.0,0.08,0.393006782020654,0.3308424438985683
12,0.15,5.0,0.1,0.3881415944847135,0.3308424438985683
12,0.15,5.0,0.12,0.3831482772382114,0.3308424438985683
12,0.15,5.0,0.14,0.3833865109467805,0.3308424438985683
12,0.15,5.0,0.16,0.3786760125001774,0.3308424438985683
12,0.15,5.0,0.18,0.3657704596038481,0.3308424438985683
12,0.15,5.0,0.2,0.3625224109841231,0.3308424438985683
12,0.15,5.0,0.22,0.3583249717138658,0.3308424438985683
12,0.15,5.0,0.24,0.3551601865336996,0.3308424438985683
12,0.15,5.0,0.26,0.373920141321255,0.3308424438985683
12,0.15,5.0,0.28,0.3686958133934013,0.3308424438985683
12,0.15,5.0,0.3,0.353358644368915,0.3308424438985683
12,0.15,5.0,0.32,0.3436767175741173,0.3308424438985683
12,0.15,5.0,0.34,0.343662270900828,0.3308424438985683
12,0.15,5.0,0.36,0.3418103575673614,0.3308424438985683
12,0.15,5.0,0.38,0.3322057240762619,0.3308424438985683
12,0.15,5.0,0.4,0.3408021995534765,0.3308424438985683
12,0.15,5.0,0.42,0.3380134532163292,0.3308424438985683
12,0.15,5.0,0.44,0.33045644749641,0.3308424438985683
12,0.15,5.0,0.46,0.329094771906299,0.3308424438985683
12,0.15,5.0,0.48,0.3408973798052114,0.3308424438985683
12,0.15,5.0,0.5,0.3448378871357033,0.3308424438985683
12,0.15,5.0,0.52,0.347998357056768,0.3308424438985683
12,0.15,5.0,0.54,0.3378057260028874,0.3308424438985683
12,0.15,5.0,0.56,0.3274730956500623,0.3308424438985683
12,0.15,5.0,0.58,0.3323582248247398,0.3308424438985683
12,0.15,5.0,0.6,0.329311586818333,0.3308424438985683
12,0.15,5.0,0.62,0.3190206387567755,0.3308424438985683
12,0.15,5.0,0.64,0.3172029398573578,0.3308424438985683
12,0.15,5.0,0.66,0.3176261327718978,0.3308424438985683
12,0.15,5.0,0.68,0.3182375314502723,0.3308424438985683
12,0.15,5.0,0.7000000000000001,0.3147915331417859,0.3308424438985683
12,0.15,5.0,0.72,0.324930791705096,0.3308424438985683
12,0.15,5.0,0.74,0.3158905976396117,0.3308424438985683
12,0.15,10.0,0.0,0.4170191662561998,0.3382188297866617
12,0.15,10.0,0.02,0.4224354283469907,0.3382188297866617
12,0.15,10.0,0.04,0.39414857263039,0.3382188297866617
12,0.15,10.0,0.06,0.3855153746613697,0.3382188297866617
12,0.15,10.0,0.08,0.3658910722945676,0.3382188297866617
12,0.15,10.0,0.1,0.3635921417622322,0.3382188297866617
12,0.15,10.0,0.12,0.3781019353584671,0.3382188297866617
12,0.15,10.0,0.14,0.3705089748357205,0.3382188297866617
12,0.15,10.0,0.16,0.359892010489827,0.3382188297866617
12,0.15,10.0,0.18,0.3499088388463283,0.3382188297866617
12,0.15,10.0,0.2,0.3457089780522301,0.3382188297866617
12,0.15,10.0,0.22,0.3406717902548782,0.3382188297866617
12,0.15,10.0,0.24,0.3437158870263184,0.3382188297866617
12,0.15,10.0,0.26,0.3442250093353291,0.3382188297866617
12,0.15,10.0,0.28,0.3396219105080636,0.3382188297866617
12,0.15,10.0,0.3,0.3290554997662703,0.3382188297866617
12,0.15,10.0,0.32,0.3294793609865191,0.3382188297866617
12,0.15,10.0,0.34,0.3453349538507743,0.3382188297866617
12,0.15,10.0,0.36,0.3473602273355929,0.3382188297866617
12,0.15,10.0,0.38,0.3511914116287546,0.3382188297866617
12,0.15,10.0,0.4,0.3630840822583258,0.3382188297866617
12,0.15,10.0,0.42,0.3834775109104615,0.3382188297866617
12,0.15,10.0,0.44,0.3811948439478202,0.3382188297866617
12,0.15,10.0,0.46,0.3759810817212498,0.3382188297866617
12,0.15,10.0,0.48,0.3744502429025781,0.3382188297866617
12,0.15,10.0,0.5,0.3701906311888569,0.3382188297866617
12,0.15,10.0,0.52,0.3649506201520422,0.3382188297866617
12,0.15,10.0,0.54,0.360292062744643,0.3382188297866617
12,0.15,10.0,0.56,0.3627063940617658,0.3382188297866617
12,0.15,10.0,0.58,0.3628365181453189,0.3382188297866617
12,0.15,10.0,0.6,0.3507147271025457,0.3382188297866617
12,0.15,10.0,0.62,0.352167420220545,0.3382188297866617
12,0.15,10.0,0.64,0.3438555331618494,0.3382188297866617
12,0.15,10.0,0.66,0.3340354658003565,0.3382188297866617
12,0.15,10.0,0.68,0.3296453538145451,0.3382188297866617
12,0.15,10.0,0.7000000000000001,0.3276492255652432,0.3382188297866617
12,0.15,10.0,0.72,0.3223514472508714,0.3382188297866617
12,0.15,10.0,0.74,0.3117366540536046,0.3382188297866617
12,0.15,15.0,0.0,0.3985838116012917,0.3540390227106219
12,0.15,15.0,0.02,0.376161523659392,0.3540390227106219
12,0.15,15.0,0.04,0.3630531702500406,0.3540390227106219
12,0.15,15.0,0.06,0.3433207378138914,0.3540390227106219
12,0.15,15.0,0.08,0.350346959060741,0.3540390227106219
12,0.15,15.0,0.1,0.3552909149375751,0.3540390227106219
12,0.15,15.0,0.12,0.3506715074371835,0.3540390227106219
12,0.15,15.0,0.14,0.3511994304547695,0.3540390227106219
12,0.15,15.0,0.16,0.3513810065638373,0.3540390227106219
12,0.15,15.0,0.18,0.341465773852232,0.3540390227106219
12,0.15,15.0,0.2,0.3329013344252958,0.3540390227106219
12,0.15,15.0,0.22,0.3266273197314669,0.3540390227106219
12,0.15,15.0,0.24,0.3161229952401406,0.3540390227106219
12,0.15,15.0,0.26,0.3134616762508848,0.3540390227106219
12,0.15,15.0,0.28,0.3015929870196486,0.3540390227106219
12,0.15,15.0,0.3,0.2955105260850316,0.3540390227106219
12,0.15,15.0,0.32,0.2925098383511806,0.3540390227106219
12,0.15,15.0,0.34,0.2948725701057563,0.3540390227106219
12,0.15,15.0,0.36,0.3079563549731502,0.3540390227106219
12,0.15,15.0,0.38,0.3159126192534536,0.3540390227106219
12,0.15,15.0,0.4,0.3164678828962808,0.3540390227106219
12,0.15,15.0,0.42,0.3355736429934713,0.3540390227106219
12,0.15,15.0,0.44,0.341988460194583,0.3540390227106219
12,0.15,15.0,0.46,0.3379550193347468,0.3540390227106219
12,0.15,15.0,0.48,0.3354339745578357,0.3540390227106219
12,0.15,15.0,0.5,0.3326769831235956,0.3540390227106219
12,0.15,15.0,0.52,0.3274763375832464,0.3540390227106219
12,0.15,15.0,0.54,0.3192161938756442,0.3540390227106219
12,0.15,15.0,0.56,0.3188286675139489,0.3540390227106219
12,0.15,15.0,0.58,0.3312578698371337,0.3540390227106219
12,0.15,15.0,0.6,0.3507902505468961,0.3540390227106219
12,0.15,15.0,0.62,0.3482376301876219,0.3540390227106219
12,0.15,15.0,0.64,0.3385294661270882,0.3540390227106219
12,0.15,15.0,0.66,0.3299124539135986,0.3540390227106219
12,0.15,15.0,0.68,0.3197372711797163,0.3540390227106219
12,0.15,15.0,0.7000000000000001,0.3178130739194371,0.3540390227106219
12,0.15,15.0,0.72,0.3292718859507427,0.3540390227106219
12,0.15,15.0,0.74,0.3341542743112478,0.3540390227106219
12,0.15,20.0,0.0,0.3890823083231767,0.35887486418872283
12,0.15,20.0,0.02,0.3731866549089842,0.35887486418872283
12,0.15,20.0,0.04,0.373286840988401,0.35887486418872283
12,0.15,20.0,0.06,0.3737656356006841,0.35887486418872283
12,0.15,20.0,0.08,0.3644806348812902,0.35887486418872283
12,0.15,20.0,0.1,0.35473957252327,0.35887486418872283
12,0.15,20.0,0.12,0.3456004219999613,0.35887486418872283
12,0.15,20.0,0.14,0.3419167015243416,0.35887486418872283
12,0.15,20.0,0.16,0.3291918133098248,0.35887486418872283
12,0.15,20.0,0.18,0.3232945351151395,0.35887486418872283
12,0.15,20.0,0.2,0.3144433473010468,0.35887486418872283
12,0.15,20.0,0.22,0.3136342149610697,0.35887486418872283
12,0.15,20.0,0.24,0.3223329702852309,0.35887486418872283
12,0.15,20.0,0.26,0.3353659570532485,0.35887486418872283
12,0.15,20.0,0.28,0.344574325546838,0.35887486418872283
12,0.15,20.0,0.3,0.3534893568288527,0.35887486418872283
12,0.15,20.0,0.32,0.3601131000407543,0.35887486418872283
12,0.15,20.0,0.34,0.3605102190997081,0.35887486418872283
12,0.15,20.0,0.36,0.3583860310354014,0.35887486418872283
12,0.15,20.0,0.38,0.3567574973767698,0.35887486418872283
12,0.15,20.0,0.4,0.3656672466457793,0.35887486418872283
12,0.15,20.0,0.42,0.3702662444638767,0.35887486418872283
12,0.15,20.0,0.44,0.3663907548444751,0.35887486418872283
12,0.15,20.0,0.46,0.3630511836344147,0.35887486418872283
12,0.15,20.0,0.48,0.3626182604921477,0.35887486418872283
12,0.15,20.0,0.5,0.3634504886308216,0.35887486418872283
12,0.15,20.0,0.52,0.3501119325342824,0.35887486418872283
12,0.15,20.0,0.54,0.3399558175801637,0.35887486418872283
12,0.15,20.0,0.56,0.3292965047912688,0.35887486418872283
12,0.15,20.0,0.58,0.3244930451558342,0.35887486418872283
12,0.15,20.0,0.6,0.3162324679805728,0.35887486418872283
12,0.15,20.0,0.62,0.30831439352067,0.35887486418872283
12,0.15,20.0,0.64,0.305771280888513,0.35887486418872283
12,0.15,20.0,0.66,0.2980130863583536,0.35887486418872283
12,0.15,20.0,0.68,0.296054535540545,0.35887486418872283
12,0.15,20.0,0.7000000000000001,0.2982210762745053,0.35887486418872283
12,0.15,20.0,0.72,0.3025516754266187,0.35887486418872283
12,0.15,20.0,0.74,0.3096829040537833,0.35887486418872283
12,0.15,25.0,0.0,0.4051289717796751,0.36814527780457973
12,0.15,25.0,0.02,0.3922528848833053,0.36814527780457973
12,0.15,25.0,0.04,0.4150486439653525,0.36814527780457973
12,0.15,25.0,0.06,0.4250577251499259,0.36814527780457973
12,0.15,25.0,0.08,0.4250104545546471,0.36814527780457973
12,0.15,25.0,0.1,0.4135955207743622,0.36814527780457973
12,0.15,25.0,0.12,0.402283161076727,0.36814527780457973
12,0.15,25.0,0.14,0.3908379612497039,0.36814527780457973
12,0.15,25.0,0.16,0.3913003539742856,0.36814527780457973
12,0.15,25.0,0.18,0.4137608010599737,0.36814527780457973
12,0.15,25.0,0.2,0.4300967811915399,0.36814527780457973
12,0.15,25.0,0.22,0.4427946300137312,0.36814527780457973
12,0.15,25.0,0.24,0.4495187798077561,0.36814527780457973
12,0.15,25.0,0.26,0.4514871528250241,0.36814527780457973
12,0.15,25.0,0.28,0.4520239609172578,0.36814527780457973
12,0.15,25.0,0.3,0.4628068141008065,0.36814527780457973
12,0.15,25.0,0.32,0.448493257165461,0.36814527780457973
12,0.15,25.0,0.34,0.4259651683048907,0.36814527780457973
12,0.15,25.0,0.36,0.4141134866850828,0.36814527780457973
12,0.15,25.0,0.38,0.4015145418662101,0.36814527780457973
12,0.15,25.0,0.4,0.3973478520388653,0.36814527780457973
12,0.15,25.0,0.42,0.3972779266814829,0.36814527780457973
12,0.15,25.0,0.44,0.4046937128092547,0.36814527780457973
12,0.15,25.0,0.46,0.4033528129899484,0.36814527780457973
12,0.15,25.0,0.48,0.401862943145417,0.36814527780457973
12,0.15,25.0,0.5,0.4063237863391808,0.36814527780457973
12,0.15,25.0,0.52,0.4069452340672785,0.36814527780457973
12,0.15,25.0,0.54,0.3968342813541679,0.36814527780457973
12,0.15,25.0,0.56,0.3976344946109018,0.36814527780457973
12,0.15,25.0,0.58,0.3941579444790057,0.36814527780457973
12,0.15,25.0,0.6,0.3998493905207958,0.36814527780457973
12,0.15,25.0,0.62,0.4136715214212341,0.36814527780457973
12,0.15,25.0,0.64,0.447522658521554,0.36814527780457973
12,0.15,25.0,0.66,0.4334307171990045,0.36814527780457973
12,0.15,25.0,0.68,0.4221863865949841,0.36814527780457973
12,0.15,25.0,0.7000000000000001,0.4179986932127151,0.36814527780457973
12,0.15,25.0,0.72,0.409008111323923,0.36814527780457973
12,0.15,25.0,0.74,0.4043093733941249,0.36814527780457973
12,0.15,30.0,0.0,0.3781120320889782,0.3770878598582045
12,0.15,30.0,0.02,0.38108836962775,0.3770878598582045
12,0.15,30.0,0.04,0.3824298678181501,0.3770878598582045
12,0.15,30.0,0.06,0.406367341924214,0.3770878598582045
12,0.15,30.0,0.08,0.4040435590334657,0.3770878598582045
12,0.15,30.0,0.1,0.3841949015541491,0.3770878598582045
12,0.15,30.0,0.12,0.3668770908478772,0.3770878598582045
12,0.15,30.0,0.14,0.3782400288859548,0.3770878598582045
12,0.15,30.0,0.16,0.3830456151740651,0.3770878598582045
12,0.15,30.0,0.18,0.3869966635388853,0.3770878598582045
12,0.15,30.0,0.2,0.3778744086330243,0.3770878598582045
12,0.15,30.0,0.22,0.375290547259935,0.3770878598582045
12,0.15,30.0,0.24,0.3688575528013816,0.3770878598582045
12,0.15,30.0,0.26,0.3568229464688539,0.3770878598582045
12,0.15,30.0,0.28,0.3745749705979636,0.3770878598582045
12,0.15,30.0,0.3,0.4045392645586613,0.3770878598582045
12,0.15,30.0,0.32,0.4169507383944227,0.3770878598582045
12,0.15,30.0,0.34,0.4057676808950143,0.3770878598582045
12,0.15,30.0,0.36,0.385271581085862,0.3770878598582045
12,0.15,30.0,0.38,0.3804755918432889,0.3770878598582045
12,0.15,30.0,0.4,0.3728831480180377,0.3770878598582045
12,0.15,30.0,0.42,0.3642021103483309,0.3770878598582045
12,0.15,30.0,0.44,0.3549378359130858,0.3770878598582045
12,0.15,30.0,0.46,0.3520018194765722,0.3770878598582045
12,0.15,30.0,0.48,0.3514224406312288,0.3770878598582045
12,0.15,30.0,0.5,0.3443553999644261,0.3770878598582045
12,0.15,30.0,0.52,0.3391242001430203,0.3770878598582045
12,0.15,30.0,0.54,0.3564380854451243,0.3770878598582045
12,0.15,30.0,0.56,0.3590538870032485,0.3770878598582045
12,0.15,30.0,0.58,0.3560947359862722,0.3770878598582045
12,0.15,30.0,0.6,0.3587731352552363,0.3770878598582045
12,0.15,30.0,0.62,0.3619159960062652,0.3770878598582045
12,0.15,30.0,0.64,0.3523499410017781,0.3770878598582045
12,0.15,30.0,0.66,0.3389370994856407,0.3770878598582045
12,0.15,30.0,0.68,0.3422096941906378,0.3770878598582045
12,0.15,30.0,0.7000000000000001,0.3361347160235812,0.3770878598582045
12,0.15,30.0,0.72,0.3280417331076808,0.3770878598582045
12,0.15,30.0,0.74,0.3160271267696498,0.3770878598582045
12,0.15,40.0,0.0,0.404518076484758,0.3803725541318274
12,0.15,40.0,0.02,0.3849358927602202,0.3803725541318274
12,0.15,40.0,0.04,0.3636139229913604,0.3803725541318274
12,0.15,40.0,0.06,0.4061420711043562,0.3803725541318274
12,0.15,40.0,0.08,0.4208167026273057,0.3803725541318274
12,0.15,40.0,0.1,0.420322083624486,0.3803725541318274
12,0.15,40.0,0.12,0.4064291259465066,0.3803725541318274
12,0.15,40.0,0.14,0.3902221219363934,0.3803725541318274
12,0.15,40.0,0.16,0.3715430979146485,0.3803725541318274
12,0.15,40.0,0.18,0.3882515330297545,0.3803725541318274
12,0.15,40.0,0.2,0.3951927246344247,0.3803725541318274
12,0.15,40.0,0.22,0.3949141214357526,0.3803725541318274
12,0.15,40.0,0.24,0.3910886762572336,0.3803725541318274
12,0.15,40.0,0.26,0.3897429669653379,0.3803725541318274
12,0.15,40.0,0.28,0.3798510229720213,0.3803725541318274
12,0.15,40.0,0.3,0.3856329877311749,0.3803725541318274
12,0.15,40.0,0.32,0.3990783652244415,0.3803725541318274
12,0.15,40.0,0.34,0.4113548242755812,0.3803725541318274
12,0.15,40.0,0.36,0.4129419826977519,0.3803725541318274
12,0.15,40.0,0.38,0.4095621374887688,0.3803725541318274
12,0.15,40.0,0.4,0.3971724643899505,0.3803725541318274
12,0.15,40.0,0.42,0.394577523985722,0.3803725541318274
12,0.15,40.0,0.44,0.3941974504438547,0.3803725541318274
12,0.15,40.0,0.46,0.3946211511376306,0.3803725541318274
12,0.15,40.0,0.48,0.3875520583623795,0.3803725541318274
12,0.15,40.0,0.5,0.3866211576577794,0.3803725541318274
12,0.15,40.0,0.52,0.4088597711315319,0.3803725541318274
12,0.15,40.0,0.54,0.4350909315763038,0.3803725541318274
12,0.15,40.0,0.56,0.4179816747669706,0.3803725541318274
12,0.15,40.0,0.58,0.4076739666654112,0.3803725541318274
12,0.15,40.0,0.6,0.3961538342843886,0.3803725541318274
12,0.15,40.0,0.62,0.3722447548642416,0.3803725541318274
12,0.15,40.0,0.64,0.3804166013050482,0.3803725541318274
12,0.15,40.0,0.66,0.3766977866453431,0.3803725541318274
12,0.15,40.0,0.68,0.3760519333168499,0.3803725541318274
12,0.15,40.0,0.7000000000000001,0.3730337577736872,0.3803725541318274
12,0.15,40.0,0.72,0.374952662502007,0.3803725541318274
12,0.15,40.0,0.74,0.3579281729409445,0.3803725541318274
12,0.15,50.0,0.0,0.4370647244987239,0.37744163702907485
12,0.15,50.0,0.02,0.4343708787313212,0.37744163702907485
12,0.15,50.0,0.04,0.4654126372508773,0.37744163702907485
12,0.15,50.0,0.06,0.438053611451825,0.37744163702907485
12,0.15,50.0,0.08,0.4343616673140768,0.37744163702907485
12,0.15,50.0,0.1,0.4214359821746434,0.37744163702907485
12,0.15,50.0,0.12,0.4173254034692564,0.37744163702907485
12,0.15,50.0,0.14,0.4185723403847112,0.37744163702907485
12,0.15,50.0,0.16,0.4244311321552189,0.37744163702907485
12,0.15,50.0,0.18,0.4349733885634118,0.37744163702907485
12,0.15,50.0,0.2,0.4283958028476041,0.37744163702907485
12,0.15,50.0,0.22,0.430733520304045,0.37744163702907485
12,0.15,50.0,0.24,0.4191157971324858,0.37744163702907485
12,0.15,50.0,0.26,0.4104524703136492,0.37744163702907485
12,0.15,50.0,0.28,0.4063934583823372,0.37744163702907485
12,0.15,50.0,0.3,0.4088700398440523,0.37744163702907485
12,0.15,50.0,0.32,0.4097182657881613,0.37744163702907485
12,0.15,50.0,0.34,0.4093998947186303,0.37744163702907485
12,0.15,50.0,0.36,0.4128372764221036,0.37744163702907485
12,0.15,50.0,0.38,0.4046889785728413,0.37744163702907485
12,0.15,50.0,0.4,0.391296672363347,0.37744163702907485
12,0.15,50.0,0.42,0.3816576214576463,0.37744163702907485
12,0.15,50.0,0.44,0.3807841871239632,0.37744163702907485
12,0.15,50.0,0.46,0.3927021391831536,0.37744163702907485
12,0.15,50.0,0.48,0.3971915761790753,0.37744163702907485
12,0.15,50.0,0.5,0.3964987412896754,0.37744163702907485
12,0.15,50.0,0.52,0.4122862668558434,0.37744163702907485
12,0.15,50.0,0.54,0.4103291809807363,0.37744163702907485
12,0.15,50.0,0.56,0.3932716951552111,0.37744163702907485
12,0.15,50.0,0.58,0.4020842891452829,0.37744163702907485
12,0.15,50.0,0.6,0.3979320098664352,0.37744163702907485
12,0.15,50.0,0.62,0.4045342325135185,0.37744163702907485
12,0.15,50.0,0.64,0.4034603366000172,0.37744163702907485
12,0.15,50.0,0.66,0.4124798015255771,0.37744163702907485
12,0.15,50.0,0.68,0.4077634711857518,0.37744163702907485
12,0.15,50.0,0.7000000000000001,0.4107776655772616,0.37744163702907485
12,0.15,50.0,0.72,0.4117162414937552,0.37744163702907485
12,0.15,50.0,0.74,0.4094507857079769,0.37744163702907485
12,0.15,100.0,0.0,0.4032372912864054,0.41183497611122055
12,0.15,100.0,0.02,0.3713060530661794,0.41183497611122055
12,0.15,100.0,0.04,0.3533923267839163,0.41183497611122055
12,0.15,100.0,0.06,0.3464152561937879,0.41183497611122055
12,0.15,100.0,0.08,0.3613965975834657,0.41183497611122055
12,0.15,100.0,0.1,0.391544353492099,0.41183497611122055
12,0.15,100.0,0.12,0.3836596275857512,0.41183497611122055
12,0.15,100.0,0.14,0.3838103999190615,0.41183497611122055
12,0.15,100.0,0.16,0.3761424439049318,0.41183497611122055
12,0.15,100.0,0.18,0.3762364862023252,0.41183497611122055
12,0.15,100.0,0.2,0.3985994670884041,0.41183497611122055
12,0.15,100.0,0.22,0.4105880836759901,0.41183497611122055
12,0.15,100.0,0.24,0.4137216098815414,0.41183497611122055
12,0.15,100.0,0.26,0.4322436083304858,0.41183497611122055
12,0.15,100.0,0.28,0.447137839537136,0.41183497611122055
12,0.15,100.0,0.3,0.4425667152578931,0.41183497611122055
12,0.15,100.0,0.32,0.4280511096519971,0.41183497611122055
12,0.15,100.0,0.34,0.4404555025119688,0.41183497611122055
12,0.15,100.0,0.36,0.4583900726597793,0.41183497611122055
12,0.15,100.0,0.38,0.4276499164037569,0.41183497611122055
12,0.15,100.0,0.4,0.4212393688861685,0.41183497611122055
12,0.15,100.0,0.42,0.4397006943492265,0.41183497611122055
12,0.15,100.0,0.44,0.4381616332092611,0.41183497611122055
12,0.15,100.0,0.46,0.4353040310518297,0.41183497611122055
12,0.15,100.0,0.48,0.4199675004246986,0.41183497611122055
12,0.15,100.0,0.5,0.4185074907067647,0.41183497611122055
12,0.15,100.0,0.52,0.410446311812794,0.41183497611122055
12,0.15,100.0,0.54,0.4291459104944917,0.41183497611122055
12,0.15,100.0,0.56,0.4513951740593264,0.41183497611122055
12,0.15,100.0,0.58,0.4537828136365768,0.41183497611122055
12,0.15,100.0,0.6,0.4205528467178448,0.41183497611122055
12,0.15,100.0,0.62,0.4066157847171877,0.41183497611122055
12,0.15,100.0,0.64,0.4068551816216167,0.41183497611122055
12,0.15,100.0,0.66,0.4275333149460354,0.41183497611122055
12,0.15,100.0,0.68,0.4322551903200776,0.41183497611122055
12,0.15,100.0,0.7000000000000001,0.4379313383125082,0.41183497611122055
12,0.15,100.0,0.72,0.4381550202942626,0.41183497611122055
12,0.15,100.0,0.74,0.4400764014496979,0.41183497611122055
13,0.15,0.0,0.0,0.421478365559387,0.3268796976799442
13,0.15,0.0,0.02,0.4029252454442045,0.3268796976799442
13,0.15,0.0,0.04,0.3771206833806375,0.3268796976799442
13,0.15,0.0,0.06,0.3705068386002934,0.3268796976799442
13,0.15,0.0,0.08,0.3410812446568708,0.3268796976799442
13,0.15,0.0,0.1,0.3535951492036357,0.3268796976799442
13,0.15,0.0,0.12,0.3523061176617702,0.3268796976799442
13,0.15,0.0,0.14,0.3530937161983899,0.3268796976799442
13,0.15,0.0,0.16,0.3582910298632517,0.3268796976799442
13,0.15,0.0,0.18,0.3657811035761,0.3268796976799442
13,0.15,0.0,0.2,0.3652787996229005,0.3268796976799442
13,0.15,0.0,0.22,0.3510246812154506,0.3268796976799442
13,0.15,0.0,0.24,0.3372808792484866,0.3268796976799442
13,0.15,0.0,0.26,0.3364022590663809,0.3268796976799442
13,0.15,0.0,0.28,0.3281523469286322,0.3268796976799442
13,0.15,0.0,0.3,0.3238855958983484,0.3268796976799442
13,0.15,0.0,0.32,0.3264774276869184,0.3268796976799442
13,0.15,0.0,0.34,0.3287269736820372,0.3268796976799442
13,0.15,0.0,0.36,0.3377910416032497,0.3268796976799442
13,0.15,0.0,0.38,0.3387526504220575,0.3268796976799442
13,0.15,0.0,0.4,0.3325572021247932,0.3268796976799442
13,0.15,0.0,0.42,0.3285206218885481,0.3268796976799442
13,0.15,0.0,0.44,0.328050057104603,0.3268796976799442
13,0.15,0.0,0.46,0.3232663146443038,0.3268796976799442
13,0.15,0.0,0.48,0.3221756837475358,0.3268796976799442
13,0.15,0.0,0.5,0.3241438472532298,0.3268796976799442
13,0.15,0.0,0.52,0.3267428469209249,0.3268796976799442
13,0.15,0.0,0.54,0.3295479624002163,0.3268796976799442
13,0.15,0.0,0.56,0.3357154146640139,0.3268796976799442
13,0.15,0.0,0.58,0.3310553935917215,0.3268796976799442
13,0.15,0.0,0.6,0.3292023376012201,0.3268796976799442
13,0.15,0.0,0.62,0.3277831260761393,0.3268796976799442
13,0.15,0.0,0.64,0.3260358532048985,0.3268796976799442
13,0.15,0.0,0.66,0.3231223673552416,0.3268796976799442
13,0.15,0.0,0.68,0.3239182232796225,0.3268796976799442
13,0.15,0.0,0.7000000000000001,0.318334406296734,0.3268796976799442
13,0.15,0.0,0.72,0.320230132312905,0.3268796976799442
13,0.15,0.0,0.74,0.3187484959080514,0.3268796976799442
13,0.15,5.0,0.0,0.4058536837805613,0.3308424438985683
13,0.15,5.0,0.02,0.3972858778071971,0.3308424438985683
13,0.15,5.0,0.04,0.3894076108484073,0.3308424438985683
13,0.15,5.0,0.06,0.3908192226223138,0.3308424438985683
13,0.15,5.0,0.08,0.3806279016569244,0.3308424438985683
13,0.15,5.0,0.1,0.3672914727106094,0.3308424438985683
13,0.15,5.0,0.12,0.3596350681890589,0.3308424438985683
13,0.15,5.0,0.14,0.358763776632153,0.3308424438985683
13,0.15,5.0,0.16,0.3483263655339807,0.3308424438985683
13,0.15,5.0,0.18,0.3351120897774388,0.3308424438985683
13,0.15,5.0,0.2,0.3272834207114429,0.3308424438985683
13,0.15,5.0,0.22,0.3267762989135697,0.3308424438985683
13,0.15,5.0,0.24,0.318672857428412,0.3308424438985683
13,0.15,5.0,0.26,0.3161449556298124,0.3308424438985683
13,0.15,5.0,0.28,0.3172667473789456,0.3308424438985683
13,0.15,5.0,0.3,0.3197141058189862,0.3308424438985683
13,0.15,5.0,0.32,0.3282870531601425,0.3308424438985683
13,0.15,5.0,0.34,0.3264634792415718,0.3308424438985683
13,0.15,5.0,0.36,0.3241035138351851,0.3308424438985683
13,0.15,5.0,0.38,0.3358502217833735,0.3308424438985683
13,0.15,5.0,0.4,0.3350095328218477,0.3308424438985683
13,0.15,5.0,0.42,0.334416376113909,0.3308424438985683
13,0.15,5.0,0.44,0.3377848810764166,0.3308424438985683
13,0.15,5.0,0.46,0.3233137807428618,0.3308424438985683
13,0.15,5.0,0.48,0.3167021075080084,0.3308424438985683
13,0.15,5.0,0.5,0.3153446121795187,0.3308424438985683
13,0.15,5.0,0.52,0.3195587799614839,0.3308424438985683
13,0.15,5.0,0.54,0.3190652567186015,0.3308424438985683
13,0.15,5.0,0.56,0.3207117925029144,0.3308424438985683
13,0.15,5.0,0.58,0.3219074474978515,0.3308424438985683
13,0.15,5.0,0.6,0.3209965609688069,0.3308424438985683
13,0.15,5.0,0.62,0.3182343222705923,0.3308424438985683
13,0.15,5.0,0.64,0.3164388299322076,0.3308424438985683
13,0.15,5.0,0.66,0.3171974044250513,0.3308424438985683
13,0.15,5.0,0.68,0.3201393348702104,0.3308424438985683
13,0.15,5.0,0.7000000000000001,0.3191866846777747,0.3308424438985683
13,0.15,5.0,0.72,0.3230679382288405,0.3308424438985683
13,0.15,5.0,0.74,0.3318228973218429,0.3308424438985683
13,0.15,10.0,0.0,0.4124620236012626,0.3382188297866617
13,0.15,10.0,0.02,0.4004397553861859,0.3382188297866617
13,0.15,10.0,0.04,0.3998701884912575,0.3382188297866617
13,0.15,10.0,0.06,0.4032835074296462,0.3382188297866617
13,0.15,10.0,0.08,0.3746809453822428,0.3382188297866617
13,0.15,10.0,0.1,0.3593373483237259,0.3382188297866617
13,0.15,10.0,0.12,0.3672898931102684,0.3382188297866617
13,0.15,10.0,0.14,0.371795780393137,0.3382188297866617
13,0.15,10.0,0.16,0.3770945316187978,0.3382188297866617
13,0.15,10.0,0.18,0.3772713863713271,0.3382188297866617
13,0.15,10.0,0.2,0.3608432633787199,0.3382188297866617
13,0.15,10.0,0.22,0.3500346908547044,0.3382188297866617
13,0.15,10.0,0.24,0.3389387791997256,0.3382188297866617
13,0.15,10.0,0.26,0.3342435003115682,0.3382188297866617
13,0.15,10.0,0.28,0.3256481676185154,0.3382188297866617
13,0.15,10.0,0.3,0.3198838315151763,0.3382188297866617
13,0.15,10.0,0.32,0.3292107226726025,0.3382188297866617
13,0.15,10.0,0.34,0.326934902499722,0.3382188297866617
13,0.15,10.0,0.36,0.3250070067392605,0.3382188297866617
13,0.15,10.0,0.38,0.3281917437500107,0.3382188297866617
13,0.15,10.0,0.4,0.3269612350412121,0.3382188297866617
13,0.15,10.0,0.42,0.323619537404336,0.3382188297866617
13,0.15,10.0,0.44,0.3260535987343119,0.3382188297866617
13,0.15,10.0,0.46,0.3258163601238885,0.3382188297866617
13,0.15,10.0,0.48,0.3427101101677583,0.3382188297866617
13,0.15,10.0,0.5,0.3527581288182125,0.3382188297866617
13,0.15,10.0,0.52,0.3568101535440075,0.3382188297866617
13,0.15,10.0,0.54,0.3479585378568413,0.3382188297866617
13,0.15,10.0,0.56,0.3414579063161325,0.3382188297866617
13,0.15,10.0,0.58,0.3420449438072371,0.3382188297866617
13,0.15,10.0,0.6,0.33941117426824,0.3382188297866617
13,0.15,10.0,0.62,0.331165964369822,0.3382188297866617
13,0.15,10.0,0.64,0.327591022727884,0.3382188297866617
13,0.15,10.0,0.66,0.3235262818003698,0.3382188297866617
13,0.15,10.0,0.68,0.319231582661509,0.3382188297866617
13,0.15,10.0,0.7000000000000001,0.3248163258023492,0.3382188297866617
13,0.15,10.0,0.72,0.3248363396492438,0.3382188297866617
13,0.15,10.0,0.74,0.324243967521141,0.3382188297866617
13,0.15,15.0,0.0,0.370190943440582,0.3540390227106219
13,0.15,15.0,0.02,0.3795291292543664,0.3540390227106219
13,0.15,15.0,0.04,0.3854348867255839,0.3540390227106219
13,0.15,15.0,0.06,0.3930837040760166,0.3540390227106219
13,0.15,15.0,0.08,0.3899585027561287,0.3540390227106219
13,0.15,15.0,0.1,0.3793934791364161,0.3540390227106219
13,0.15,15.0,0.12,0.3779167375336268,0.3540390227106219
13,0.15,15.0,0.14,0.3836683196622211,0.3540390227106219
13,0.15,15.0,0.16,0.3709387109283631,0.3540390227106219
13,0.15,15.0,0.18,0.3678618574983507,0.3540390227106219
13,0.15,15.0,0.2,0.3632557084248423,0.3540390227106219
13,0.15,15.0,0.22,0.3640394157532782,0.3540390227106219
13,0.15,15.0,0.24,0.3596116873858686,0.3540390227106219
13,0.15,15.0,0.26,0.3570392281701932,0.3540390227106219
13,0.15,15.0,0.28,0.3534168772341025,0.3540390227106219
13,0.15,15.0,0.3,0.3543944945989339,0.3540390227106219
13,0.15,15.0,0.32,0.3489676337317359,0.3540390227106219
13,0.15,15.0,0.34,0.3652028694216954,0.3540390227106219
13,0.15,15.0,0.36,0.3701135502313102,0.3540390227106219
13,0.15,15.0,0.38,0.3701581466486982,0.3540390227106219
13,0.15,15.0,0.4,0.3613707916419845,0.3540390227106219
13,0.15,15.0,0.42,0.3568870981643139,0.3540390227106219
13,0.15,15.0,0.44,0.3524759221504293,0.3540390227106219
13,0.15,15.0,0.46,0.3513806102953596,0.3540390227106219
13,0.15,15.0,0.48,0.3374510476315746,0.3540390227106219
13,0.15,15.0,0.5,0.3462005110574866,0.3540390227106219
13,0.15,15.0,0.52,0.3504968779432615,0.3540390227106219
13,0.15,15.0,0.54,0.360943486810114,0.3540390227106219
13,0.15,15.0,0.56,0.3594803435537362,0.3540390227106219
13,0.15,15.0,0.58,0.3545604346339762,0.3540390227106219
13,0.15,15.0,0.6,0.3485751047250528,0.3540390227106219
13,0.15,15.0,0.62,0.3468332799576367,0.3540390227106219
13,0.15,15.0,0.64,0.3499369523842743,0.3540390227106219
13,0.15,15.0,0.66,0.3570795401601607,0.3540390227106219
13,0.15,15.0,0.68,0.3550927335279088,0.3540390227106219
13,0.15,15.0,0.7000000000000001,0.3507433641338189,0.3540390227106219
13,0.15,15.0,0.72,0.3460788297812443,0.3540390227106219
13,0.15,15.0,0.74,0.3409196160454496,0.3540390227106219
13,0.15,20.0,0.0,0.432688102389087,0.35887486418872283
13,0.15,20.0,0.02,0.4418294477991586,0.35887486418872283
13,0.15,20.0,0.04,0.4062441339056873,0.35887486418872283
13,0.15,20.0,0.06,0.4068054179540141,0.35887486418872283
13,0.15,20.0,0.08,0.3863758047112312,0.35887486418872283
13,0.15,20.0,0.1,0.3731733698526256,0.35887486418872283
13,0.15,20.0,0.12,0.3928777236560333,0.35887486418872283
13,0.15,20.0,0.14,0.4006334451937601,0.35887486418872283
13,0.15,20.0,0.16,0.3980915571161721,0.35887486418872283
13,0.15,20.0,0.18,0.3971692578398955,0.35887486418872283
13,0.15,20.0,0.2,0.3994921042592212,0.35887486418872283
13,0.15,20.0,0.22,0.3938149143568513,0.35887486418872283
13,0.15,20.0,0.24,0.4019264120168859,0.35887486418872283
13,0.15,20.0,0.26,0.389366878507733,0.35887486418872283
13,0.15,20.0,0.28,0.3802211424795845,0.35887486418872283
13,0.15,20.0,0.3,0.3789966562000041,0.35887486418872283
13,0.15,20.0,0.32,0.367947264007629,0.35887486418872283
13,0.15,20.0,0.34,0.3599797714042835,0.35887486418872283
13,0.15,20.0,0.36,0.3639315007399995,0.35887486418872283
13,0.15,20.0,0.38,0.363096279658557,0.35887486418872283
13,0.15,20.0,0.4,0.3573649776133233,0.35887486418872283
13,0.15,20.0,0.42,0.3549198039085509,0.35887486418872283
13,0.15,20.0,0.44,0.355159678118924,0.35887486418872283
13,0.15,20.0,0.46,0.3620672002168302,0.35887486418872283
13,0.15,20.0,0.48,0.357849892334037,0.35887486418872283
13,0.15,20.0,0.5,0.367002506220256,0.35887486418872283
13,0.15,20.0,0.52,0.3666570512778797,0.35887486418872283
13,0.15,20.0,0.54,0.3544232405851075,0.35887486418872283
13,0.15,20.0,0.56,0.3713794835470735,0.35887486418872283
13,0.15,20.0,0.58,0.378243572431821,0.35887486418872283
13,0.15,20.0,0.6,0.3906925412376029,0.35887486418872283
13,0.15,20.0,0.62,0.3960443299929498,0.35887486418872283
13,0.15,20.0,0.64,0.3933625649291593,0.35887486418872283
13,0.15,20.0,0.66,0.3889687593944001,0.35887486418872283
13,0.15,20.0,0.68,0.377152601244151,0.35887486418872283
13,0.15,20.0,0.7000000000000001,0.3625742006455722,0.35887486418872283
13,0.15,20.0,0.72,0.3608944141114824,0.35887486418872283
13,0.15,20.0,0.74,0.3582140116722639,0.35887486418872283
13,0.15,25.0,0.0,0.4107128498387902,0.36814527780457973
13,0.15,25.0,0.02,0.3904189213721029,0.36814527780457973
13,0.15,25.0,0.04,0.3879156472901836,0.36814527780457973
13,0.15,25.0,0.06,0.3814129278562205,0.36814527780457973
13,0.15,25.0,0.08,0.3765350409612573,0.36814527780457973
13,0.15,25.0,0.1,0.3605631718670476,0.36814527780457973
13,0.15,25.0,0.12,0.355152981172942,0.36814527780457973
13,0.15,25.0,0.14,0.3495957555727048,0.36814527780457973
13,0.15,25.0,0.16,0.343208082203547,0.36814527780457973
13,0.15,25.0,0.18,0.3376544413913949,0.36814527780457973
13,0.15,25.0,0.2,0.3249193246703046,0.36814527780457973
13,0.15,25.0,0.22,0.3163125111223112,0.36814527780457973
13,0.15,25.0,0.24,0.3202808482908814,0.36814527780457973
13,0.15,25.0,0.26,0.3232596344801853,0.36814527780457973
13,0.15,25.0,0.28,0.3265037954855437,0.36814527780457973
13,0.15,25.0,0.3,0.328457343468649,0.36814527780457973
13,0.15,25.0,0.32,0.3328597891375817,0.36814527780457973
13,0.15,25.0,0.34,0.3352224163224133,0.36814527780457973
13,0.15,25.0,0.36,0.3333953275739019,0.36814527780457973
13,0.15,25.0,0.38,0.3336555412128764,0.36814527780457973
13,0.15,25.0,0.4,0.3247909474529183,0.36814527780457973
13,0.15,25.0,0.42,0.3252816712406358,0.36814527780457973
13,0.15,25.0,0.44,0.3250547996990761,0.36814527780457973
13,0.15,25.0,0.46,0.3277750234769611,0.36814527780457973
13,0.15,25.0,0.48,0.3216022964372419,0.36814527780457973
13,0.15,25.0,0.5,0.3168638192141734,0.36814527780457973
13,0.15,25.0,0.52,0.3095880157835247,0.36814527780457973
13,0.15,25.0,0.54,0.3030018023536984,0.36814527780457973
13,0.15,25.0,0.56,0.3108015101076759,0.36814527780457973
13,0.15,25.0,0.58,0.3101624217931246,0.36814527780457973
13,0.15,25.0,0.6,0.310387368743252,0.36814527780457973
13,0.15,25.0,0.62,0.3052160998494775,0.36814527780457973
13,0.15,25.0,0.64,0.2986062234823337,0.36814527780457973
13,0.15,25.0,0.66,0.3058243267506442,0.36814527780457973
13,0.15,25.0,0.68,0.3078697802441704,0.36814527780457973
13,0.15,25.0,0.7000000000000001,0.31158224706701,0.36814527780457973
13,0.15,25.0,0.72,0.3120878170791902,0.36814527780457973
13,0.15,25.0,0.74,0.3202866505256614,0.36814527780457973
13,0.15,30.0,0.0,0.4148002666870821,0.3770878598582045
13,0.15,30.0,0.02,0.3982839632482965,0.3770878598582045
13,0.15,30.0,0.04,0.3880818326615041,0.3770878598582045
13,0.15,30.0,0.06,0.391094607954539,0.3770878598582045
13,0.15,30.0,0.08,0.3781959799191274,0.3770878598582045
13,0.15,30.0,0.1,0.365917171053209,0.3770878598582045
13,0.15,30.0,0.12,0.3540423940717971,0.3770878598582045
13,0.15,30.0,0.14,0.3506120951042937,0.3770878598582045
13,0.15,30.0,0.16,0.3528545899662102,0.3770878598582045
13,0.15,30.0,0.18,0.3564367373973603,0.3770878598582045
13,0.15,30.0,0.2,0.3707678912613406,0.3770878598582045
13,0.15,30.0,0.22,0.4041982071224094,0.3770878598582045
13,0.15,30.0,0.24,0.4229954303717757,0.3770878598582045
13,0.15,30.0,0.26,0.4337848932317538,0.3770878598582045
13,0.15,30.0,0.28,0.4451038919634706,0.3770878598582045
13,0.15,30.0,0.3,0.4256313884811567,0.3770878598582045
13,0.15,30.0,0.32,0.4338154780936045,0.3770878598582045
13,0.15,30.0,0.34,0.42922650228096,0.3770878598582045
13,0.15,30.0,0.36,0.4252582668952782,0.3770878598582045
13,0.15,30.0,0.38,0.4255791430063454,0.3770878598582045
13,0.15,30.0,0.4,0.4218683463045039,0.3770878598582045
13,0.15,30.0,0.42,0.4193129070400651,0.3770878598582045
13,0.15,30.0,0.44,0.4206328426977568,0.3770878598582045
13,0.15,30.0,0.46,0.4116707231659115,0.3770878598582045
13,0.15,30.0,0.48,0.3923532220079076,0.3770878598582045
13,0.15,30.0,0.5,0.3853226098392512,0.3770878598582045
13,0.15,30.0,0.52,0.3866548607350241,0.3770878598582045
13,0.15,30.0,0.54,0.3766852636879047,0.3770878598582045
13,0.15,30.0,0.56,0.3703023604254578,0.3770878598582045
13,0.15,30.0,0.58,0.3747563265604212,0.3770878598582045
13,0.15,30.0,0.6,0.3692528852663881,0.3770878598582045
13,0.15,30.0,0.62,0.372959757830416,0.3770878598582045
13,0.15,30.0,0.64,0.3729382905815145,0.3770878598582045
13,0.15,30.0,0.66,0.3653413668843941,0.3770878598582045
13,0.15,30.0,0.68,0.3755848465640945,0.3770878598582045
13,0.15,30.0,0.7000000000000001,0.385332407110001,0.3770878598582045
13,0.15,30.0,0.72,0.378550339521883,0.3770878598582045
13,0.15,30.0,0.74,0.3629222443186602,0.3770878598582045
13,0.15,40.0,0.0,0.347204144670457,0.3803725541318274
13,0.15,40.0,0.02,0.398956358279571,0.3803725541318274
13,0.15,40.0,0.04,0.4433549194107111,0.3803725541318274
13,0.15,40.0,0.06,0.4295094123088701,0.3803725541318274
13,0.15,40.0,0.08,0.4446174035198202,0.3803725541318274
13,0.15,40.0,0.1,0.4409695729137361,0.3803725541318274
13,0.15,40.0,0.12,0.4172834116158866,0.3803725541318274
13,0.15,40.0,0.14,0.396716992743072,0.3803725541318274
13,0.15,40.0,0.16,0.3903053000016532,0.3803725541318274
13,0.15,40.0,0.18,0.3812857050746949,0.3803725541318274
13,0.15,40.0,0.2,0.3851467647370444,0.3803725541318274
13,0.15,40.0,0.22,0.381021003629379,0.3803725541318274
13,0.15,40.0,0.24,0.3862456967347542,0.3803725541318274
13,0.15,40.0,0.26,0.381108129013216,0.3803725541318274
13,0.15,40.0,0.28,0.3790866170860655,0.3803725541318274
13,0.15,40.0,0.3,0.3826377732291739,0.3803725541318274
13,0.15,40.0,0.32,0.3813534827410415,0.3803725541318274
13,0.15,40.0,0.34,0.3825857380670178,0.3803725541318274
13,0.15,40.0,0.36,0.37809483238344,0.3803725541318274
13,0.15,40.0,0.38,0.3708217879462382,0.3803725541318274
13,0.15,40.0,0.4,0.3612807467882771,0.3803725541318274
13,0.15,40.0,0.42,0.3545071604464736,0.3803725541318274
13,0.15,40.0,0.44,0.3364218448656546,0.3803725541318274
13,0.15,40.0,0.46,0.3314366085427527,0.3803725541318274
13,0.15,40.0,0.48,0.332368362634258,0.3803725541318274
13,0.15,40.0,0.5,0.3307976991511632,0.3803725541318274
13,0.15,40.0,0.52,0.3266940622872228,0.3803725541318274
13,0.15,40.0,0.54,0.3291174546434251,0.3803725541318274
13,0.15,40.0,0.56,0.3290930660729412,0.3803725541318274
13,0.15,40.0,0.58,0.3328854164372726,0.3803725541318274
13,0.15,40.0,0.6,0.3434851707489407,0.3803725541318274
13,0.15,40.0,0.62,0.3575265732916955,0.3803725541318274
13,0.15,40.0,0.64,0.3730283348930016,0.3803725541318274
13,0.15,40.0,0.66,0.3740302594309028,0.3803725541318274
13,0.15,40.0,0.68,0.369828911669007,0.3803725541318274
13,0.15,40.0,0.7000000000000001,0.3709686535451784,0.3803725541318274
13,0.15,40.0,0.72,0.3789439629053375,0.3803725541318274
13,0.15,40.0,0.74,0.3806380549338681,0.3803725541318274
13,0.15,50.0,0.0,0.4058427531588616,0.37744163702907485
13,0.15,50.0,0.02,0.3737064632012443,0.37744163702907485
13,0.15,50.0,0.04,0.3957051190128647,0.37744163702907485
13,0.15,50.0,0.06,0.3880092854135061,0.37744163702907485
13,0.15,50.0,0.08,0.387850028472012,0.37744163702907485
13,0.15,50.0,0.1,0.4143896532228817,0.37744163702907485
13,0.15,50.0,0.12,0.4045534872366748,0.37744163702907485
13,0.15,50.0,0.14,0.4176816080893454,0.37744163702907485
13,0.15,50.0,0.16,0.4113502749778411,0.37744163702907485
13,0.15,50.0,0.18,0.3953958070443067,0.37744163702907485
13,0.15,50.0,0.2,0.3905149792364221,0.37744163702907485
13,0.15,50.0,0.22,0.3822695231610046,0.37744163702907485
13,0.15,50.0,0.24,0.3730932772486434,0.37744163702907485
13,0.15,50.0,0.26,0.3820189040769168,0.37744163702907485
13,0.15,50.0,0.28,0.38240950856173,0.37744163702907485
13,0.15,50.0,0.3,0.3742475558827727,0.37744163702907485
13,0.15,50.0,0.32,0.3783122658433447,0.37744163702907485
13,0.15,50.0,0.34,0.3816020092956538,0.37744163702907485
13,0.15,50.0,0.36,0.3861872780026619,0.37744163702907485
13,0.15,50.0,0.38,0.3968551652079809,0.37744163702907485
13,0.15,50.0,0.4,0.4045955472624444,0.37744163702907485
13,0.15,50.0,0.42,0.4068757045911253,0.37744163702907485
13,0.15,50.0,0.44,0.4071124618365567,0.37744163702907485
13,0.15,50.0,0.46,0.4068077150955548,0.37744163702907485
13,0.15,50.0,0.48,0.4074324767450193,0.37744163702907485
13,0.15,50.0,0.5,0.4069079609784313,0.37744163702907485
13,0.15,50.0,0.52,0.4092532398151946,0.37744163702907485
13,0.15,50.0,0.54,0.4143735408255755,0.37744163702907485
13,0.15,50.0,0.56,0.4194119219298453,0.37744163702907485
13,0.15,50.0,0.58,0.4129335394588999,0.37744163702907485
13,0.15,50.0,0.6,0.4092863043419363,0.37744163702907485
13,0.15,50.0,0.62,0.4019670411663074,0.37744163702907485
13,0.15,50.0,0.64,0.3994122141484263,0.37744163702907485
13,0.15,50.0,0.66,0.3985394259323468,0.37744163702907485
13,0.15,50.0,0.68,0.3971413709522313,0.37744163702907485
13,0.15,50.0,0.7000000000000001,0.4012099833650425,0.37744163702907485
13,0.15,50.0,0.72,0.4052340413898035,0.37744163702907485
13,0.15,50.0,0.74,0.4068130672980919,0.37744163702907485
13,0.15,100.0,0.0,0.387963162857143,0.41183497611122055
13,0.15,100.0,0.02,0.419577327616746,0.41183497611122055
13,0.15,100.0,0.04,0.4081345311214484,0.41183497611122055
13,0.15,100.0,0.06,0.3859966879913696,0.41183497611122055
13,0.15,100.0,0.08,0.3664587471231278,0.41183497611122055
13,0.15,100.0,0.1,0.3729857507501529,0.41183497611122055
13,0.15,100.0,0.12,0.3956678931564423,0.41183497611122055
13,0.15,100.0,0.14,0.4001604754386461,0.41183497611122055
13,0.15,100.0,0.16,0.4077874381709288,0.41183497611122055
13,0.15,100.0,0.18,0.4139221075821034,0.41183497611122055
13,0.15,100.0,0.2,0.4000761133645893,0.41183497611122055
13,0.15,100.0,0.22,0.3888435163381406,0.41183497611122055
13,0.15,100.0,0.24,0.3877926597375702,0.41183497611122055
13,0.15,100.0,0.26,0.3830843081122062,0.41183497611122055
13,0.15,100.0,0.28,0.3826132877920143,0.41183497611122055
13,0.15,100.0,0.3,0.3785090525524364,0.41183497611122055
13,0.15,100.0,0.32,0.3925248218603588,0.41183497611122055
13,0.15,100.0,0.34,0.3894195283568472,0.41183497611122055
13,0.15,100.0,0.36,0.3949519599501873,0.41183497611122055
13,0.15,100.0,0.38,0.3891174838740747,0.41183497611122055
13,0.15,100.0,0.4,0.399820092837422,0.41183497611122055
13,0.15,100.0,0.42,0.4086703946211311,0.41183497611122055
13,0.15,100.0,0.44,0.4126686880294103,0.41183497611122055
13,0.15,100.0,0.46,0.4192922350815217,0.41183497611122055
13,0.15,100.0,0.48,0.4143876331148727,0.41183497611122055
13,0.15,100.0,0.5,0.4130815523740414,0.41183497611122055
13,0.15,100.0,0.52,0.418260851623366,0.41183497611122055
13,0.15,100.0,0.54,0.4165908234478293,0.41183497611122055
13,0.15,100.0,0.56,0.408028893120947,0.41183497611122055
13,0.15,100.0,0.58,0.3986681673740334,0.41183497611122055
13,0.15,100.0,0.6,0.3939818367192782,0.41183497611122055
13,0.15,100.0,0.62,0.3861286310036562,0.41183497611122055
13,0.15,100.0,0.64,0.3838572265549805,0.41183497611122055
13,0.15,100.0,0.66,0.3945785041208202,0.41183497611122055
13,0.15,100.0,0.68,0.3950691188858429,0.41183497611122055
13,0.15,100.0,0.7000000000000001,0.4065334827630991,0.41183497611122055
13,0.15,100.0,0.72,0.4069827674688917,0.41183497611122055
13,0.15,100.0,0.74,0.400509762165874,0.41183497611122055
14,0.15,0.0,0.0,0.3985671477210883,0.3268796976799442
14,0.15,0.0,0.02,0.3829384255507442,0.3268796976799442
14,0.15,0.0,0.04,0.36234544957469,0.3268796976799442
14,0.15,0.0,0.06,0.3511197889692963,0.3268796976799442
14,0.15,0.0,0.08,0.3285022176444331,0.3268796976799442
14,0.15,0.0,0.1,0.3287123660201927,0.3268796976799442
14,0.15,0.0,0.12,0.3156946034213518,0.3268796976799442
14,0.15,0.0,0.14,0.3143892968446297,0.3268796976799442
14,0.15,0.0,0.16,0.3166182608942426,0.3268796976799442
14,0.15,0.0,0.18,0.3158476762827334,0.3268796976799442
14,0.15,0.0,0.2,0.3143114958411983,0.3268796976799442
14,0.15,0.0,0.22,0.3116499782253378,0.3268796976799442
14,0.15,0.0,0.24,0.3042313918933153,0.3268796976799442
14,0.15,0.0,0.26,0.3034717217860426,0.3268796976799442
14,0.15,0.0,0.28,0.3069361698309087,0.3268796976799442
14,0.15,0.0,0.3,0.3108900739935735,0.3268796976799442
14,0.15,0.0,0.32,0.3116682586580173,0.3268796976799442
14,0.15,0.0,0.34,0.3063115080424236,0.3268796976799442
14,0.15,0.0,0.36,0.3059703443749922,0.3268796976799442
14,0.15,0.0,0.38,0.3066763463805695,0.3268796976799442
14,0.15,0.0,0.4,0.3097478186650403,0.3268796976799442
14,0.15,0.0,0.42,0.3062922526713716,0.3268796976799442
14,0.15,0.0,0.44,0.3103705066096571,0.3268796976799442
14,0.15,0.0,0.46,0.3154699085094697,0.3268796976799442
14,0.15,0.0,0.48,0.3219634451465173,0.3268796976799442
14,0.15,0.0,0.5,0.3215507721951831,0.3268796976799442
14,0.15,0.0,0.52,0.3249711460985434,0.3268796976799442
14,0.15,0.0,0.54,0.322083579774261,0.3268796976799442
14,0.15,0.0,0.56,0.3195964251337532,0.3268796976799442
14,0.15,0.0,0.58,0.3185863778177912,0.3268796976799442
14,0.15,0.0,0.6,0.3169635603803889,0.3268796976799442
14,0.15,0.0,0.62,0.3167708721295771,0.3268796976799442
14,0.15,0.0,0.64,0.3149152472583529,0.3268796976799442
14,0.15,0.0,0.66,0.3154231034908218,0.3268796976799442
14,0.15,0.0,0.68,0.316902703787643,0.3268796976799442
14,0.15,0.0,0.7000000000000001,0.3180317087098599,0.3268796976799442
14,0.15,0.0,0.72,0.3196471477823808,0.3268796976799442
14,0.15,0.0,0.74,0.3192652393275906,0.3268796976799442
14,0.15,5.0,0.0,0.4138466624379128,0.3308424438985683
14,0.15,5.0,0.02,0.3923038687237817,0.3308424438985683
14,0.15,5.0,0.04,0.3915457842144633,0.3308424438985683
14,0.15,5.0,0.06,0.3860392976138261,0.3308424438985683
14,0.15,5.0,0.08,0.3728163062516207,0.3308424438985683
14,0.15,5.0,0.1,0.3609385790057553,0.3308424438985683
14,0.15,5.0,0.12,0.3595746443953188,0.3308424438985683
14,0.15,5.0,0.14,0.3515451544782756,0.3308424438985683
14,0.15,5.0,0.16,0.3431743258169822,0.3308424438985683
14,0.15,5.0,0.18,0.3406819513227834,0.3308424438985683
14,0.15,5.0,0.2,0.3521643019808039,0.3308424438985683
14,0.15,5.0,0.22,0.3408618255385614,0.3308424438985683
14,0.15,5.0,0.24,0.3203054489097571,0.3308424438985683
14,0.15,5.0,0.26,0.3196262773029569,0.3308424438985683
14,0.15,5.0,0.28,0.3215012263219792,0.3308424438985683
14,0.15,5.0,0.3,0.3231787311360437,0.3308424438985683
14,0.15,5.0,0.32,0.3175819230251824,0.3308424438985683
14,0.15,5.0,0.34,0.3088985272037303,0.3308424438985683
14,0.15,5.0,0.36,0.3094917321892858,0.3308424438985683
14,0.15,5.0,0.38,0.3073331054223482,0.3308424438985683
14,0.15,5.0,0.4,0.2994946011702847,0.3308424438985683
14,0.15,5.0,0.42,0.3006457413438832,0.3308424438985683
14,0.15,5.0,0.44,0.2939215832897501,0.3308424438985683
14,0.15,5.0,0.46,0.2886617036888039,0.3308424438985683
14,0.15,5.0,0.48,0.283482416684808,0.3308424438985683
14,0.15,5.0,0.5,0.2796007459429308,0.3308424438985683
14,0.15,5.0,0.52,0.2752020099689501,0.3308424438985683
14,0.15,5.0,0.54,0.2731895140592332,0.3308424438985683
14,0.15,5.0,0.56,0.2822182878198838,0.3308424438985683
14,0.15,5.0,0.58,0.2878275501033829,0.3308424438985683
14,0.15,5.0,0.6,0.2902388347702838,0.3308424438985683
14,0.15,5.0,0.62,0.2909680980982079,0.3308424438985683
14,0.15,5.0,0.64,0.2906005969172658,0.3308424438985683
14,0.15,5.0,0.66,0.2915827467885812,0.3308424438985683
14,0.15,5.0,0.68,0.2956680012116584,0.3308424438985683
14,0.15,5.0,0.7000000000000001,0.3015846946925239,0.3308424438985683
14,0.15,5.0,0.72,0.2996602489047628,0.3308424438985683
14,0.15,5.0,0.74,0.3016993798496283,0.3308424438985683
14,0.15,10.0,0.0,0.4197294682106902,0.3382188297866617
14,0.15,10.0,0.02,0.3901446136767021,0.3382188297866617
14,0.15,10.0,0.04,0.3760197660643052,0.3382188297866617
14,0.15,10.0,0.06,0.3797335053545168,0.3382188297866617
14,0.15,10.0,0.08,0.3997590311855602,0.3382188297866617
14,0.15,10.0,0.1,0.3985401558661506,0.3382188297866617
14,0.15,10.0,0.12,0.3905034130923135,0.3382188297866617
14,0.15,10.0,0.14,0.3884032221376559,0.3382188297866617
14,0.15,10.0,0.16,0.3863487587290367,0.3382188297866617
14,0.15,10.0,0.18,0.3800308613577368,0.3382188297866617
14,0.15,10.0,0.2,0.3679381657452268,0.3382188297866617
14,0.15,10.0,0.22,0.358130603520909,0.3382188297866617
14,0.15,10.0,0.24,0.3533466853438399,0.3382188297866617
14,0.15,10.0,0.26,0.346952879614898,0.3382188297866617
14,0.15,10.0,0.28,0.3415574196528786,0.3382188297866617
14,0.15,10.0,0.3,0.3425124623990874,0.3382188297866617
14,0.15,10.0,0.32,0.3494776902777888,0.3382188297866617
14,0.15,10.0,0.34,0.3529164528545462,0.3382188297866617
14,0.15,10.0,0.36,0.3563726027331184,0.3382188297866617
14,0.15,10.0,0.38,0.353419682224182,0.3382188297866617
14,0.15,10.0,0.4,0.3430091510217252,0.3382188297866617
14,0.15,10.0,0.42,0.3411255266508861,0.3382188297866617
14,0.15,10.0,0.44,0.3413632427232769,0.3382188297866617
14,0.15,10.0,0.46,0.3192416455641829,0.3382188297866617
14,0.15,10.0,0.48,0.3093212261809408,0.3382188297866617
14,0.15,10.0,0.5,0.3050984326211762,0.3382188297866617
14,0.15,10.0,0.52,0.3039809297335964,0.3382188297866617
14,0.15,10.0,0.54,0.3023659131381593,0.3382188297866617
14,0.15,10.0,0.56,0.3027233323347497,0.3382188297866617
14,0.15,10.0,0.58,0.3008467693799602,0.3382188297866617
14,0.15,10.0,0.6,0.2976600661562099,0.3382188297866617
14,0.15,10.0,0.62,0.2934250549830155,0.3382188297866617
14,0.15,10.0,0.64,0.2914073526612172,0.3382188297866617
14,0.15,10.0,0.66,0.289761916801893,0.3382188297866617
14,0.15,10.0,0.68,0.2898702169872036,0.3382188297866617
14,0.15,10.0,0.7000000000000001,0.284220687079843,0.3382188297866617
14,0.15,10.0,0.72,0.2871653790380231,0.3382188297866617
14,0.15,10.0,0.74,0.2872496449060478,0.3382188297866617
14,0.15,15.0,0.0,0.4331883151548185,0.3540390227106219
14,0.15,15.0,0.02,0.3930900458091819,0.3540390227106219
14,0.15,15.0,0.04,0.443002407086857,0.3540390227106219
14,0.15,15.0,0.06,0.4468718300267461,0.3540390227106219
14,0.15,15.0,0.08,0.4181505711075614,0.3540390227106219
14,0.15,15.0,0.1,0.4171813533317153,0.3540390227106219
14,0.15,15.0,0.12,0.411944145462372,0.3540390227106219
14,0.15,15.0,0.14,0.3962664821994955,0.3540390227106219
14,0.15,15.0,0.16,0.3796813404221182,0.3540390227106219
14,0.15,15.0,0.18,0.372033222756461,0.3540390227106219
14,0.15,15.0,0.2,0.3587167176313887,0.3540390227106219
14,0.15,15.0,0.22,0.3483742124490743,0.3540390227106219
14,0.15,15.0,0.24,0.3476498319566819,0.3540390227106219
14,0.15,15.0,0.26,0.3412516334132456,0.3540390227106219
14,0.15,15.0,0.28,0.3421149600904758,0.3540390227106219
14,0.15,15.0,0.3,0.3470291380941136,0.3540390227106219
14,0.15,15.0,0.32,0.3513100188218595,0.3540390227106219
14,0.15,15.0,0.34,0.3462418956375057,0.3540390227106219
14,0.15,15.0,0.36,0.3403551452525693,0.3540390227106219
14,0.15,15.0,0.38,0.3359447732792525,0.3540390227106219
14,0.15,15.0,0.4,0.3357168332097912,0.3540390227106219
14,0.15,15.0,0.42,0.3368415499194125,0.3540390227106219
14,0.15,15.0,0.44,0.3381735723806429,0.3540390227106219
14,0.15,15.0,0.46,0.328810150957071,0.3540390227106219
14,0.15,15.0,0.48,0.327600571377504,0.3540390227106219
14,0.15,15.0,0.5,0.3249619812776543,0.3540390227106219
14,0.15,15.0,0.52,0.3251322292394625,0.3540390227106219
14,0.15,15.0,0.54,0.3322127994889146,0.3540390227106219
14,0.15,15.0,0.56,0.3282188150151904,0.3540390227106219
14,0.15,15.0,0.58,0.321431056040866,0.3540390227106219
14,0.15,15.0,0.6,0.3168805537731709,0.3540390227106219
14,0.15,15.0,0.62,0.3147860589908897,0.3540390227106219
14,0.15,15.0,0.64,0.3223711032893256,0.3540390227106219
14,0.15,15.0,0.66,0.315919866943386,0.3540390227106219
14,0.15,15.0,0.68,0.306305977938979,0.3540390227106219
14,0.15,15.0,0.7000000000000001,0.3065485115811878,0.3540390227106219
14,0.15,15.0,0.72,0.3097205655574711,0.3540390227106219
14,0.15,15.0,0.74,0.3117453451537682,0.3540390227106219
14,0.15,20.0,0.0,0.422452716945024,0.35887486418872283
14,0.15,20.0,0.02,0.3854910255539633,0.35887486418872283
14,0.15,20.0,0.04,0.3993293376038254,0.35887486418872283
14,0.15,20.0,0.06,0.3998184236130466,0.35887486418872283
14,0.15,20.0,0.08,0.3961500475997693,0.35887486418872283
14,0.15,20.0,0.1,0.3859807184034545,0.35887486418872283
14,0.15,20.0,0.12,0.3786902993845115,0.35887486418872283
14,0.15,20.0,0.14,0.3679400697109369,0.35887486418872283
14,0.15,20.0,0.16,0.3520198027109643,0.35887486418872283
14,0.15,20.0,0.18,0.3476416561496798,0.35887486418872283
14,0.15,20.0,0.2,0.3654423606540251,0.35887486418872283
14,0.15,20.0,0.22,0.3644567294889452,0.35887486418872283
14,0.15,20.0,0.24,0.3565703221501431,0.35887486418872283
14,0.15,20.0,0.26,0.3367884285996363,0.35887486418872283
14,0.15,20.0,0.28,0.3274024254131024,0.35887486418872283
14,0.15,20.0,0.3,0.3245789474725915,0.35887486418872283
14,0.15,20.0,0.32,0.3229168213835468,0.35887486418872283
14,0.15,20.0,0.34,0.3159064445599092,0.35887486418872283
14,0.15,20.0,0.36,0.3151505392017079,0.35887486418872283
14,0.15,20.0,0.38,0.3200441046292079,0.35887486418872283
14,0.15,20.0,0.4,0.3210409262023173,0.35887486418872283
14,0.15,20.0,0.42,0.3184927070352895,0.35887486418872283
14,0.15,20.0,0.44,0.315885445332855,0.35887486418872283
14,0.15,20.0,0.46,0.3111204571136575,0.35887486418872283
14,0.15,20.0,0.48,0.3073589609542165,0.35887486418872283
14,0.15,20.0,0.5,0.3042897620887892,0.35887486418872283
14,0.15,20.0,0.52,0.2997120876169289,0.35887486418872283
14,0.15,20.0,0.54,0.3032870759800017,0.35887486418872283
14,0.15,20.0,0.56,0.3070039848748481,0.35887486418872283
14,0.15,20.0,0.58,0.2973783204140016,0.35887486418872283
14,0.15,20.0,0.6,0.2924242544183303,0.35887486418872283
14,0.15,20.0,0.62,0.2993752943350586,0.35887486418872283
14,0.15,20.0,0.64,0.3003367753529264,0.35887486418872283
14,0.15,20.0,0.66,0.2938025814853423,0.35887486418872283
14,0.15,20.0,0.68,0.2982886636898414,0.35887486418872283
14,0.15,20.0,0.7000000000000001,0.298121279266295,0.35887486418872283
14,0.15,20.0,0.72,0.3028628017212908,0.35887486418872283
14,0.15,20.0,0.74,0.2927725817295004,0.35887486418872283
14,0.15,25.0,0.0,0.4153208332012945,0.36814527780457973
14,0.15,25.0,0.02,0.3855366068128196,0.36814527780457973
14,0.15,25.0,0.04,0.3869764171115533,0.36814527780457973
14,0.15,25.0,0.06,0.4074300108063955,0.36814527780457973
14,0.15,25.0,0.08,0.4158136968645297,0.36814527780457973
14,0.15,25.0,0.1,0.3979915018055764,0.36814527780457973
14,0.15,25.0,0.12,0.3853599867112078,0.36814527780457973
14,0.15,25.0,0.14,0.3732536132839983,0.36814527780457973
14,0.15,25.0,0.16,0.3675649945937693,0.36814527780457973
14,0.15,25.0,0.18,0.3564555444748403,0.36814527780457973
14,0.15,25.0,0.2,0.3477526937132415,0.36814527780457973
14,0.15,25.0,0.22,0.3378493714009604,0.36814527780457973
14,0.15,25.0,0.24,0.3633791325133229,0.36814527780457973
14,0.15,25.0,0.26,0.364958315486776,0.36814527780457973
14,0.15,25.0,0.28,0.3649719969242104,0.36814527780457973
14,0.15,25.0,0.3,0.3647852904486173,0.36814527780457973
14,0.15,25.0,0.32,0.3852319958345245,0.36814527780457973
14,0.15,25.0,0.34,0.4047562118753975,0.36814527780457973
14,0.15,25.0,0.36,0.3949490199554025,0.36814527780457973
14,0.15,25.0,0.38,0.4018069775589272,0.36814527780457973
14,0.15,25.0,0.4,0.4008103351433062,0.36814527780457973
14,0.15,25.0,0.42,0.3938541074558997,0.36814527780457973
14,0.15,25.0,0.44,0.3892925755222198,0.36814527780457973
14,0.15,25.0,0.46,0.4005776100086248,0.36814527780457973
14,0.15,25.0,0.48,0.3922238374054222,0.36814527780457973
14,0.15,25.0,0.5,0.3813045878915031,0.36814527780457973
14,0.15,25.0,0.52,0.3856592306235105,0.36814527780457973
14,0.15,25.0,0.54,0.3833478099323265,0.36814527780457973
14,0.15,25.0,0.56,0.3766839059717558,0.36814527780457973
14,0.15,25.0,0.58,0.3739515339874822,0.36814527780457973
14,0.15,25.0,0.6,0.3727907162300352,0.36814527780457973
14,0.15,25.0,0.62,0.3630178546656846,0.36814527780457973
14,0.15,25.0,0.64,0.3567536046251242,0.36814527780457973
14,0.15,25.0,0.66,0.3648069650189167,0.36814527780457973
14,0.15,25.0,0.68,0.3592930454584342,0.36814527780457973
14,0.15,25.0,0.7000000000000001,0.3582772614287154,0.36814527780457973
14,0.15,25.0,0.72,0.3578820371948574,0.36814527780457973
14,0.15,25.0,0.74,0.3697089869018317,0.36814527780457973
14,0.15,30.0,0.0,0.4709824881118361,0.3770878598582045
14,0.15,30.0,0.02,0.4446623004337691,0.3770878598582045
14,0.15,30.0,0.04,0.4347503579360467,0.3770878598582045
14,0.15,30.0,0.06,0.4332688422393868,0.3770878598582045
14,0.15,30.0,0.08,0.423061707056802,0.3770878598582045
14,0.15,30.0,0.1,0.4191609591874408,0.3770878598582045
14,0.15,30.0,0.12,0.4209734393818625,0.3770878598582045
14,0.15,30.0,0.14,0.4349897423308891,0.3770878598582045
14,0.15,30.0,0.16,0.422455644470523,0.3770878598582045
14,0.15,30.0,0.18,0.4063961916312821,0.3770878598582045
14,0.15,30.0,0.2,0.3985183341268384,0.3770878598582045
14,0.15,30.0,0.22,0.3856152922300567,0.3770878598582045
14,0.15,30.0,0.24,0.3824201082279702,0.3770878598582045
14,0.15,30.0,0.26,0.382511457904319,0.3770878598582045
14,0.15,30.0,0.28,0.3798046880103285,0.3770878598582045
14,0.15,30.0,0.3,0.3740819292882987,0.3770878598582045
14,0.15,30.0,0.32,0.3642562072614272,0.3770878598582045
14,0.15,30.0,0.34,0.3748072945570395,0.3770878598582045
14,0.15,30.0,0.36,0.3676598887876882,0.3770878598582045
14,0.15,30.0,0.38,0.3648789162938763,0.3770878598582045
14,0.15,30.0,0.4,0.3754825204458957,0.3770878598582045
14,0.15,30.0,0.42,0.3806099317839179,0.3770878598582045
14,0.15,30.0,0.44,0.3754519676093294,0.3770878598582045
14,0.15,30.0,0.46,0.3726410228909449,0.3770878598582045
14,0.15,30.0,0.48,0.3673227980105031,0.3770878598582045
14,0.15,30.0,0.5,0.3591142008918819,0.3770878598582045
14,0.15,30.0,0.52,0.3713856631963381,0.3770878598582045
14,0.15,30.0,0.54,0.3779396558543718,0.3770878598582045
14,0.15,30.0,0.56,0.379970423979972,0.3770878598582045
14,0.15,30.0,0.58,0.3755452669876314,0.3770878598582045
14,0.15,30.0,0.6,0.3688511956071222,0.3770878598582045
14,0.15,30.0,0.62,0.3554620250018053,0.3770878598582045
14,0.15,30.0,0.64,0.3526515138263186,0.3770878598582045
14,0.15,30.0,0.66,0.3468640960384234,0.3770878598582045
14,0.15,30.0,0.68,0.344219737343293,0.3770878598582045
14,0.15,30.0,0.7000000000000001,0.3404702688190232,0.3770878598582045
14,0.15,30.0,0.72,0.3268855465586869,0.3770878598582045
14,0.15,30.0,0.74,0.3233887414254237,0.3770878598582045
14,0.15,40.0,0.0,0.3891338611597468,0.3803725541318274
14,0.15,40.0,0.02,0.386284117849091,0.3803725541318274
14,0.15,40.0,0.04,0.379274875937065,0.3803725541318274
14,0.15,40.0,0.06,0.3949177460729901,0.3803725541318274
14,0.15,40.0,0.08,0.3880457968729655,0.3803725541318274
14,0.15,40.0,0.1,0.4023562125942952,0.3803725541318274
14,0.15,40.0,0.12,0.4108987312877458,0.3803725541318274
14,0.15,40.0,0.14,0.4083760333841046,0.3803725541318274
14,0.15,40.0,0.16,0.4070662238145638,0.3803725541318274
14,0.15,40.0,0.18,0.3890061111119219,0.3803725541318274
14,0.15,40.0,0.2,0.3729290870019159,0.3803725541318274
14,0.15,40.0,0.22,0.3636048215554725,0.3803725541318274
14,0.15,40.0,0.24,0.3554863366501177,0.3803725541318274
14,0.15,40.0,0.26,0.3534850418071643,0.3803725541318274
14,0.15,40.0,0.28,0.3503982207369898,0.3803725541318274
14,0.15,40.0,0.3,0.3383100926847868,0.3803725541318274
14,0.15,40.0,0.32,0.3341129021038925,0.3803725541318274
14,0.15,40.0,0.34,0.3312468823162026,0.3803725541318274
14,0.15,40.0,0.36,0.3390109938984879,0.3803725541318274
14,0.15,40.0,0.38,0.3461651217719674,0.3803725541318274
14,0.15,40.0,0.4,0.3428569533746562,0.3803725541318274
14,0.15,40.0,0.42,0.3518441620972866,0.3803725541318274
14,0.15,40.0,0.44,0.3435329875044697,0.3803725541318274
14,0.15,40.0,0.46,0.343034433582031,0.3803725541318274
14,0.15,40.0,0.48,0.3554387815575366,0.3803725541318274
14,0.15,40.0,0.5,0.3584895501152454,0.3803725541318274
14,0.15,40.0,0.52,0.3610444650339365,0.3803725541318274
14,0.15,40.0,0.54,0.36519449684262,0.3803725541318274
14,0.15,40.0,0.56,0.3734226614850811,0.3803725541318274
14,0.15,40.0,0.58,0.3960363026777219,0.3803725541318274
14,0.15,40.0,0.6,0.4125382370307799,0.3803725541318274
14,0.15,40.0,0.62,0.4092311263810862,0.3803725541318274
14,0.15,40.0,0.64,0.410387893913723,0.3803725541318274
14,0.15,40.0,0.66,0.4057096946454857,0.3803725541318274
14,0.15,40.0,0.68,0.4014227217889214,0.3803725541318274
14,0.15,40.0,0.7000000000000001,0.3943788642464537,0.3803725541318274
14,0.15,40.0,0.72,0.3859985773546394,0.3803725541318274
14,0.15,40.0,0.74,0.3806891567776221,0.3803725541318274
14,0.15,50.0,0.0,0.3843620788867429,0.37744163702907485
14,0.15,50.0,0.02,0.3684023135191637,0.37744163702907485
14,0.15,50.0,0.04,0.341638150033089,0.37744163702907485
14,0.15,50.0,0.06,0.367621625912897,0.37744163702907485
14,0.15,50.0,0.08,0.3740199439769177,0.37744163702907485
14,0.15,50.0,0.1,0.3731604920003755,0.37744163702907485
14,0.15,50.0,0.12,0.3600976520397729,0.37744163702907485
14,0.15,50.0,0.14,0.3466435555793415,0.37744163702907485
14,0.15,50.0,0.16,0.3453801917066635,0.37744163702907485
14,0.15,50.0,0.18,0.3363944503422799,0.37744163702907485
14,0.15,50.0,0.2,0.3386286430490617,0.37744163702907485
14,0.15,50.0,0.22,0.3343527114549082,0.37744163702907485
14,0.15,50.0,0.24,0.321044746695569,0.37744163702907485
14,0.15,50.0,0.26,0.3171038783064201,0.37744163702907485
14,0.15,50.0,0.28,0.3375728709766355,0.37744163702907485
14,0.15,50.0,0.3,0.3520272827540441,0.37744163702907485
14,0.15,50.0,0.32,0.3613867108453789,0.37744163702907485
14,0.15,50.0,0.34,0.3577668534465192,0.37744163702907485
14,0.15,50.0,0.36,0.3544014894380979,0.37744163702907485
14,0.15,50.0,0.38,0.3563671101759156,0.37744163702907485
14,0.15,50.0,0.4,0.3529651420746663,0.37744163702907485
14,0.15,50.0,0.42,0.3486560885839002,0.37744163702907485
14,0.15,50.0,0.44,0.3373230579549956,0.37744163702907485
14,0.15,50.0,0.46,0.3296199818098502,0.37744163702907485
14,0.15,50.0,0.48,0.3319871585960066,0.37744163702907485
14,0.15,50.0,0.5,0.330849624464982,0.37744163702907485
14,0.15,50.0,0.52,0.3224299128742416,0.37744163702907485
14,0.15,50.0,0.54,0.3275812671054907,0.37744163702907485
14,0.15,50.0,0.56,0.3303860743828525,0.37744163702907485
14,0.15,50.0,0.58,0.3341630969653835,0.37744163702907485
14,0.15,50.0,0.6,0.3254033446626507,0.37744163702907485
14,0.15,50.0,0.62,0.3285216163302139,0.37744163702907485
14,0.15,50.0,0.64,0.3222142449041223,0.37744163702907485
14,0.15,50.0,0.66,0.3174002252454596,0.37744163702907485
14,0.15,50.0,0.68,0.3305121932159334,0.37744163702907485
14,0.15,50.0,0.7000000000000001,0.3340455846780805,0.37744163702907485
14,0.15,50.0,0.72,0.3263648421660053,0.37744163702907485
14,0.15,50.0,0.74,0.3379988498520954,0.37744163702907485
14,0.15,100.0,0.0,0.4024368062236877,0.41183497611122055
14,0.15,100.0,0.02,0.4398984620125198,0.41183497611122055
14,0.15,100.0,0.04,0.4350288395812098,0.41183497611122055
14,0.15,100.0,0.06,0.4184861699789139,0.41183497611122055
14,0.15,100.0,0.08,0.3996100566240252,0.41183497611122055
14,0.15,100.0,0.1,0.408578250342398,0.41183497611122055
14,0.15,100.0,0.12,0.4246739890768688,0.41183497611122055
14,0.15,100.0,0.14,0.4263793858263643,0.41183497611122055
14,0.15,100.0,0.16,0.4274818722554293,0.41183497611122055
14,0.15,100.0,0.18,0.4270943509381574,0.41183497611122055
14,0.15,100.0,0.2,0.4269025373015615,0.41183497611122055
14,0.15,100.0,0.22,0.4266582205619721,0.41183497611122055
14,0.15,100.0,0.24,0.4266204788032635,0.41183497611122055
14,0.15,100.0,0.26,0.4265799562911906,0.41183497611122055
14,0.15,100.0,0.28,0.4266682234739883,0.41183497611122055
14,0.15,100.0,0.3,0.4268093807550777,0.41183497611122055
14,0.15,100.0,0.32,0.4268063536848205,0.41183497611122055
14,0.15,100.0,0.34,0.4268279398144222,0.41183497611122055
14,0.15,100.0,0.36,0.4268565272258812,0.41183497611122055
14,0.15,100.0,0.38,0.4267545050866127,0.41183497611122055
14,0.15,100.0,0.4,0.4267858258510993,0.41183497611122055
14,0.15,100.0,0.42,0.426737611428345,0.41183497611122055
14,0.15,100.0,0.44,0.427031863166545,0.41183497611122055
14,0.15,100.0,0.46,0.4268848930178242,0.41183497611122055
14,0.15,100.0,0.48,0.4270109573863334,0.41183497611122055
14,0.15,100.0,0.5,0.4271988489393774,0.41183497611122055
14,0.15,100.0,0.52,0.4273841082211897,0.41183497611122055
14,0.15,100.0,0.54,0.4276510734503505,0.41183497611122055
14,0.15,100.0,0.56,0.4281106186122088,0.41183497611122055
14,0.15,100.0,0.58,0.4279587577562252,0.41183497611122055
14,0.15,100.0,0.6,0.427768724099326,0.41183497611122055
14,0.15,100.0,0.62,0.4271553468570058,0.41183497611122055
14,0.15,100.0,0.64,0.4271923524982148,0.41183497611122055
14,0.15,100.0,0.66,0.4275386044103135,0.41183497611122055
14,0.15,100.0,0.68,0.4279734177392242,0.41183497611122055
14,0.15,100.0,0.7000000000000001,0.428818003528602,0.41183497611122055
14,0.15,100.0,0.72,0.4292548491069441,0.41183497611122055
14,0.15,100.0,0.74,0.4292967929245347,0.41183497611122055
10,0.2,0.0,0.0,0.3892198932485389,0.2965800570536289
10,0.2,0.0,0.02,0.3555030497639153,0.2965800570536289
10,0.2,0.0,0.04,0.3218830889764098,0.2965800570536289
10,0.2,0.0,0.06,0.3445514515791484,0.2965800570536289
10,0.2,0.0,0.08,0.3370867930320341,0.2965800570536289
10,0.2,0.0,0.1,0.3230893509100859,0.2965800570536289
10,0.2,0.0,0.12,0.3109916217640694,0.2965800570536289
10,0.2,0.0,0.14,0.2983274804826407,0.2965800570536289
10,0.2,0.0,0.16,0.2936405514361275,0.2965800570536289
10,0.2,0.0,0.18,0.2858192648462586,0.2965800570536289
10,0.2,0.0,0.2,0.2825236778856938,0.2965800570536289
10,0.2,0.0,0.22,0.2826639758580522,0.2965800570536289
10,0.2,0.0,0.24,0.2846842943200341,0.2965800570536289
10,0.2,0.0,0.26,0.2851495165455183,0.2965800570536289
10,0.2,0.0,0.28,0.2885136444357729,0.2965800570536289
10,0.2,0.0,0.3,0.2907537718763814,0.2965800570536289
10,0.2,0.0,0.32,0.2902146153397274,0.2965800570536289
10,0.2,0.0,0.34,0.2988730683633144,0.2965800570536289
10,0.2,0.0,0.36,0.2932422357992765,0.2965800570536289
10,0.2,0.0,0.38,0.2877920791853163,0.2965800570536289
10,0.2,0.0,0.4,0.2793739008880686,0.2965800570536289
10,0.2,0.0,0.42,0.2750934969891547,0.2965800570536289
10,0.2,0.0,0.44,0.2758769414812551,0.2965800570536289
10,0.2,0.0,0.46,0.2780915245470987,0.2965800570536289
10,0.2,0.0,0.48,0.2758192594331302,0.2965800570536289
10,0.2,0.0,0.5,0.2781194585747547,0.2965800570536289
10,0.2,0.0,0.52,0.2828644389058165,0.2965800570536289
10,0.2,0.0,0.54,0.28323627874099,0.2965800570536289
10,0.2,0.0,0.56,0.2801351513482435,0.2965800570536289
10,0.2,0.0,0.58,0.2756595198283129,0.2965800570536289
10,0.2,0.0,0.6,0.2787618548941475,0.2965800570536289
10,0.2,0.0,0.62,0.2758340519289469,0.2965800570536289
10,0.2,0.0,0.64,0.2800469665634389,0.2965800570536289
10,0.2,0.0,0.66,0.2840800154396935,0.2965800570536289
10,0.2,0.0,0.68,0.291112619161011,0.2965800570536289
10,0.2,0.0,0.7000000000000001,0.2852252952412938,0.2965800570536289
10,0.2,0.0,0.72,0.2799081385255567,0.2965800570536289
10,0.2,0.0,0.74,0.2852634169954389,0.2965800570536289
10,0.2,5.0,0.0,0.3937177937517037,0.2836560600878235
10,0.2,5.0,0.02,0.3503372979792039,0.2836560600878235
10,0.2,5.0,0.04,0.3414596123146305,0.2836560600878235
10,0.2,5.0,0.06,0.3340379203455174,0.2836560600878235
10,0.2,5.0,0.08,0.3202797068131555,0.2836560600878235
10,0.2,5.0,0.1,0.2998899399036784,0.2836560600878235
10,0.2,5.0,0.12,0.2943870418210353,0.2836560600878235
10,0.2,5.0,0.14,0.2912886224667567,0.2836560600878235
10,0.2,5.0,0.16,0.2883220113302437,0.2836560600878235
10,0.2,5.0,0.18,0.2778400757861695,0.2836560600878235
10,0.2,5.0,0.2,0.274081194934111,0.2836560600878235
10,0.2,5.0,0.22,0.2701553658864304,0.2836560600878235
10,0.2,5.0,0.24,0.2658472834659898,0.2836560600878235
10,0.2,5.0,0.26,0.2660438937284667,0.2836560600878235
10,0.2,5.0,0.28,0.2610975860047967,0.2836560600878235
10,0.2,5.0,0.3,0.2605622868766773,0.2836560600878235
10,0.2,5.0,0.32,0.26319157066972,0.2836560600878235
10,0.2,5.0,0.34,0.2579602346629958,0.2836560600878235
10,0.2,5.0,0.36,0.2515047082446524,0.2836560600878235
10,0.2,5.0,0.38,0.2514243833469631,0.2836560600878235
10,0.2,5.0,0.4,0.2542660437200461,0.2836560600878235
10,0.2,5.0,0.42,0.2504518842456845,0.2836560600878235
10,0.2,5.0,0.44,0.2499922384921092,0.2836560600878235
10,0.2,5.0,0.46,0.2525084310107591,0.2836560600878235
10,0.2,5.0,0.48,0.2545627571840321,0.2836560600878235
10,0.2,5.0,0.5,0.2528887097402239,0.2836560600878235
10,0.2,5.0,0.52,0.2510693786559824,0.2836560600878235
10,0.2,5.0,0.54,0.2575416632696504,0.2836560600878235
10,0.2,5.0,0.56,0.2574439005485022,0.2836560600878235
10,0.2,5.0,0.58,0.2530103047728638,0.2836560600878235
10,0.2,5.0,0.6,0.2516028415038712,0.2836560600878235
10,0.2,5.0,0.62,0.2493815166986626,0.2836560600878235
10,0.2,5.0,0.64,0.2477093386198006,0.2836560600878235
10,0.2,5.0,0.66,0.2550003703994771,0.2836560600878235
10,0.2,5.0,0.68,0.2514969003110655,0.2836560600878235
10,0.2,5.0,0.7000000000000001,0.2415564850403348,0.2836560600878235
10,0.2,5.0,0.72,0.2366287675895562,0.2836560600878235
10,0.2,5.0,0.74,0.2413951605076211,0.2836560600878235
10,0.2,10.0,0.0,0.3917429563746564,0.2935785152952781
10,0.2,10.0,0.02,0.3500416343625332,0.2935785152952781
10,0.2,10.0,0.04,0.3565570626452989,0.2935785152952781
10,0.2,10.0,0.06,0.3618346758224326,0.2935785152952781
10,0.2,10.0,0.08,0.3696238028062322,0.2935785152952781
10,0.2,10.0,0.1,0.3709456651006448,0.2935785152952781
10,0.2,10.0,0.12,0.3653170507746663,0.2935785152952781
10,0.2,10.0,0.14,0.3605460115707498,0.2935785152952781
10,0.2,10.0,0.16,0.347721121140886,0.2935785152952781
10,0.2,10.0,0.18,0.3314269891004377,0.2935785152952781
10,0.2,10.0,0.2,0.32080762874823,0.2935785152952781
10,0.2,10.0,0.22,0.3161296679260432,0.2935785152952781
10,0.2,10.0,0.24,0.3134460432702262,0.2935785152952781
10,0.2,10.0,0.26,0.3074277365567538,0.2935785152952781
10,0.2,10.0,0.28,0.3035610830836449,0.2935785152952781
10,0.2,10.0,0.3,0.2950873771991573,0.2935785152952781
10,0.2,10.0,0.32,0.2909964940004532,0.2935785152952781
10,0.2,10.0,0.34,0.2874032085119151,0.2935785152952781
10,0.2,10.0,0.36,0.2878930973408456,0.2935785152952781
10,0.2,10.0,0.38,0.2846870316029455,0.2935785152952781
10,0.2,10.0,0.4,0.2782722826835438,0.2935785152952781
10,0.2,10.0,0.42,0.2790496583086133,0.2935785152952781
10,0.2,10.0,0.44,0.2738066441147743,0.2935785152952781
10,0.2,10.0,0.46,0.2694800149589994,0.2935785152952781
10,0.2,10.0,0.48,0.2647107587196887,0.2935785152952781
10,0.2,10.0,0.5,0.2596265103544667,0.2935785152952781
10,0.2,10.0,0.52,0.2518811119923193,0.2935785152952781
10,0.2,10.0,0.54,0.2674844429213523,0.2935785152952781
10,0.2,10.0,0.56,0.2792951542242316,0.2935785152952781
10,0.2,10.0,0.58,0.2773847470796658,0.2935785152952781
10,0.2,10.0,0.6,0.2773716234011661,0.2935785152952781
10,0.2,10.0,0.62,0.2742986982954859,0.2935785152952781
10,0.2,10.0,0.64,0.278742242353778,0.2935785152952781
10,0.2,10.0,0.66,0.2738710815643634,0.2935785152952781
10,0.2,10.0,0.68,0.2690952439103413,0.2935785152952781
10,0.2,10.0,0.7000000000000001,0.2707379454021869,0.2935785152952781
10,0.2,10.0,0.72,0.2697995175769503,0.2935785152952781
10,0.2,10.0,0.74,0.2663602927854199,0.2935785152952781
10,0.2,15.0,0.0,0.4092679865771373,0.291632231048269
10,0.2,15.0,0.02,0.3731271234497292,0.291632231048269
10,0.2,15.0,0.04,0.3680370420755068,0.291632231048269
10,0.2,15.0,0.06,0.3592784583539397,0.291632231048269
10,0.2,15.0,0.08,0.3323491729493165,0.291632231048269
10,0.2,15.0,0.1,0.3145944900753608,0.291632231048269
10,0.2,15.0,0.12,0.2998635570614906,0.291632231048269
10,0.2,15.0,0.14,0.2950669141744452,0.291632231048269
10,0.2,15.0,0.16,0.2917925659319422,0.291632231048269
10,0.2,15.0,0.18,0.2779074802808875,0.291632231048269
10,0.2,15.0,0.2,0.2765517915063781,0.291632231048269
10,0.2,15.0,0.22,0.2902179730058304,0.291632231048269
10,0.2,15.0,0.24,0.2881002634378808,0.291632231048269
10,0.2,15.0,0.26,0.2870352587570787,0.291632231048269
10,0.2,15.0,0.28,0.2742251992469645,0.291632231048269
10,0.2,15.0,0.3,0.2720799193511265,0.291632231048269
10,0.2,15.0,0.32,0.2678921140481631,0.291632231048269
10,0.2,15.0,0.34,0.2643174812101991,0.291632231048269
10,0.2,15.0,0.36,0.26854932933713,0.291632231048269
10,0.2,15.0,0.38,0.2724532532991477,0.291632231048269
10,0.2,15.0,0.4,0.2711140290192482,0.291632231048269
10,0.2,15.0,0.42,0.2706770074917244,0.291632231048269
10,0.2,15.0,0.44,0.2693489158546952,0.291632231048269
10,0.2,15.0,0.46,0.2595433258209256,0.291632231048269
10,0.2,15.0,0.48,0.2670614132088421,0.291632231048269
10,0.2,15.0,0.5,0.2643952426065195,0.291632231048269
10,0.2,15.0,0.52,0.2623838516978335,0.291632231048269
10,0.2,15.0,0.54,0.264995345447703,0.291632231048269
10,0.2,15.0,0.56,0.2709467482847346,0.291632231048269
10,0.2,15.0,0.58,0.273405640119568,0.291632231048269
10,0.2,15.0,0.6,0.2698322622130007,0.291632231048269
10,0.2,15.0,0.62,0.274496831314192,0.291632231048269
10,0.2,15.0,0.64,0.2708132930554733,0.291632231048269
10,0.2,15.0,0.66,0.2674269730720136,0.291632231048269
10,0.2,15.0,0.68,0.267084249179233,0.291632231048269
10,0.2,15.0,0.7000000000000001,0.2629402237990426,0.291632231048269
10,0.2,15.0,0.72,0.2638782618715029,0.291632231048269
10,0.2,15.0,0.74,0.2590682749527707,0.291632231048269
10,0.2,20.0,0.0,0.3759078636449017,0.3041760527189925
10,0.2,20.0,0.02,0.3791569238075872,0.3041760527189925
10,0.2,20.0,0.04,0.3810622040008783,0.3041760527189925
10,0.2,20.0,0.06,0.3760635763123708,0.3041760527189925
10,0.2,20.0,0.08,0.3462149016573648,0.3041760527189925
10,0.2,20.0,0.1,0.3228550822270382,0.3041760527189925
10,0.2,20.0,0.12,0.3094020688285492,0.3041760527189925
10,0.2,20.0,0.14,0.3023827593551065,0.3041760527189925
10,0.2,20.0,0.16,0.298736247299407,0.3041760527189925
10,0.2,20.0,0.18,0.2927592322439565,0.3041760527189925
10,0.2,20.0,0.2,0.2853283746179396,0.3041760527189925
10,0.2,20.0,0.22,0.2838492007155646,0.3041760527189925
10,0.2,20.0,0.24,0.278625006683045,0.3041760527189925
10,0.2,20.0,0.26,0.2917146210613035,0.3041760527189925
10,0.2,20.0,0.28,0.2950342467014828,0.3041760527189925
10,0.2,20.0,0.3,0.2948418857373804,0.3041760527189925
10,0.2,20.0,0.32,0.2919794114243285,0.3041760527189925
10,0.2,20.0,0.34,0.2920411214902022,0.3041760527189925
10,0.2,20.0,0.36,0.2878729003835877,0.3041760527189925
10,0.2,20.0,0.38,0.2893599532577281,0.3041760527189925
10,0.2,20.0,0.4,0.2868953655624759,0.3041760527189925
10,0.2,20.0,0.42,0.2889890298611701,0.3041760527189925
10,0.2,20.0,0.44,0.288636326273178,0.3041760527189925
10,0.2,20.0,0.46,0.2900682265450777,0.3041760527189925
10,0.2,20.0,0.48,0.2943959102671952,0.3041760527189925
10,0.2,20.0,0.5,0.2909618973129347,0.3041760527189925
10,0.2,20.0,0.52,0.2890775440979511,0.3041760527189925
10,0.2,20.0,0.54,0.2950751054354839,0.3041760527189925
10,0.2,20.0,0.56,0.2974347411817169,0.3041760527189925
10,0.2,20.0,0.58,0.2844909257209699,0.3041760527189925
10,0.2,20.0,0.6,0.2793354787872269,0.3041760527189925
10,0.2,20.0,0.62,0.2927300769212604,0.3041760527189925
10,0.2,20.0,0.64,0.2981072891832196,0.3041760527189925
10,0.2,20.0,0.66,0.285807209686526,0.3041760527189925
10,0.2,20.0,0.68,0.2786218628724,0.3041760527189925
10,0.2,20.0,0.7000000000000001,0.2765911521507446,0.3041760527189925
10,0.2,20.0,0.72,0.2771036106999356,0.3041760527189925
10,0.2,20.0,0.74,0.2979713133948486,0.3041760527189925
10,0.2,25.0,0.0,0.3961529700148397,0.3077810450734469
10,0.2,25.0,0.02,0.3776321482372355,0.3077810450734469
10,0.2,25.0,0.04,0.3728720284981305,0.3077810450734469
10,0.2,25.0,0.06,0.3657184316214811,0.3077810450734469
10,0.2,25.0,0.08,0.3637121347681577,0.3077810450734469
10,0.2,25.0,0.1,0.3633221761826479,0.3077810450734469
10,0.2,25.0,0.12,0.3490205306374149,0.3077810450734469
10,0.2,25.0,0.14,0.3408336132548049,0.3077810450734469
10,0.2,25.0,0.16,0.3209986204972259,0.3077810450734469
10,0.2,25.0,0.18,0.3123062087976049,0.3077810450734469
10,0.2,25.0,0.2,0.3066454323972343,0.3077810450734469
10,0.2,25.0,0.22,0.3084993458915714,0.3077810450734469
10,0.2,25.0,0.24,0.3032100731699675,0.3077810450734469
10,0.2,25.0,0.26,0.2989908158506008,0.3077810450734469
10,0.2,25.0,0.28,0.2917508225922411,0.3077810450734469
10,0.2,25.0,0.3,0.2898621276384307,0.3077810450734469
10,0.2,25.0,0.32,0.2839427121269878,0.3077810450734469
10,0.2,25.0,0.34,0.2836862999880114,0.3077810450734469
10,0.2,25.0,0.36,0.2871138177482134,0.3077810450734469
10,0.2,25.0,0.38,0.2950527189746829,0.3077810450734469
10,0.2,25.0,0.4,0.3007500537212773,0.3077810450734469
10,0.2,25.0,0.42,0.2978374232608711,0.3077810450734469
10,0.2,25.0,0.44,0.2868673908120391,0.3077810450734469
10,0.2,25.0,0.46,0.2920043130278873,0.3077810450734469
10,0.2,25.0,0.48,0.3001548986256704,0.3077810450734469
10,0.2,25.0,0.5,0.2946996959095314,0.3077810450734469
10,0.2,25.0,0.52,0.2897647779736834,0.3077810450734469
10,0.2,25.0,0.54,0.2940970530570609,0.3077810450734469
10,0.2,25.0,0.56,0.2880352978587531,0.3077810450734469
10,0.2,25.0,0.58,0.2895929639184777,0.3077810450734469
10,0.2,25.0,0.6,0.2944258892842715,0.3077810450734469
10,0.2,25.0,0.62,0.2926504569081174,0.3077810450734469
10,0.2,25.0,0.64,0.2835505263816666,0.3077810450734469
10,0.2,25.0,0.66,0.2788913553234556,0.3077810450734469
10,0.2,25.0,0.68,0.2761152821251927,0.3077810450734469
10,0.2,25.0,0.7000000000000001,0.2895872263638002,0.3077810450734469
10,0.2,25.0,0.72,0.2974821501042219,0.3077810450734469
10,0.2,25.0,0.74,0.2943865603123839,0.3077810450734469
10,0.2,30.0,0.0,0.4040848171040935,0.3045849930336444
10,0.2,30.0,0.02,0.3473218120323105,0.3045849930336444
10,0.2,30.0,0.04,0.3189136176059327,0.3045849930336444
10,0.2,30.0,0.06,0.3316934749065468,0.3045849930336444
10,0.2,30.0,0.08,0.3301245585363161,0.3045849930336444
10,0.2,30.0,0.1,0.3240012480447022,0.3045849930336444
10,0.2,30.0,0.12,0.332764386006293,0.3045849930336444
10,0.2,30.0,0.14,0.33356556578207,0.3045849930336444
10,0.2,30.0,0.16,0.3239731243060461,0.3045849930336444
10,0.2,30.0,0.18,0.3112127357810513,0.3045849930336444
10,0.2,30.0,0.2,0.3055505617375989,0.3045849930336444
10,0.2,30.0,0.22,0.3024060869656806,0.3045849930336444
10,0.2,30.0,0.24,0.3073461986111435,0.3045849930336444
10,0.2,30.0,0.26,0.3020562694919255,0.3045849930336444
10,0.2,30.0,0.28,0.2941547233160841,0.3045849930336444
10,0.2,30.0,0.3,0.3000084017376542,0.3045849930336444
10,0.2,30.0,0.32,0.3051003695989801,0.3045849930336444
10,0.2,30.0,0.34,0.3066506751402317,0.3045849930336444
10,0.2,30.0,0.36,0.2981815698628261,0.3045849930336444
10,0.2,30.0,0.38,0.2886035152097279,0.3045849930336444
10,0.2,30.0,0.4,0.2876282173476946,0.3045849930336444
10,0.2,30.0,0.42,0.2866394715092138,0.3045849930336444
10,0.2,30.0,0.44,0.2887428609301311,0.3045849930336444
10,0.2,30.0,0.46,0.2886065610604262,0.3045849930336444
10,0.2,30.0,0.48,0.3003927204724121,0.3045849930336444
10,0.2,30.0,0.5,0.3058895673893937,0.3045849930336444
10,0.2,30.0,0.52,0.3029578770796364,0.3045849930336444
10,0.2,30.0,0.54,0.2956353570571156,0.3045849930336444
10,0.2,30.0,0.56,0.2876532256014409,0.3045849930336444
10,0.2,30.0,0.58,0.278847165188801,0.3045849930336444
10,0.2,30.0,0.6,0.2736400601095073,0.3045849930336444
10,0.2,30.0,0.62,0.2740626111789528,0.3045849930336444
10,0.2,30.0,0.64,0.2959904633863294,0.3045849930336444
10,0.2,30.0,0.66,0.2924486503037551,0.3045849930336444
10,0.2,30.0,0.68,0.2821568375260063,0.3045849930336444
10,0.2,30.0,0.7000000000000001,0.2816515900434146,0.3045849930336444
10,0.2,30.0,0.72,0.2739234644770036,0.3045849930336444
10,0.2,30.0,0.74,0.2784475882879417,0.3045849930336444
10,0.2,40.0,0.0,0.4152755156918317,0.3181067835482837
10,0.2,40.0,0.02,0.4054204895144336,0.3181067835482837
10,0.2,40.0,0.04,0.3873906141210728,0.3181067835482837
10,0.2,40.0,0.06,0.3737648716914898,0.3181067835482837
10,0.2,40.0,0.08,0.3463576371079365,0.3181067835482837
10,0.2,40.0,0.1,0.3292370306041528,0.3181067835482837
10,0.2,40.0,0.12,0.3523742946933255,0.3181067835482837
10,0.2,40.0,0.14,0.3837413472552726,0.3181067835482837
10,0.2,40.0,0.16,0.4028885261004992,0.3181067835482837
10,0.2,40.0,0.18,0.3795358080790146,0.3181067835482837
10,0.2,40.0,0.2,0.3615184024561929,0.3181067835482837
10,0.2,40.0,0.22,0.3410757610730672,0.3181067835482837
10,0.2,40.0,0.24,0.3465450289145159,0.3181067835482837
10,0.2,40.0,0.26,0.3479223707828826,0.3181067835482837
10,0.2,40.0,0.28,0.343084647477857,0.3181067835482837
10,0.2,40.0,0.3,0.33103023598089,0.3181067835482837
10,0.2,40.0,0.32,0.3240910854421028,0.3181067835482837
10,0.2,40.0,0.34,0.3433791284651045,0.3181067835482837
10,0.2,40.0,0.36,0.3373205618167354,0.3181067835482837
10,0.2,40.0,0.38,0.327461116628677,0.3181067835482837
10,0.2,40.0,0.4,0.3288267229527346,0.3181067835482837
10,0.2,40.0,0.42,0.3226719519770256,0.3181067835482837
10,0.2,40.0,0.44,0.3119726329356634,0.3181067835482837
10,0.2,40.0,0.46,0.3073575130594096,0.3181067835482837
10,0.2,40.0,0.48,0.3131907340295787,0.3181067835482837
10,0.2,40.0,0.5,0.3169787186908441,0.3181067835482837
10,0.2,40.0,0.52,0.3051802681584422,0.3181067835482837
10,0.2,40.0,0.54,0.2935649207895989,0.3181067835482837
10,0.2,40.0,0.56,0.287619534559855,0.3181067835482837
10,0.2,40.0,0.58,0.2873112280111717,0.3181067835482837
10,0.2,40.0,0.6,0.3029915216493706,0.3181067835482837
10,0.2,40.0,0.62,0.3096619496875303,0.3181067835482837
10,0.2,40.0,0.64,0.3061110212388174,0.3181067835482837
10,0.2,40.0,0.66,0.3035308559405513,0.3181067835482837
10,0.2,40.0,0.68,0.2908236198374896,0.3181067835482837
10,0.2,40.0,0.7000000000000001,0.3047776789484296,0.3181067835482837
10,0.2,40.0,0.72,0.3228199435499252,0.3181067835482837
10,0.2,40.0,0.74,0.3183800757741318,0.3181067835482837
10,0.2,50.0,0.0,0.4164622079536976,0.32076031137249067
10,0.2,50.0,0.02,0.3654794516660442,0.32076031137249067
10,0.2,50.0,0.04,0.3719407016659953,0.32076031137249067
10,0.2,50.0,0.06,0.3572960836397632,0.32076031137249067
10,0.2,50.0,0.08,0.3353647326119819,0.32076031137249067
10,0.2,50.0,0.1,0.3177641748280326,0.32076031137249067
10,0.2,50.0,0.12,0.3264953950898732,0.32076031137249067
10,0.2,50.0,0.14,0.3161995309948497,0.32076031137249067
10,0.2,50.0,0.16,0.3018354999657084,0.32076031137249067
10,0.2,50.0,0.18,0.2970517552372936,0.32076031137249067
10,0.2,50.0,0.2,0.2944048945269857,0.32076031137249067
10,0.2,50.0,0.22,0.2927450778338267,0.32076031137249067
10,0.2,50.0,0.24,0.2932334884275475,0.32076031137249067
10,0.2,50.0,0.26,0.3083812724677087,0.32076031137249067
10,0.2,50.0,0.28,0.3205390141463682,0.32076031137249067
10,0.2,50.0,0.3,0.3205944986743523,0.32076031137249067
10,0.2,50.0,0.32,0.3188877253803246,0.32076031137249067
10,0.2,50.0,0.34,0.3121144307003639,0.32076031137249067
10,0.2,50.0,0.36,0.3108494379683201,0.32076031137249067
10,0.2,50.0,0.38,0.3214892865029888,0.32076031137249067
10,0.2,50.0,0.4,0.3299132673224509,0.32076031137249067
10,0.2,50.0,0.42,0.3348846338942295,0.32076031137249067
10,0.2,50.0,0.44,0.3384815636089824,0.32076031137249067
10,0.2,50.0,0.46,0.3290867097435625,0.32076031137249067
10,0.2,50.0,0.48,0.3234464608679064,0.32076031137249067
10,0.2,50.0,0.5,0.3251743155495866,0.32076031137249067
10,0.2,50.0,0.52,0.3220506656447489,0.32076031137249067
10,0.2,50.0,0.54,0.3235362194745462,0.32076031137249067
10,0.2,50.0,0.56,0.3274387249447585,0.32076031137249067
10,0.2,50.0,0.58,0.3289811186941265,0.32076031137249067
10,0.2,50.0,0.6,0.3294053049214716,0.32076031137249067
10,0.2,50.0,0.62,0.334635030306192,0.32076031137249067
10,0.2,50.0,0.64,0.33784074991851,0.32076031137249067
10,0.2,50.0,0.66,0.3380225144146354,0.32076031137249067
10,0.2,50.0,0.68,0.3387713791212726,0.32076031137249067
10,0.2,50.0,0.7000000000000001,0.3387826136745718,0.32076031137249067
10,0.2,50.0,0.72,0.3388204899805738,0.32076031137249067
10,0.2,50.0,0.74,0.3385145196694797,0.32076031137249067
10,0.2,100.0,0.0,0.4087979050367666,0.3680668185065753
10,0.2,100.0,0.02,0.369176132721797,0.3680668185065753
10,0.2,100.0,0.04,0.3616435234988626,0.3680668185065753
10,0.2,100.0,0.06,0.3642665467717591,0.3680668185065753
10,0.2,100.0,0.08,0.3541682725411328,0.3680668185065753
10,0.2,100.0,0.1,0.3753445826143252,0.3680668185065753
10,0.2,100.0,0.12,0.3758959335907617,0.3680668185065753
10,0.2,100.0,0.14,0.3669611482692204,0.3680668185065753
10,0.2,100.0,0.16,0.3765437571821836,0.3680668185065753
10,0.2,100.0,0.18,0.3765953694484926,0.3680668185065753
10,0.2,100.0,0.2,0.3746616538470923,0.3680668185065753
10,0.2,100.0,0.22,0.3682570600063852,0.3680668185065753
10,0.2,100.0,0.24,0.3615224797067771,0.3680668185065753
10,0.2,100.0,0.26,0.3565102341963962,0.3680668185065753
10,0.2,100.0,0.28,0.3614090288717028,0.3680668185065753
10,0.2,100.0,0.3,0.3539024554404502,0.3680668185065753
10,0.2,100.0,0.32,0.3574822606300175,0.3680668185065753
10,0.2,100.0,0.34,0.35955661307297,0.3680668185065753
10,0.2,100.0,0.36,0.3602477758122754,0.3680668185065753
10,0.2,100.0,0.38,0.3619641829416052,0.3680668185065753
10,0.2,100.0,0.4,0.3739336991210947,0.3680668185065753
10,0.2,100.0,0.42,0.3886377586900903,0.3680668185065753
10,0.2,100.0,0.44,0.3839950920623854,0.3680668185065753
10,0.2,100.0,0.46,0.3655333685664133,0.3680668185065753
10,0.2,100.0,0.48,0.3788532838405527,0.3680668185065753
10,0.2,100.0,0.5,0.3824864674119147,0.3680668185065753
10,0.2,100.0,0.52,0.3713810806349831,0.3680668185065753
10,0.2,100.0,0.54,0.3622791171434862,0.3680668185065753
10,0.2,100.0,0.56,0.3498233601079798,0.3680668185065753
10,0.2,100.0,0.58,0.3393629412313604,0.3680668185065753
10,0.2,100.0,0.6,0.3224149550144737,0.3680668185065753
10,0.2,100.0,0.62,0.3132003199859741,0.3680668185065753
10,0.2,100.0,0.64,0.3145110352538571,0.3680668185065753
10,0.2,100.0,0.66,0.318827307305135,0.3680668185065753
10,0.2,100.0,0.68,0.3160787715280628,0.3680668185065753
10,0.2,100.0,0.7000000000000001,0.3354179577354055,0.3680668185065753
10,0.2,100.0,0.72,0.337284807584244,0.3680668185065753
10,0.2,100.0,0.74,0.3348400552971433,0.3680668185065753
11,0.2,0.0,0.0,0.3870596681896394,0.2965800570536289
11,0.2,0.0,0.02,0.3359104421302998,0.2965800570536289
11,0.2,0.0,0.04,0.3300110431632447,0.2965800570536289
11,0.2,0.0,0.06,0.3200565722904606,0.2965800570536289
11,0.2,0.0,0.08,0.3370651185744061,0.2965800570536289
11,0.2,0.0,0.1,0.3182785935497191,0.2965800570536289
11,0.2,0.0,0.12,0.3054471941433338,0.2965800570536289
11,0.2,0.0,0.14,0.3038842737246975,0.2965800570536289
11,0.2,0.0,0.16,0.2966480620617827,0.2965800570536289
11,0.2,0.0,0.18,0.2891093967240314,0.2965800570536289
11,0.2,0.0,0.2,0.2808842682159883,0.2965800570536289
11,0.2,0.0,0.22,0.2803624074595529,0.2965800570536289
11,0.2,0.0,0.24,0.2801233564059054,0.2965800570536289
11,0.2,0.0,0.26,0.2880048053191991,0.2965800570536289
11,0.2,0.0,0.28,0.285516394809502,0.2965800570536289
11,0.2,0.0,0.3,0.2903757629157298,0.2965800570536289
11,0.2,0.0,0.32,0.2867612699687459,0.2965800570536289
11,0.2,0.0,0.34,0.2803428629288548,0.2965800570536289
11,0.2,0.0,0.36,0.2803983802415141,0.2965800570536289
11,0.2,0.0,0.38,0.2765597084549588,0.2965800570536289
11,0.2,0.0,0.4,0.2755259191367946,0.2965800570536289
11,0.2,0.0,0.42,0.2842867393737674,0.2965800570536289
11,0.2,0.0,0.44,0.2850326529563033,0.2965800570536289
11,0.2,0.0,0.46,0.2812470030908616,0.2965800570536289
11,0.2,0.0,0.48,0.2819648598109107,0.2965800570536289
11,0.2,0.0,0.5,0.2800886483846773,0.2965800570536289
11,0.2,0.0,0.52,0.2736370842029982,0.2965800570536289
11,0.2,0.0,0.54,0.2747653793922195,0.2965800570536289
11,0.2,0.0,0.56,0.2780211629459485,0.2965800570536289
11,0.2,0.0,0.58,0.2783709479299122,0.2965800570536289
11,0.2,0.0,0.6,0.2808585379232926,0.2965800570536289
11,0.2,0.0,0.62,0.2810243607680208,0.2965800570536289
11,0.2,0.0,0.64,0.2794288870371637,0.2965800570536289
11,0.2,0.0,0.66,0.2833961625435251,0.2965800570536289
11,0.2,0.0,0.68,0.284466410729502,0.2965800570536289
11,0.2,0.0,0.7000000000000001,0.2803206422376653,0.2965800570536289
11,0.2,0.0,0.72,0.2732153451294926,0.2965800570536289
11,0.2,0.0,0.74,0.2736382004075525,0.2965800570536289
11,0.2,5.0,0.0,0.4269680757469127,0.2836560600878235
11,0.2,5.0,0.02,0.3844406573806557,0.2836560600878235
11,0.2,5.0,0.04,0.3776240930039266,0.2836560600878235
11,0.2,5.0,0.06,0.3699223916606022,0.2836560600878235
11,0.2,5.0,0.08,0.3564666053884972,0.2836560600878235
11,0.2,5.0,0.1,0.3463912456009389,0.2836560600878235
11,0.2,5.0,0.12,0.3398826674357771,0.2836560600878235
11,0.2,5.0,0.14,0.3295630845387136,0.2836560600878235
11,0.2,5.0,0.16,0.3201236833601074,0.2836560600878235
11,0.2,5.0,0.18,0.3173206860194785,0.2836560600878235
11,0.2,5.0,0.2,0.3149659421735213,0.2836560600878235
11,0.2,5.0,0.22,0.2997735759493516,0.2836560600878235
11,0.2,5.0,0.24,0.2935383618733008,0.2836560600878235
11,0.2,5.0,0.26,0.2837304790582436,0.2836560600878235
11,0.2,5.0,0.28,0.2638030268331476,0.2836560600878235
11,0.2,5.0,0.3,0.2568799421702078,0.2836560600878235
11,0.2,5.0,0.32,0.2570157456682173,0.2836560600878235
11,0.2,5.0,0.34,0.265199480335438,0.2836560600878235
11,0.2,5.0,0.36,0.2645338548790475,0.2836560600878235
11,0.2,5.0,0.38,0.2658893431103665,0.2836560600878235
11,0.2,5.0,0.4,0.2701233012330263,0.2836560600878235
11,0.2,5.0,0.42,0.275540441856756,0.2836560600878235
11,0.2,5.0,0.44,0.2752781473162585,0.2836560600878235
11,0.2,5.0,0.46,0.2701604273477126,0.2836560600878235
11,0.2,5.0,0.48,0.2681172959350056,0.2836560600878235
11,0.2,5.0,0.5,0.2676968735769583,0.2836560600878235
11,0.2,5.0,0.52,0.2670382989852464,0.2836560600878235
11,0.2,5.0,0.54,0.2641561093942692,0.2836560600878235
11,0.2,5.0,0.56,0.2593665248090257,0.2836560600878235
11,0.2,5.0,0.58,0.2600040420189441,0.2836560600878235
11,0.2,5.0,0.6,0.2633147467283366,0.2836560600878235
11,0.2,5.0,0.62,0.2672186676675471,0.2836560600878235
11,0.2,5.0,0.64,0.2677334091772656,0.2836560600878235
11,0.2,5.0,0.66,0.2668787096147482,0.2836560600878235
11,0.2,5.0,0.68,0.2686738763686593,0.2836560600878235
11,0.2,5.0,0.7000000000000001,0.2670475641644355,0.2836560600878235
11,0.2,5.0,0.72,0.2644689694270359,0.2836560600878235
11,0.2,5.0,0.74,0.2576539169481023,0.2836560600878235
11,0.2,10.0,0.0,0.3924343926945889,0.2935785152952781
11,0.2,10.0,0.02,0.3526376329906789,0.2935785152952781
11,0.2,10.0,0.04,0.3532660573708474,0.2935785152952781
11,0.2,10.0,0.06,0.3601071041449125,0.2935785152952781
11,0.2,10.0,0.08,0.3384103870353079,0.2935785152952781
11,0.2,10.0,0.1,0.3290536521317152,0.2935785152952781
11,0.2,10.0,0.12,0.31928507356576,0.2935785152952781
11,0.2,10.0,0.14,0.3145379779141615,0.2935785152952781
11,0.2,10.0,0.16,0.3084650399674772,0.2935785152952781
11,0.2,10.0,0.18,0.3039981389948304,0.2935785152952781
11,0.2,10.0,0.2,0.3006740840676991,0.2935785152952781
11,0.2,10.0,0.22,0.3021949448966507,0.2935785152952781
11,0.2,10.0,0.24,0.2991444337289864,0.2935785152952781
11,0.2,10.0,0.26,0.2902880104519243,0.2935785152952781
11,0.2,10.0,0.28,0.2908278269965351,0.2935785152952781
11,0.2,10.0,0.3,0.2868666007298429,0.2935785152952781
11,0.2,10.0,0.32,0.2828468558343073,0.2935785152952781
11,0.2,10.0,0.34,0.2836457365768481,0.2935785152952781
11,0.2,10.0,0.36,0.2843700563859859,0.2935785152952781
11,0.2,10.0,0.38,0.2851616615375462,0.2935785152952781
11,0.2,10.0,0.4,0.2803530582995869,0.2935785152952781
11,0.2,10.0,0.42,0.2752537876120802,0.2935785152952781
11,0.2,10.0,0.44,0.2634154103824625,0.2935785152952781
11,0.2,10.0,0.46,0.2543670189629078,0.2935785152952781
11,0.2,10.0,0.48,0.2505748671113454,0.2935785152952781
11,0.2,10.0,0.5,0.2495075568203764,0.2935785152952781
11,0.2,10.0,0.52,0.2600302091505027,0.2935785152952781
11,0.2,10.0,0.54,0.2603075874138225,0.2935785152952781
11,0.2,10.0,0.56,0.2631688665627896,0.2935785152952781
11,0.2,10.0,0.58,0.2658028627704119,0.2935785152952781
11,0.2,10.0,0.6,0.2646612477367356,0.2935785152952781
11,0.2,10.0,0.62,0.2601643261501334,0.2935785152952781
11,0.2,10.0,0.64,0.2577156378790979,0.2935785152952781
11,0.2,10.0,0.66,0.2569959069564596,0.2935785152952781
11,0.2,10.0,0.68,0.2589204139077411,0.2935785152952781
11,0.2,10.0,0.7000000000000001,0.2622202928595828,0.2935785152952781
11,0.2,10.0,0.72,0.2543616705995259,0.2935785152952781
11,0.2,10.0,0.74,0.2446997728428448,0.2935785152952781
11,0.2,15.0,0.0,0.3951235551141348,0.291632231048269
11,0.2,15.0,0.02,0.3747566903076892,0.291632231048269
11,0.2,15.0,0.04,0.3813079194604992,0.291632231048269
11,0.2,15.0,0.06,0.381460994764118,0.291632231048269
11,0.2,15.0,0.08,0.3765030052777834,0.291632231048269
11,0.2,15.0,0.1,0.3564188459627273,0.291632231048269
11,0.2,15.0,0.12,0.3351015697844718,0.291632231048269
11,0.2,15.0,0.14,0.3302936546189131,0.291632231048269
11,0.2,15.0,0.16,0.3225689548613682,0.291632231048269
11,0.2,15.0,0.18,0.3164679214356078,0.291632231048269
11,0.2,15.0,0.2,0.3131970783713985,0.291632231048269
11,0.2,15.0,0.22,0.3035160384130933,0.291632231048269
11,0.2,15.0,0.24,0.2998634957433321,0.291632231048269
11,0.2,15.0,0.26,0.3002878078606494,0.291632231048269
11,0.2,15.0,0.28,0.306414033252025,0.291632231048269
11,0.2,15.0,0.3,0.3076937193993667,0.291632231048269
11,0.2,15.0,0.32,0.3002466976951755,0.291632231048269
11,0.2,15.0,0.34,0.2913858300416526,0.291632231048269
11,0.2,15.0,0.36,0.2820997408035738,0.291632231048269
11,0.2,15.0,0.38,0.2772761678917826,0.291632231048269
11,0.2,15.0,0.4,0.2792468250950576,0.291632231048269
11,0.2,15.0,0.42,0.2692754652078778,0.291632231048269
11,0.2,15.0,0.44,0.2680990732108758,0.291632231048269
11,0.2,15.0,0.46,0.2863074636113899,0.291632231048269
11,0.2,15.0,0.48,0.2936473849578387,0.291632231048269
11,0.2,15.0,0.5,0.2978642848224457,0.291632231048269
11,0.2,15.0,0.52,0.2936326586977079,0.291632231048269
11,0.2,15.0,0.54,0.2913035697513219,0.291632231048269
11,0.2,15.0,0.56,0.2860488508699828,0.291632231048269
11,0.2,15.0,0.58,0.2787142662624553,0.291632231048269
11,0.2,15.0,0.6,0.2766858014574253,0.291632231048269
11,0.2,15.0,0.62,0.2758368842517826,0.291632231048269
11,0.2,15.0,0.64,0.2795652110608925,0.291632231048269
11,0.2,15.0,0.66,0.2808045720545442,0.291632231048269
11,0.2,15.0,0.68,0.2786249137757627,0.291632231048269
11,0.2,15.0,0.7000000000000001,0.2746037400608891,0.291632231048269
11,0.2,15.0,0.72,0.2710798952312982,0.291632231048269
11,0.2,15.0,0.74,0.2714422406578149,0.291632231048269
11,0.2,20.0,0.0,0.3822322153363894,0.3041760527189925
11,0.2,20.0,0.02,0.3639787049997232,0.3041760527189925
11,0.2,20.0,0.04,0.3635780621209351,0.3041760527189925
11,0.2,20.0,0.06,0.366631138120417,0.3041760527189925
11,0.2,20.0,0.08,0.3458345617284638,0.3041760527189925
11,0.2,20.0,0.1,0.3269016546801717,0.3041760527189925
11,0.2,20.0,0.12,0.324189863189165,0.3041760527189925
11,0.2,20.0,0.14,0.3158898624275285,0.3041760527189925
11,0.2,20.0,0.16,0.3107014636656894,0.3041760527189925
11,0.2,20.0,0.18,0.3121142920650653,0.3041760527189925
11,0.2,20.0,0.2,0.3043736735686745,0.3041760527189925
11,0.2,20.0,0.22,0.3053304891640657,0.3041760527189925
11,0.2,20.0,0.24,0.3070994567662066,0.3041760527189925
11,0.2,20.0,0.26,0.3031720793167793,0.3041760527189925
11,0.2,20.0,0.28,0.2954332064510036,0.3041760527189925
11,0.2,20.0,0.3,0.2914551648554884,0.3041760527189925
11,0.2,20.0,0.32,0.287696435489305,0.3041760527189925
11,0.2,20.0,0.34,0.2802748817108099,0.3041760527189925
11,0.2,20.0,0.36,0.2813517573413383,0.3041760527189925
11,0.2,20.0,0.38,0.2742799956688442,0.3041760527189925
11,0.2,20.0,0.4,0.2616315430841515,0.3041760527189925
11,0.2,20.0,0.42,0.265905997116644,0.3041760527189925
11,0.2,20.0,0.44,0.2664960437309976,0.3041760527189925
11,0.2,20.0,0.46,0.2593569633527962,0.3041760527189925
11,0.2,20.0,0.48,0.2555355521136411,0.3041760527189925
11,0.2,20.0,0.5,0.2553284586517048,0.3041760527189925
11,0.2,20.0,0.52,0.2613681408772241,0.3041760527189925
11,0.2,20.0,0.54,0.2755101309368912,0.3041760527189925
11,0.2,20.0,0.56,0.2828844738364696,0.3041760527189925
11,0.2,20.0,0.58,0.2871961704567712,0.3041760527189925
11,0.2,20.0,0.6,0.2876039898219388,0.3041760527189925
11,0.2,20.0,0.62,0.281241756521196,0.3041760527189925
11,0.2,20.0,0.64,0.2738923717158904,0.3041760527189925
11,0.2,20.0,0.66,0.2756934672613713,0.3041760527189925
11,0.2,20.0,0.68,0.27441478798892,0.3041760527189925
11,0.2,20.0,0.7000000000000001,0.2725312739513614,0.3041760527189925
11,0.2,20.0,0.72,0.2659799701119612,0.3041760527189925
11,0.2,20.0,0.74,0.2670916947108248,0.3041760527189925
11,0.2,25.0,0.0,0.3938573012015186,0.3077810450734469
11,0.2,25.0,0.02,0.3847213710731159,0.3077810450734469
11,0.2,25.0,0.04,0.3794811108107365,0.3077810450734469
11,0.2,25.0,0.06,0.3647701006471407,0.3077810450734469
11,0.2,25.0,0.08,0.3546229602312884,0.3077810450734469
11,0.2,25.0,0.1,0.3355979158178981,0.3077810450734469
11,0.2,25.0,0.12,0.3217477800145191,0.3077810450734469
11,0.2,25.0,0.14,0.3444404049544809,0.3077810450734469
11,0.2,25.0,0.16,0.3439449692528466,0.3077810450734469
11,0.2,25.0,0.18,0.3266586395765739,0.3077810450734469
11,0.2,25.0,0.2,0.3167674778223326,0.3077810450734469
11,0.2,25.0,0.22,0.3147355322762649,0.3077810450734469
11,0.2,25.0,0.24,0.3103161780425817,0.3077810450734469
11,0.2,25.0,0.26,0.3016371753579305,0.3077810450734469
11,0.2,25.0,0.28,0.3065055104890277,0.3077810450734469
11,0.2,25.0,0.3,0.3081030524887534,0.3077810450734469
11,0.2,25.0,0.32,0.2937786380606578,0.3077810450734469
11,0.2,25.0,0.34,0.2911757447949687,0.3077810450734469
11,0.2,25.0,0.36,0.2854280875868835,0.3077810450734469
11,0.2,25.0,0.38,0.2801783427065693,0.3077810450734469
11,0.2,25.0,0.4,0.2734467492762876,0.3077810450734469
11,0.2,25.0,0.42,0.2807901568729917,0.3077810450734469
11,0.2,25.0,0.44,0.2797311640703493,0.3077810450734469
11,0.2,25.0,0.46,0.2789949871139599,0.3077810450734469
11,0.2,25.0,0.48,0.2726516937985844,0.3077810450734469
11,0.2,25.0,0.5,0.2686557131875913,0.3077810450734469
11,0.2,25.0,0.52,0.2797664285113732,0.3077810450734469
11,0.2,25.0,0.54,0.2858319433737807,0.3077810450734469
11,0.2,25.0,0.56,0.2785528411338842,0.3077810450734469
11,0.2,25.0,0.58,0.2759588403766357,0.3077810450734469
11,0.2,25.0,0.6,0.2767288902177568,0.3077810450734469
11,0.2,25.0,0.62,0.2836109808209265,0.3077810450734469
11,0.2,25.0,0.64,0.2826081932506444,0.3077810450734469
11,0.2,25.0,0.66,0.2807582686829555,0.3077810450734469
11,0.2,25.0,0.68,0.284448131607924,0.3077810450734469
11,0.2,25.0,0.7000000000000001,0.28640873862335,0.3077810450734469
11,0.2,25.0,0.72,0.2868446720273445,0.3077810450734469
11,0.2,25.0,0.74,0.282916332919826,0.3077810450734469
11,0.2,30.0,0.0,0.3919411082581555,0.3045849930336444
11,0.2,30.0,0.02,0.3703983976590853,0.3045849930336444
11,0.2,30.0,0.04,0.3729626049478411,0.3045849930336444
11,0.2,30.0,0.06,0.3668400055096142,0.3045849930336444
11,0.2,30.0,0.08,0.3442604194558821,0.3045849930336444
11,0.2,30.0,0.1,0.3417045727325586,0.3045849930336444
11,0.2,30.0,0.12,0.3231975505098797,0.3045849930336444
11,0.2,30.0,0.14,0.3343889213033099,0.3045849930336444
11,0.2,30.0,0.16,0.3191064795844327,0.3045849930336444
11,0.2,30.0,0.18,0.3061633204061048,0.3045849930336444
11,0.2,30.0,0.2,0.2944580189723023,0.3045849930336444
11,0.2,30.0,0.22,0.2885114158806584,0.3045849930336444
11,0.2,30.0,0.24,0.2824162954722374,0.3045849930336444
11,0.2,30.0,0.26,0.2858896966121552,0.3045849930336444
11,0.2,30.0,0.28,0.2910755780012049,0.3045849930336444
11,0.2,30.0,0.3,0.3144654966348451,0.3045849930336444
11,0.2,30.0,0.32,0.3325180315653002,0.3045849930336444
11,0.2,30.0,0.34,0.3230016083645944,0.3045849930336444
11,0.2,30.0,0.36,0.3181145946519513,0.3045849930336444
11,0.2,30.0,0.38,0.3247950700108183,0.3045849930336444
11,0.2,30.0,0.4,0.3265377226634264,0.3045849930336444
11,0.2,30.0,0.42,0.3244683817749169,0.3045849930336444
11,0.2,30.0,0.44,0.3168011137829069,0.3045849930336444
11,0.2,30.0,0.46,0.3123024527617066,0.3045849930336444
11,0.2,30.0,0.48,0.3075418310790689,0.3045849930336444
11,0.2,30.0,0.5,0.2978370631416283,0.3045849930336444
11,0.2,30.0,0.52,0.2974601400167987,0.3045849930336444
11,0.2,30.0,0.54,0.2892604213262093,0.3045849930336444
11,0.2,30.0,0.56,0.2785431068460223,0.3045849930336444
11,0.2,30.0,0.58,0.2751514180710567,0.3045849930336444
11,0.2,30.0,0.6,0.280012370296855,0.3045849930336444
11,0.2,30.0,0.62,0.289112212273413,0.3045849930336444
11,0.2,30.0,0.64,0.2880131706634909,0.3045849930336444
11,0.2,30.0,0.66,0.2888177972592838,0.3045849930336444
11,0.2,30.0,0.68,0.2861298963908303,0.3045849930336444
11,0.2,30.0,0.7000000000000001,0.2848200481326953,0.3045849930336444
11,0.2,30.0,0.72,0.3002751799447844,0.3045849930336444
11,0.2,30.0,0.74,0.3068635012448728,0.3045849930336444
11,0.2,40.0,0.0,0.4127421391007237,0.3181067835482837
11,0.2,40.0,0.02,0.3896512402624219,0.3181067835482837
11,0.2,40.0,0.04,0.3813604483505663,0.3181067835482837
11,0.2,40.0,0.06,0.3806167288187983,0.3181067835482837
11,0.2,40.0,0.08,0.3734111919056121,0.3181067835482837
11,0.2,40.0,0.1,0.3610440715897381,0.3181067835482837
11,0.2,40.0,0.12,0.3441503814348174,0.3181067835482837
11,0.2,40.0,0.14,0.3364694267623337,0.3181067835482837
11,0.2,40.0,0.16,0.3300578625785113,0.3181067835482837
11,0.2,40.0,0.18,0.3289767930435087,0.3181067835482837
11,0.2,40.0,0.2,0.3284701822141253,0.3181067835482837
11,0.2,40.0,0.22,0.3164865160651608,0.3181067835482837
11,0.2,40.0,0.24,0.3098886317065975,0.3181067835482837
11,0.2,40.0,0.26,0.3100717522386802,0.3181067835482837
11,0.2,40.0,0.28,0.3172998751125367,0.3181067835482837
11,0.2,40.0,0.3,0.3231521619955506,0.3181067835482837
11,0.2,40.0,0.32,0.3208143174477393,0.3181067835482837
11,0.2,40.0,0.34,0.3169831895026248,0.3181067835482837
11,0.2,40.0,0.36,0.3094744921203565,0.3181067835482837
11,0.2,40.0,0.38,0.3076295707269918,0.3181067835482837
11,0.2,40.0,0.4,0.3017706185179683,0.3181067835482837
11,0.2,40.0,0.42,0.3067707046023611,0.3181067835482837
11,0.2,40.0,0.44,0.3031222212767817,0.3181067835482837
11,0.2,40.0,0.46,0.2970878097685792,0.3181067835482837
11,0.2,40.0,0.48,0.3015460767396284,0.3181067835482837
11,0.2,40.0,0.5,0.2921758773787624,0.3181067835482837
11,0.2,40.0,0.52,0.2779558071415164,0.3181067835482837
11,0.2,40.0,0.54,0.2717588910227634,0.3181067835482837
11,0.2,40.0,0.56,0.2723394604271346,0.3181067835482837
11,0.2,40.0,0.58,0.275693985915261,0.3181067835482837
11,0.2,40.0,0.6,0.2690622768408776,0.3181067835482837
11,0.2,40.0,0.62,0.273059688765488,0.3181067835482837
11,0.2,40.0,0.64,0.2894736982037482,0.3181067835482837
11,0.2,40.0,0.66,0.297861023213628,0.3181067835482837
11,0.2,40.0,0.68,0.297914123423237,0.3181067835482837
11,0.2,40.0,0.7000000000000001,0.3016940272264847,0.3181067835482837
11,0.2,40.0,0.72,0.2974512201343117,0.3181067835482837
11,0.2,40.0,0.74,0.2954309388960698,0.3181067835482837
11,0.2,50.0,0.0,0.426173601403775,0.32076031137249067
11,0.2,50.0,0.02,0.3901439113420101,0.32076031137249067
11,0.2,50.0,0.04,0.3900663895263792,0.32076031137249067
11,0.2,50.0,0.06,0.3772216742785808,0.32076031137249067
11,0.2,50.0,0.08,0.3665225609092372,0.32076031137249067
11,0.2,50.0,0.1,0.3616629024156472,0.32076031137249067
11,0.2,50.0,0.12,0.3480829286916422,0.32076031137249067
11,0.2,50.0,0.14,0.3461184536683767,0.32076031137249067
11,0.2,50.0,0.16,0.3433057983372492,0.32076031137249067
11,0.2,50.0,0.18,0.3396363647989988,0.32076031137249067
11,0.2,50.0,0.2,0.3316832042847739,0.32076031137249067
11,0.2,50.0,0.22,0.3268341269646668,0.32076031137249067
11,0.2,50.0,0.24,0.3224250235386875,0.32076031137249067
11,0.2,50.0,0.26,0.3194435048862101,0.32076031137249067
11,0.2,50.0,0.28,0.3323802302690792,0.32076031137249067
11,0.2,50.0,0.3,0.3246272512878385,0.32076031137249067
11,0.2,50.0,0.32,0.3347133525597097,0.32076031137249067
11,0.2,50.0,0.34,0.3396476012528212,0.32076031137249067
11,0.2,50.0,0.36,0.3352451753877218,0.32076031137249067
11,0.2,50.0,0.38,0.3301908842256169,0.32076031137249067
11,0.2,50.0,0.4,0.3291359686972843,0.32076031137249067
11,0.2,50.0,0.42,0.3222770564826269,0.32076031137249067
11,0.2,50.0,0.44,0.2964162889626963,0.32076031137249067
11,0.2,50.0,0.46,0.2795472950707349,0.32076031137249067
11,0.2,50.0,0.48,0.2724002344648351,0.32076031137249067
11,0.2,50.0,0.5,0.2763890832124891,0.32076031137249067
11,0.2,50.0,0.52,0.2794645425644427,0.32076031137249067
11,0.2,50.0,0.54,0.2795698784248656,0.32076031137249067
11,0.2,50.0,0.56,0.2830342497598861,0.32076031137249067
11,0.2,50.0,0.58,0.2855609821902845,0.32076031137249067
11,0.2,50.0,0.6,0.2840181078033512,0.32076031137249067
11,0.2,50.0,0.62,0.2855787175622923,0.32076031137249067
11,0.2,50.0,0.64,0.2836188055482053,0.32076031137249067
11,0.2,50.0,0.66,0.2810321439230483,0.32076031137249067
11,0.2,50.0,0.68,0.2940112827896212,0.32076031137249067
11,0.2,50.0,0.7000000000000001,0.2944372807624346,0.32076031137249067
11,0.2,50.0,0.72,0.2903786168516866,0.32076031137249067
11,0.2,50.0,0.74,0.2812906679581258,0.32076031137249067
11,0.2,100.0,0.0,0.3939741911078389,0.3680668185065753
11,0.2,100.0,0.02,0.3888744452576708,0.3680668185065753
11,0.2,100.0,0.04,0.3698346101039403,0.3680668185065753
11,0.2,100.0,0.06,0.3675026290180395,0.3680668185065753
11,0.2,100.0,0.08,0.3821069090064106,0.3680668185065753
11,0.2,100.0,0.1,0.4008648164880577,0.3680668185065753
11,0.2,100.0,0.12,0.391303103276507,0.3680668185065753
11,0.2,100.0,0.14,0.3907183659575009,0.3680668185065753
11,0.2,100.0,0.16,0.3832024261777196,0.3680668185065753
11,0.2,100.0,0.18,0.3838647718627977,0.3680668185065753
11,0.2,100.0,0.2,0.393063731451477,0.3680668185065753
11,0.2,100.0,0.22,0.379681926688507,0.3680668185065753
11,0.2,100.0,0.24,0.3715239356008307,0.3680668185065753
11,0.2,100.0,0.26,0.3745804015761692,0.3680668185065753
11,0.2,100.0,0.28,0.3730088674241726,0.3680668185065753
11,0.2,100.0,0.3,0.3691671895729396,0.3680668185065753
11,0.2,100.0,0.32,0.3603321099006542,0.3680668185065753
11,0.2,100.0,0.34,0.3542839087092758,0.3680668185065753
11,0.2,100.0,0.36,0.3498929279280549,0.3680668185065753
11,0.2,100.0,0.38,0.3487890319759408,0.3680668185065753
11,0.2,100.0,0.4,0.3750908592477381,0.3680668185065753
11,0.2,100.0,0.42,0.4024791248031622,0.3680668185065753
11,0.2,100.0,0.44,0.4043366717796984,0.3680668185065753
11,0.2,100.0,0.46,0.4039505068850327,0.3680668185065753
11,0.2,100.0,0.48,0.4019909145215634,0.3680668185065753
11,0.2,100.0,0.5,0.3941264381599697,0.3680668185065753
11,0.2,100.0,0.52,0.3951692333328114,0.3680668185065753
11,0.2,100.0,0.54,0.3970997551305404,0.3680668185065753
11,0.2,100.0,0.56,0.3972878910098285,0.3680668185065753
11,0.2,100.0,0.58,0.3973550172261657,0.3680668185065753
11,0.2,100.0,0.6,0.3997322696372956,0.3680668185065753
11,0.2,100.0,0.62,0.4060385973693022,0.3680668185065753
11,0.2,100.0,0.64,0.3931125272871079,0.3680668185065753
11,0.2,100.0,0.66,0.3851839878484817,0.3680668185065753
11,0.2,100.0,0.68,0.3917532252098496,0.3680668185065753
11,0.2,100.0,0.7000000000000001,0.393738473272699,0.3680668185065753
11,0.2,100.0,0.72,0.3935060137315508,0.3680668185065753
11,0.2,100.0,0.74,0.3936247706752248,0.3680668185065753
12,0.2,0.0,0.0,0.3944608799102988,0.2965800570536289
12,0.2,0.0,0.02,0.362552270401422,0.2965800570536289
12,0.2,0.0,0.04,0.3507311236943597,0.2965800570536289
12,0.2,0.0,0.06,0.338543539544013,0.2965800570536289
12,0.2,0.0,0.08,0.32385890245152,0.2965800570536289
12,0.2,0.0,0.1,0.310004622233252,0.2965800570536289
12,0.2,0.0,0.12,0.2933952251793383,0.2965800570536289
12,0.2,0.0,0.14,0.2878783359612633,0.2965800570536289
12,0.2,0.0,0.16,0.2879012426311391,0.2965800570536289
12,0.2,0.0,0.18,0.2894315044131469,0.2965800570536289
12,0.2,0.0,0.2,0.2945644260988422,0.2965800570536289
12,0.2,0.0,0.22,0.3017511152826372,0.2965800570536289
12,0.2,0.0,0.24,0.2989996112446934,0.2965800570536289
12,0.2,0.0,0.26,0.2969411702897996,0.2965800570536289
12,0.2,0.0,0.28,0.2958081982998289,0.2965800570536289
12,0.2,0.0,0.3,0.2851904339539111,0.2965800570536289
12,0.2,0.0,0.32,0.2824581227622426,0.2965800570536289
12,0.2,0.0,0.34,0.2837633520909345,0.2965800570536289
12,0.2,0.0,0.36,0.2883984090570043,0.2965800570536289
12,0.2,0.0,0.38,0.2876491090023305,0.2965800570536289
12,0.2,0.0,0.4,0.2875880861114547,0.2965800570536289
12,0.2,0.0,0.42,0.2857564446670317,0.2965800570536289
12,0.2,0.0,0.44,0.2835444608750896,0.2965800570536289
12,0.2,0.0,0.46,0.2859083910083792,0.2965800570536289
12,0.2,0.0,0.48,0.2854522904415407,0.2965800570536289
12,0.2,0.0,0.5,0.2881760492465086,0.2965800570536289
12,0.2,0.0,0.52,0.2882853939784612,0.2965800570536289
12,0.2,0.0,0.54,0.2903331188803331,0.2965800570536289
12,0.2,0.0,0.56,0.2938768239635563,0.2965800570536289
12,0.2,0.0,0.58,0.2974985571065955,0.2965800570536289
12,0.2,0.0,0.6,0.2940621005008142,0.2965800570536289
12,0.2,0.0,0.62,0.2943053561145693,0.2965800570536289
12,0.2,0.0,0.64,0.2926861999098081,0.2965800570536289
12,0.2,0.0,0.66,0.2940958459582657,0.2965800570536289
12,0.2,0.0,0.68,0.284583741835806,0.2965800570536289
12,0.2,0.0,0.7000000000000001,0.2831597913784697,0.2965800570536289
12,0.2,0.0,0.72,0.2870984539429589,0.2965800570536289
12,0.2,0.0,0.74,0.2836586805083823,0.2965800570536289
12,0.2,5.0,0.0,0.4015679710025902,0.2836560600878235
12,0.2,5.0,0.02,0.3680075957983398,0.2836560600878235
12,0.2,5.0,0.04,0.3574239564900558,0.2836560600878235
12,0.2,5.0,0.06,0.3502104659640757,0.2836560600878235
12,0.2,5.0,0.08,0.3337479915474514,0.2836560600878235
12,0.2,5.0,0.1,0.3199027459764856,0.2836560600878235
12,0.2,5.0,0.12,0.3005529284354047,0.2836560600878235
12,0.2,5.0,0.14,0.2990895824323378,0.2836560600878235
12,0.2,5.0,0.16,0.3007542938365228,0.2836560600878235
12,0.2,5.0,0.18,0.300079229466537,0.2836560600878235
12,0.2,5.0,0.2,0.2919447158743071,0.2836560600878235
12,0.2,5.0,0.22,0.2921555178156445,0.2836560600878235
12,0.2,5.0,0.24,0.290399502080062,0.2836560600878235
12,0.2,5.0,0.26,0.2868515378222463,0.2836560600878235
12,0.2,5.0,0.28,0.283254229918553,0.2836560600878235
12,0.2,5.0,0.3,0.2806154057398899,0.2836560600878235
12,0.2,5.0,0.32,0.2723959438438373,0.2836560600878235
12,0.2,5.0,0.34,0.2618003217128443,0.2836560600878235
12,0.2,5.0,0.36,0.2689148879078665,0.2836560600878235
12,0.2,5.0,0.38,0.2754544889038739,0.2836560600878235
12,0.2,5.0,0.4,0.2723303350912099,0.2836560600878235
12,0.2,5.0,0.42,0.2690070525080963,0.2836560600878235
12,0.2,5.0,0.44,0.2649916719817146,0.2836560600878235
12,0.2,5.0,0.46,0.2655230296540728,0.2836560600878235
12,0.2,5.0,0.48,0.2688409163077595,0.2836560600878235
12,0.2,5.0,0.5,0.2656246575053145,0.2836560600878235
12,0.2,5.0,0.52,0.2637006559261619,0.2836560600878235
12,0.2,5.0,0.54,0.262185259671689,0.2836560600878235
12,0.2,5.0,0.56,0.2559373047623494,0.2836560600878235
12,0.2,5.0,0.58,0.2589994295768039,0.2836560600878235
12,0.2,5.0,0.6,0.259779431267467,0.2836560600878235
12,0.2,5.0,0.62,0.2620603732074456,0.2836560600878235
12,0.2,5.0,0.64,0.2619933214096642,0.2836560600878235
12,0.2,5.0,0.66,0.2652610235835096,0.2836560600878235
12,0.2,5.0,0.68,0.2625149905937425,0.2836560600878235
12,0.2,5.0,0.7000000000000001,0.2573815551022425,0.2836560600878235
12,0.2,5.0,0.72,0.2555606102359321,0.2836560600878235
12,0.2,5.0,0.74,0.2535401650119944,0.2836560600878235
12,0.2,10.0,0.0,0.3792321092096125,0.2935785152952781
12,0.2,10.0,0.02,0.3836178338405092,0.2935785152952781
12,0.2,10.0,0.04,0.3773064005520473,0.2935785152952781
12,0.2,10.0,0.06,0.3594952137268475,0.2935785152952781
12,0.2,10.0,0.08,0.3375533869495879,0.2935785152952781
12,0.2,10.0,0.1,0.3208577866778352,0.2935785152952781
12,0.2,10.0,0.12,0.3093735082149763,0.2935785152952781
12,0.2,10.0,0.14,0.2991195879188498,0.2935785152952781
12,0.2,10.0,0.16,0.2969249553993397,0.2935785152952781
12,0.2,10.0,0.18,0.2886910608772618,0.2935785152952781
12,0.2,10.0,0.2,0.288365746257511,0.2935785152952781
12,0.2,10.0,0.22,0.2923143407162231,0.2935785152952781
12,0.2,10.0,0.24,0.2861778320958946,0.2935785152952781
12,0.2,10.0,0.26,0.2842156472442847,0.2935785152952781
12,0.2,10.0,0.28,0.2741903861736799,0.2935785152952781
12,0.2,10.0,0.3,0.2760173865117401,0.2935785152952781
12,0.2,10.0,0.32,0.2726908952560061,0.2935785152952781
12,0.2,10.0,0.34,0.2691053918624767,0.2935785152952781
12,0.2,10.0,0.36,0.2702240922163514,0.2935785152952781
12,0.2,10.0,0.38,0.2674545390361256,0.2935785152952781
12,0.2,10.0,0.4,0.2650698497372361,0.2935785152952781
12,0.2,10.0,0.42,0.2635349263349119,0.2935785152952781
12,0.2,10.0,0.44,0.2653608464848847,0.2935785152952781
12,0.2,10.0,0.46,0.2634140368764253,0.2935785152952781
12,0.2,10.0,0.48,0.2664646862040616,0.2935785152952781
12,0.2,10.0,0.5,0.2665651132246452,0.2935785152952781
12,0.2,10.0,0.52,0.2712506231897404,0.2935785152952781
12,0.2,10.0,0.54,0.2789945571159442,0.2935785152952781
12,0.2,10.0,0.56,0.2685616210916104,0.2935785152952781
12,0.2,10.0,0.58,0.2658007223153202,0.2935785152952781
12,0.2,10.0,0.6,0.2647964117770703,0.2935785152952781
12,0.2,10.0,0.62,0.2691604023189196,0.2935785152952781
12,0.2,10.0,0.64,0.2754028838279079,0.2935785152952781
12,0.2,10.0,0.66,0.2757515162682116,0.2935785152952781
12,0.2,10.0,0.68,0.2726831885895603,0.2935785152952781
12,0.2,10.0,0.7000000000000001,0.2689180330438511,0.2935785152952781
12,0.2,10.0,0.72,0.2638915966258504,0.2935785152952781
12,0.2,10.0,0.74,0.2639418342540359,0.2935785152952781
12,0.2,15.0,0.0,0.4139556823962801,0.291632231048269
12,0.2,15.0,0.02,0.3629314998408809,0.291632231048269
12,0.2,15.0,0.04,0.3563348765630803,0.291632231048269
12,0.2,15.0,0.06,0.3442689967905233,0.291632231048269
12,0.2,15.0,0.08,0.3376389367848509,0.291632231048269
12,0.2,15.0,0.1,0.3241857123395031,0.291632231048269
12,0.2,15.0,0.12,0.3180935269761263,0.291632231048269
12,0.2,15.0,0.14,0.3235153470720291,0.291632231048269
12,0.2,15.0,0.16,0.3095842430597859,0.291632231048269
12,0.2,15.0,0.18,0.3063737991113412,0.291632231048269
12,0.2,15.0,0.2,0.3027982282685669,0.291632231048269
12,0.2,15.0,0.22,0.2967804659927799,0.291632231048269
12,0.2,15.0,0.24,0.2884665412013818,0.291632231048269
12,0.2,15.0,0.26,0.2852518063668868,0.291632231048269
12,0.2,15.0,0.28,0.2826391141669331,0.291632231048269
12,0.2,15.0,0.3,0.2748882156358093,0.291632231048269
12,0.2,15.0,0.32,0.2664429452725854,0.291632231048269
12,0.2,15.0,0.34,0.2804844931666243,0.291632231048269
12,0.2,15.0,0.36,0.284532485395519,0.291632231048269
12,0.2,15.0,0.38,0.2982169580498764,0.291632231048269
12,0.2,15.0,0.4,0.2967658971055573,0.291632231048269
12,0.2,15.0,0.42,0.2913034540192271,0.291632231048269
12,0.2,15.0,0.44,0.2867996569832209,0.291632231048269
12,0.2,15.0,0.46,0.2867917371867797,0.291632231048269
12,0.2,15.0,0.48,0.2786488881782629,0.291632231048269
12,0.2,15.0,0.5,0.2738397551086599,0.291632231048269
12,0.2,15.0,0.52,0.2775420006648285,0.291632231048269
12,0.2,15.0,0.54,0.2761586457922927,0.291632231048269
12,0.2,15.0,0.56,0.2741896361195275,0.291632231048269
12,0.2,15.0,0.58,0.2724171327601226,0.291632231048269
12,0.2,15.0,0.6,0.2754091952873398,0.291632231048269
12,0.2,15.0,0.62,0.2751673486961534,0.291632231048269
12,0.2,15.0,0.64,0.2739832238234882,0.291632231048269
12,0.2,15.0,0.66,0.2734509218364394,0.291632231048269
12,0.2,15.0,0.68,0.2750739351998758,0.291632231048269
12,0.2,15.0,0.7000000000000001,0.2723476548860545,0.291632231048269
12,0.2,15.0,0.72,0.2805508643457476,0.291632231048269
12,0.2,15.0,0.74,0.281032029692968,0.291632231048269
12,0.2,20.0,0.0,0.4115515226544271,0.3041760527189925
12,0.2,20.0,0.02,0.3830665259529608,0.3041760527189925
12,0.2,20.0,0.04,0.3804267482668659,0.3041760527189925
12,0.2,20.0,0.06,0.3721206555148018,0.3041760527189925
12,0.2,20.0,0.08,0.3628239633712866,0.3041760527189925
12,0.2,20.0,0.1,0.3480285809016478,0.3041760527189925
12,0.2,20.0,0.12,0.3368492261858155,0.3041760527189925
12,0.2,20.0,0.14,0.3238610429569672,0.3041760527189925
12,0.2,20.0,0.16,0.327756028889929,0.3041760527189925
12,0.2,20.0,0.18,0.3291441810085588,0.3041760527189925
12,0.2,20.0,0.2,0.3219446790696771,0.3041760527189925
12,0.2,20.0,0.22,0.3219181899447229,0.3041760527189925
12,0.2,20.0,0.24,0.3177339377931616,0.3041760527189925
12,0.2,20.0,0.26,0.3085570036810192,0.3041760527189925
12,0.2,20.0,0.28,0.3046656949064359,0.3041760527189925
12,0.2,20.0,0.3,0.295044610613826,0.3041760527189925
12,0.2,20.0,0.32,0.2928729079162596,0.3041760527189925
12,0.2,20.0,0.34,0.2898178520249537,0.3041760527189925
12,0.2,20.0,0.36,0.286111589443325,0.3041760527189925
12,0.2,20.0,0.38,0.2876798829395083,0.3041760527189925
12,0.2,20.0,0.4,0.288024073888361,0.3041760527189925
12,0.2,20.0,0.42,0.2898276875257729,0.3041760527189925
12,0.2,20.0,0.44,0.2880535671290013,0.3041760527189925
12,0.2,20.0,0.46,0.2932612098741801,0.3041760527189925
12,0.2,20.0,0.48,0.2994714341946212,0.3041760527189925
12,0.2,20.0,0.5,0.2951956472778835,0.3041760527189925
12,0.2,20.0,0.52,0.2912141274768865,0.3041760527189925
12,0.2,20.0,0.54,0.289202057399798,0.3041760527189925
12,0.2,20.0,0.56,0.2890939420227902,0.3041760527189925
12,0.2,20.0,0.58,0.2840010389662279,0.3041760527189925
12,0.2,20.0,0.6,0.2763161165101707,0.3041760527189925
12,0.2,20.0,0.62,0.2726849207726772,0.3041760527189925
12,0.2,20.0,0.64,0.2734081589627077,0.3041760527189925
12,0.2,20.0,0.66,0.2686208252276771,0.3041760527189925
12,0.2,20.0,0.68,0.2666763215318671,0.3041760527189925
12,0.2,20.0,0.7000000000000001,0.2693804471630407,0.3041760527189925
12,0.2,20.0,0.72,0.2717593783173747,0.3041760527189925
12,0.2,20.0,0.74,0.2622116864134483,0.3041760527189925
12,0.2,25.0,0.0,0.3791175095802625,0.3077810450734469
12,0.2,25.0,0.02,0.3757607524815752,0.3077810450734469
12,0.2,25.0,0.04,0.3839110636635693,0.3077810450734469
12,0.2,25.0,0.06,0.3669391203133718,0.3077810450734469
12,0.2,25.0,0.08,0.3450783290230592,0.3077810450734469
12,0.2,25.0,0.1,0.3266248088148509,0.3077810450734469
12,0.2,25.0,0.12,0.3096113018089633,0.3077810450734469
12,0.2,25.0,0.14,0.2968491526594944,0.3077810450734469
12,0.2,25.0,0.16,0.2908342317321717,0.3077810450734469
12,0.2,25.0,0.18,0.2845385241146133,0.3077810450734469
12,0.2,25.0,0.2,0.2818140472091814,0.3077810450734469
12,0.2,25.0,0.22,0.2795731592872102,0.3077810450734469
12,0.2,25.0,0.24,0.2740060599824634,0.3077810450734469
12,0.2,25.0,0.26,0.2691356291329417,0.3077810450734469
12,0.2,25.0,0.28,0.2614574913941414,0.3077810450734469
12,0.2,25.0,0.3,0.2647396475473268,0.3077810450734469
12,0.2,25.0,0.32,0.2702606938166774,0.3077810450734469
12,0.2,25.0,0.34,0.2660731364146249,0.3077810450734469
12,0.2,25.0,0.36,0.2657803005321393,0.3077810450734469
12,0.2,25.0,0.38,0.2677426879091002,0.3077810450734469
12,0.2,25.0,0.4,0.2800397710914944,0.3077810450734469
12,0.2,25.0,0.42,0.286040577843628,0.3077810450734469
12,0.2,25.0,0.44,0.282946539511342,0.3077810450734469
12,0.2,25.0,0.46,0.2809483615830984,0.3077810450734469
12,0.2,25.0,0.48,0.2701524563330069,0.3077810450734469
12,0.2,25.0,0.5,0.267951922905324,0.3077810450734469
12,0.2,25.0,0.52,0.2697275328636097,0.3077810450734469
12,0.2,25.0,0.54,0.2719940300096725,0.3077810450734469
12,0.2,25.0,0.56,0.2732477605127375,0.3077810450734469
12,0.2,25.0,0.58,0.2637707734784649,0.3077810450734469
12,0.2,25.0,0.6,0.2664384382827204,0.3077810450734469
12,0.2,25.0,0.62,0.2887032421626684,0.3077810450734469
12,0.2,25.0,0.64,0.3014745131494579,0.3077810450734469
12,0.2,25.0,0.66,0.2983265199696179,0.3077810450734469
12,0.2,25.0,0.68,0.2883594561593381,0.3077810450734469
12,0.2,25.0,0.7000000000000001,0.2848291863781922,0.3077810450734469
12,0.2,25.0,0.72,0.2794065479068042,0.3077810450734469
12,0.2,25.0,0.74,0.274015699996808,0.3077810450734469
12,0.2,30.0,0.0,0.4014624341319189,0.3045849930336444
12,0.2,30.0,0.02,0.370264509589453,0.3045849930336444
12,0.2,30.0,0.04,0.3720385873544161,0.3045849930336444
12,0.2,30.0,0.06,0.3446559310048637,0.3045849930336444
12,0.2,30.0,0.08,0.32416004748349,0.3045849930336444
12,0.2,30.0,0.1,0.3177527519300369,0.3045849930336444
12,0.2,30.0,0.12,0.3121304187668728,0.3045849930336444
12,0.2,30.0,0.14,0.3078993142240465,0.3045849930336444
12,0.2,30.0,0.16,0.3044905627778838,0.3045849930336444
12,0.2,30.0,0.18,0.3015319734406684,0.3045849930336444
12,0.2,30.0,0.2,0.2974723608076,0.3045849930336444
12,0.2,30.0,0.22,0.31334143410235,0.3045849930336444
12,0.2,30.0,0.24,0.3379815111484087,0.3045849930336444
12,0.2,30.0,0.26,0.3272097842640928,0.3045849930336444
12,0.2,30.0,0.28,0.3255470013750189,0.3045849930336444
12,0.2,30.0,0.3,0.3244802178467696,0.3045849930336444
12,0.2,30.0,0.32,0.3150753707966652,0.3045849930336444
12,0.2,30.0,0.34,0.3101239292812769,0.3045849930336444
12,0.2,30.0,0.36,0.3013770521183052,0.3045849930336444
12,0.2,30.0,0.38,0.2899199981690638,0.3045849930336444
12,0.2,30.0,0.4,0.2892812730798744,0.3045849930336444
12,0.2,30.0,0.42,0.2836253976296123,0.3045849930336444
12,0.2,30.0,0.44,0.2831897798996439,0.3045849930336444
12,0.2,30.0,0.46,0.2822939003722243,0.3045849930336444
12,0.2,30.0,0.48,0.2762286546212553,0.3045849930336444
12,0.2,30.0,0.5,0.2779736358723209,0.3045849930336444
12,0.2,30.0,0.52,0.2766140554673864,0.3045849930336444
12,0.2,30.0,0.54,0.2722325940320472,0.3045849930336444
12,0.2,30.0,0.56,0.2673806882314345,0.3045849930336444
12,0.2,30.0,0.58,0.2617563475584566,0.3045849930336444
12,0.2,30.0,0.6,0.2619336159339096,0.3045849930336444
12,0.2,30.0,0.62,0.2676758914303163,0.3045849930336444
12,0.2,30.0,0.64,0.2808806636932812,0.3045849930336444
12,0.2,30.0,0.66,0.2864357501157648,0.3045849930336444
12,0.2,30.0,0.68,0.2855678866119748,0.3045849930336444
12,0.2,30.0,0.7000000000000001,0.2856312464312643,0.3045849930336444
12,0.2,30.0,0.72,0.2804729411485471,0.3045849930336444
12,0.2,30.0,0.74,0.2896202436567493,0.3045849930336444
12,0.2,40.0,0.0,0.4144407107961409,0.3181067835482837
12,0.2,40.0,0.02,0.4002013327277106,0.3181067835482837
12,0.2,40.0,0.04,0.3905452924608556,0.3181067835482837
12,0.2,40.0,0.06,0.369574238910326,0.3181067835482837
12,0.2,40.0,0.08,0.3574040307068202,0.3181067835482837
12,0.2,40.0,0.1,0.352182136351757,0.3181067835482837
12,0.2,40.0,0.12,0.343974452102713,0.3181067835482837
12,0.2,40.0,0.14,0.3388362403910312,0.3181067835482837
12,0.2,40.0,0.16,0.3345184756044543,0.3181067835482837
12,0.2,40.0,0.18,0.3523072121000596,0.3181067835482837
12,0.2,40.0,0.2,0.3551224854393875,0.3181067835482837
12,0.2,40.0,0.22,0.3464638262109559,0.3181067835482837
12,0.2,40.0,0.24,0.3318045547821983,0.3181067835482837
12,0.2,40.0,0.26,0.3205673324236313,0.3181067835482837
12,0.2,40.0,0.28,0.3168824479443271,0.3181067835482837
12,0.2,40.0,0.3,0.3083431802666811,0.3181067835482837
12,0.2,40.0,0.32,0.3052260018087152,0.3181067835482837
12,0.2,40.0,0.34,0.3026932487720357,0.3181067835482837
12,0.2,40.0,0.36,0.308974032498916,0.3181067835482837
12,0.2,40.0,0.38,0.3021566899751443,0.3181067835482837
12,0.2,40.0,0.4,0.297351102281327,0.3181067835482837
12,0.2,40.0,0.42,0.3032635449043636,0.3181067835482837
12,0.2,40.0,0.44,0.2919173840605691,0.3181067835482837
12,0.2,40.0,0.46,0.2798390754011288,0.3181067835482837
12,0.2,40.0,0.48,0.2737991047614233,0.3181067835482837
12,0.2,40.0,0.5,0.2782614644609864,0.3181067835482837
12,0.2,40.0,0.52,0.2721687480976197,0.3181067835482837
12,0.2,40.0,0.54,0.2777190795044483,0.3181067835482837
12,0.2,40.0,0.56,0.2794350025770155,0.3181067835482837
12,0.2,40.0,0.58,0.2818098426582351,0.3181067835482837
12,0.2,40.0,0.6,0.279570104309372,0.3181067835482837
12,0.2,40.0,0.62,0.2808956888841816,0.3181067835482837
12,0.2,40.0,0.64,0.2912995455629595,0.3181067835482837
12,0.2,40.0,0.66,0.2974787520718261,0.3181067835482837
12,0.2,40.0,0.68,0.3011134308655023,0.3181067835482837
12,0.2,40.0,0.7000000000000001,0.3079827111840418,0.3181067835482837
12,0.2,40.0,0.72,0.3095208710451639,0.3181067835482837
12,0.2,40.0,0.74,0.3120408457936258,0.3181067835482837
12,0.2,50.0,0.0,0.4065103050141105,0.32076031137249067
12,0.2,50.0,0.02,0.3631961472517114,0.32076031137249067
12,0.2,50.0,0.04,0.3766423562311851,0.32076031137249067
12,0.2,50.0,0.06,0.3814012186069537,0.32076031137249067
12,0.2,50.0,0.08,0.3741487270547702,0.32076031137249067
12,0.2,50.0,0.1,0.3706521626684088,0.32076031137249067
12,0.2,50.0,0.12,0.3625010151635223,0.32076031137249067
12,0.2,50.0,0.14,0.3505643971151199,0.32076031137249067
12,0.2,50.0,0.16,0.3339219956730759,0.32076031137249067
12,0.2,50.0,0.18,0.325231034820957,0.32076031137249067
12,0.2,50.0,0.2,0.3111428604569518,0.32076031137249067
12,0.2,50.0,0.22,0.304455574436634,0.32076031137249067
12,0.2,50.0,0.24,0.3051974277386977,0.32076031137249067
12,0.2,50.0,0.26,0.3267149652072055,0.32076031137249067
12,0.2,50.0,0.28,0.329277169113122,0.32076031137249067
12,0.2,50.0,0.3,0.3291104197193432,0.32076031137249067
12,0.2,50.0,0.32,0.3283940147176443,0.32076031137249067
12,0.2,50.0,0.34,0.3213087702781632,0.32076031137249067
12,0.2,50.0,0.36,0.3111811904415129,0.32076031137249067
12,0.2,50.0,0.38,0.3082184995042896,0.32076031137249067
12,0.2,50.0,0.4,0.2970584061123019,0.32076031137249067
12,0.2,50.0,0.42,0.2940406189452789,0.32076031137249067
12,0.2,50.0,0.44,0.2871956812854593,0.32076031137249067
12,0.2,50.0,0.46,0.2833951597239336,0.32076031137249067
12,0.2,50.0,0.48,0.2773697072102733,0.32076031137249067
12,0.2,50.0,0.5,0.2806865324501095,0.32076031137249067
12,0.2,50.0,0.52,0.2729661571247261,0.32076031137249067
12,0.2,50.0,0.54,0.298553367488071,0.32076031137249067
12,0.2,50.0,0.56,0.3285368736930395,0.32076031137249067
12,0.2,50.0,0.58,0.3285883857013223,0.32076031137249067
12,0.2,50.0,0.6,0.3396303509312894,0.32076031137249067
12,0.2,50.0,0.62,0.3333824681768812,0.32076031137249067
12,0.2,50.0,0.64,0.326610515072524,0.32076031137249067
12,0.2,50.0,0.66,0.3189368098019297,0.32076031137249067
12,0.2,50.0,0.68,0.3128759780431786,0.32076031137249067
12,0.2,50.0,0.7000000000000001,0.3071914877700245,0.32076031137249067
12,0.2,50.0,0.72,0.305125372299162,0.32076031137249067
12,0.2,50.0,0.74,0.317464261353862,0.32076031137249067
12,0.2,100.0,0.0,0.4017717541588289,0.3680668185065753
12,0.2,100.0,0.02,0.3710851027079633,0.3680668185065753
12,0.2,100.0,0.04,0.368454751959742,0.3680668185065753
12,0.2,100.0,0.06,0.3771128803553522,0.3680668185065753
12,0.2,100.0,0.08,0.4016448541089403,0.3680668185065753
12,0.2,100.0,0.1,0.3965109961831762,0.3680668185065753
12,0.2,100.0,0.12,0.419549933073636,0.3680668185065753
12,0.2,100.0,0.14,0.4470220692192254,0.3680668185065753
12,0.2,100.0,0.16,0.4203945162316354,0.3680668185065753
12,0.2,100.0,0.18,0.4127986110720754,0.3680668185065753
12,0.2,100.0,0.2,0.4038893573056306,0.3680668185065753
12,0.2,100.0,0.22,0.4045310261581425,0.3680668185065753
12,0.2,100.0,0.24,0.4081200226782932,0.3680668185065753
12,0.2,100.0,0.26,0.4116885471613793,0.3680668185065753
12,0.2,100.0,0.28,0.4116553150329824,0.3680668185065753
12,0.2,100.0,0.3,0.4135983739382113,0.3680668185065753
12,0.2,100.0,0.32,0.4148568762420717,0.3680668185065753
12,0.2,100.0,0.34,0.4156060480619269,0.3680668185065753
12,0.2,100.0,0.36,0.4193909068053856,0.3680668185065753
12,0.2,100.0,0.38,0.4391480282690927,0.3680668185065753
12,0.2,100.0,0.4,0.4494372175765418,0.3680668185065753
12,0.2,100.0,0.42,0.4513932607439928,0.3680668185065753
12,0.2,100.0,0.44,0.4503305744178376,0.3680668185065753
12,0.2,100.0,0.46,0.432281781556987,0.3680668185065753
12,0.2,100.0,0.48,0.4123304460760183,0.3680668185065753
12,0.2,100.0,0.5,0.4034799126720042,0.3680668185065753
12,0.2,100.0,0.52,0.4042823843834137,0.3680668185065753
12,0.2,100.0,0.54,0.4065486891034848,0.3680668185065753
12,0.2,100.0,0.56,0.4095363762978152,0.3680668185065753
12,0.2,100.0,0.58,0.399536556137165,0.3680668185065753
12,0.2,100.0,0.6,0.3845515523009628,0.3680668185065753
12,0.2,100.0,0.62,0.3855486755045869,0.3680668185065753
12,0.2,100.0,0.64,0.3817331249270738,0.3680668185065753
12,0.2,100.0,0.66,0.3825866294418376,0.3680668185065753
12,0.2,100.0,0.68,0.3830971876313405,0.3680668185065753
12,0.2,100.0,0.7000000000000001,0.3800541124976496,0.3680668185065753
12,0.2,100.0,0.72,0.3742156983344382,0.3680668185065753
12,0.2,100.0,0.74,0.3763012992982708,0.3680668185065753
13,0.2,0.0,0.0,0.3760169859885178,0.2965800570536289
13,0.2,0.0,0.02,0.3476801241450649,0.2965800570536289
13,0.2,0.0,0.04,0.3479394358229659,0.2965800570536289
13,0.2,0.0,0.06,0.3311479521967325,0.2965800570536289
13,0.2,0.0,0.08,0.3249391475046675,0.2965800570536289
13,0.2,0.0,0.1,0.3137381204266358,0.2965800570536289
13,0.2,0.0,0.12,0.3129150919650301,0.2965800570536289
13,0.2,0.0,0.14,0.3159639220838062,0.2965800570536289
13,0.2,0.0,0.16,0.3121974706687743,0.2965800570536289
13,0.2,0.0,0.18,0.3084342318305429,0.2965800570536289
13,0.2,0.0,0.2,0.3067207268068408,0.2965800570536289
13,0.2,0.0,0.22,0.3034339919712986,0.2965800570536289
13,0.2,0.0,0.24,0.2972163048045707,0.2965800570536289
13,0.2,0.0,0.26,0.2947130659725533,0.2965800570536289
13,0.2,0.0,0.28,0.2959233497257641,0.2965800570536289
13,0.2,0.0,0.3,0.2950014413668562,0.2965800570536289
13,0.2,0.0,0.32,0.290305546802414,0.2965800570536289
13,0.2,0.0,0.34,0.2911144389862772,0.2965800570536289
13,0.2,0.0,0.36,0.2866484710619874,0.2965800570536289
13,0.2,0.0,0.38,0.2829218941973878,0.2965800570536289
13,0.2,0.0,0.4,0.282606179703778,0.2965800570536289
13,0.2,0.0,0.42,0.2802056509345725,0.2965800570536289
13,0.2,0.0,0.44,0.2810575916196658,0.2965800570536289
13,0.2,0.0,0.46,0.2794137171050675,0.2965800570536289
13,0.2,0.0,0.48,0.2820169717356026,0.2965800570536289
13,0.2,0.0,0.5,0.2872012840300272,0.2965800570536289
13,0.2,0.0,0.52,0.2857454677812769,0.2965800570536289
13,0.2,0.0,0.54,0.2830442952391051,0.2965800570536289
13,0.2,0.0,0.56,0.2840121858494844,0.2965800570536289
13,0.2,0.0,0.58,0.2826814639797481,0.2965800570536289
13,0.2,0.0,0.6,0.2817269459679892,0.2965800570536289
13,0.2,0.0,0.62,0.2842489536009799,0.2965800570536289
13,0.2,0.0,0.64,0.2823891447701634,0.2965800570536289
13,0.2,0.0,0.66,0.2853003503918961,0.2965800570536289
13,0.2,0.0,0.68,0.2869347187975934,0.2965800570536289
13,0.2,0.0,0.7000000000000001,0.2916866031370208,0.2965800570536289
13,0.2,0.0,0.72,0.2916551599779603,0.2965800570536289
13,0.2,0.0,0.74,0.285432793369772,0.2965800570536289
13,0.2,5.0,0.0,0.3883206080169491,0.2836560600878235
13,0.2,5.0,0.02,0.3704400370008728,0.2836560600878235
13,0.2,5.0,0.04,0.373325517367228,0.2836560600878235
13,0.2,5.0,0.06,0.3611279719189698,0.2836560600878235
13,0.2,5.0,0.08,0.3339562334134591,0.2836560600878235
13,0.2,5.0,0.1,0.3065346869725001,0.2836560600878235
13,0.2,5.0,0.12,0.289102617998316,0.2836560600878235
13,0.2,5.0,0.14,0.2822419581826864,0.2836560600878235
13,0.2,5.0,0.16,0.2748075841351917,0.2836560600878235
13,0.2,5.0,0.18,0.2668078627635289,0.2836560600878235
13,0.2,5.0,0.2,0.2721435557500875,0.2836560600878235
13,0.2,5.0,0.22,0.2798049960890204,0.2836560600878235
13,0.2,5.0,0.24,0.2809525931640157,0.2836560600878235
13,0.2,5.0,0.26,0.2756536224399752,0.2836560600878235
13,0.2,5.0,0.28,0.2692984113228605,0.2836560600878235
13,0.2,5.0,0.3,0.2703658755065537,0.2836560600878235
13,0.2,5.0,0.32,0.2685268428348173,0.2836560600878235
13,0.2,5.0,0.34,0.2643001278729244,0.2836560600878235
13,0.2,5.0,0.36,0.2624637654572141,0.2836560600878235
13,0.2,5.0,0.38,0.2588063377067641,0.2836560600878235
13,0.2,5.0,0.4,0.2610227030062252,0.2836560600878235
13,0.2,5.0,0.42,0.2601691400500813,0.2836560600878235
13,0.2,5.0,0.44,0.2624612464903362,0.2836560600878235
13,0.2,5.0,0.46,0.2667844597268133,0.2836560600878235
13,0.2,5.0,0.48,0.2668125984906411,0.2836560600878235
13,0.2,5.0,0.5,0.2588041420518401,0.2836560600878235
13,0.2,5.0,0.52,0.2618249510432551,0.2836560600878235
13,0.2,5.0,0.54,0.2649936553103394,0.2836560600878235
13,0.2,5.0,0.56,0.2665074842614323,0.2836560600878235
13,0.2,5.0,0.58,0.2695046994923955,0.2836560600878235
13,0.2,5.0,0.6,0.2661969593124942,0.2836560600878235
13,0.2,5.0,0.62,0.2590533207362684,0.2836560600878235
13,0.2,5.0,0.64,0.2586083540182665,0.2836560600878235
13,0.2,5.0,0.66,0.2552559126211909,0.2836560600878235
13,0.2,5.0,0.68,0.2550224225258629,0.2836560600878235
13,0.2,5.0,0.7000000000000001,0.2543683628184606,0.2836560600878235
13,0.2,5.0,0.72,0.2529814964167313,0.2836560600878235
13,0.2,5.0,0.74,0.2547564944290811,0.2836560600878235
13,0.2,10.0,0.0,0.3931107945973996,0.2935785152952781
13,0.2,10.0,0.02,0.3707406735818014,0.2935785152952781
13,0.2,10.0,0.04,0.3565521443844336,0.2935785152952781
13,0.2,10.0,0.06,0.348223868575563,0.2935785152952781
13,0.2,10.0,0.08,0.3386557752707645,0.2935785152952781
13,0.2,10.0,0.1,0.3302552356025299,0.2935785152952781
13,0.2,10.0,0.12,0.3216957820312128,0.2935785152952781
13,0.2,10.0,0.14,0.3149531520605405,0.2935785152952781
13,0.2,10.0,0.16,0.3056590894887416,0.2935785152952781
13,0.2,10.0,0.18,0.2993690043098594,0.2935785152952781
13,0.2,10.0,0.2,0.2944535722665086,0.2935785152952781
13,0.2,10.0,0.22,0.3019381575170015,0.2935785152952781
13,0.2,10.0,0.24,0.3023552840472134,0.2935785152952781
13,0.2,10.0,0.26,0.2999162398365083,0.2935785152952781
13,0.2,10.0,0.28,0.2983934226804619,0.2935785152952781
13,0.2,10.0,0.3,0.2859115197483394,0.2935785152952781
13,0.2,10.0,0.32,0.2787955781133451,0.2935785152952781
13,0.2,10.0,0.34,0.2800666234780563,0.2935785152952781
13,0.2,10.0,0.36,0.2833883820430704,0.2935785152952781
13,0.2,10.0,0.38,0.2848163820868306,0.2935785152952781
13,0.2,10.0,0.4,0.2802567194320721,0.2935785152952781
13,0.2,10.0,0.42,0.266755643040586,0.2935785152952781
13,0.2,10.0,0.44,0.2553868798977242,0.2935785152952781
13,0.2,10.0,0.46,0.2471245602266564,0.2935785152952781
13,0.2,10.0,0.48,0.2475510486813138,0.2935785152952781
13,0.2,10.0,0.5,0.2477611635231141,0.2935785152952781
13,0.2,10.0,0.52,0.2429118099253138,0.2935785152952781
13,0.2,10.0,0.54,0.2539629342241615,0.2935785152952781
13,0.2,10.0,0.56,0.2591749062642913,0.2935785152952781
13,0.2,10.0,0.58,0.2627408840113361,0.2935785152952781
13,0.2,10.0,0.6,0.2659130536959273,0.2935785152952781
13,0.2,10.0,0.62,0.2628608719073566,0.2935785152952781
13,0.2,10.0,0.64,0.2605917581185932,0.2935785152952781
13,0.2,10.0,0.66,0.2550638237491289,0.2935785152952781
13,0.2,10.0,0.68,0.2571756009851428,0.2935785152952781
13,0.2,10.0,0.7000000000000001,0.2679293510571215,0.2935785152952781
13,0.2,10.0,0.72,0.2673190018496776,0.2935785152952781
13,0.2,10.0,0.74,0.2654822888060648,0.2935785152952781
13,0.2,15.0,0.0,0.393969589064989,0.291632231048269
13,0.2,15.0,0.02,0.357203831634138,0.291632231048269
13,0.2,15.0,0.04,0.3659704524294829,0.291632231048269
13,0.2,15.0,0.06,0.3563352710103808,0.291632231048269
13,0.2,15.0,0.08,0.3438267247346727,0.291632231048269
13,0.2,15.0,0.1,0.3296317838958004,0.291632231048269
13,0.2,15.0,0.12,0.312127453550254,0.291632231048269
13,0.2,15.0,0.14,0.3063317370540738,0.291632231048269
13,0.2,15.0,0.16,0.3010597246654556,0.291632231048269
13,0.2,15.0,0.18,0.3009571126651976,0.291632231048269
13,0.2,15.0,0.2,0.3037146218769168,0.291632231048269
13,0.2,15.0,0.22,0.300367987462821,0.291632231048269
13,0.2,15.0,0.24,0.3062795601502083,0.291632231048269
13,0.2,15.0,0.26,0.3032638396748406,0.291632231048269
13,0.2,15.0,0.28,0.3009489405765373,0.291632231048269
13,0.2,15.0,0.3,0.2859139587196508,0.291632231048269
13,0.2,15.0,0.32,0.2824089041076597,0.291632231048269
13,0.2,15.0,0.34,0.2755002814104786,0.291632231048269
13,0.2,15.0,0.36,0.2682491992581569,0.291632231048269
13,0.2,15.0,0.38,0.265901925302111,0.291632231048269
13,0.2,15.0,0.4,0.2693836060032414,0.291632231048269
13,0.2,15.0,0.42,0.2689582097944967,0.291632231048269
13,0.2,15.0,0.44,0.2708067761125909,0.291632231048269
13,0.2,15.0,0.46,0.2685574140784089,0.291632231048269
13,0.2,15.0,0.48,0.2663943843045455,0.291632231048269
13,0.2,15.0,0.5,0.2663197926070063,0.291632231048269
13,0.2,15.0,0.52,0.2650896143930118,0.291632231048269
13,0.2,15.0,0.54,0.2653743821722065,0.291632231048269
13,0.2,15.0,0.56,0.263974200465875,0.291632231048269
13,0.2,15.0,0.58,0.2599256893734432,0.291632231048269
13,0.2,15.0,0.6,0.2609855022239127,0.291632231048269
13,0.2,15.0,0.62,0.2616134056097615,0.291632231048269
13,0.2,15.0,0.64,0.2531627014051145,0.291632231048269
13,0.2,15.0,0.66,0.2591631682060798,0.291632231048269
13,0.2,15.0,0.68,0.2604733936050714,0.291632231048269
13,0.2,15.0,0.7000000000000001,0.2547723466046893,0.291632231048269
13,0.2,15.0,0.72,0.2556923093959201,0.291632231048269
13,0.2,15.0,0.74,0.2553885061758453,0.291632231048269
13,0.2,20.0,0.0,0.3723776032037847,0.3041760527189925
13,0.2,20.0,0.02,0.3672030302332096,0.3041760527189925
13,0.2,20.0,0.04,0.3606089821185453,0.3041760527189925
13,0.2,20.0,0.06,0.3426647502616731,0.3041760527189925
13,0.2,20.0,0.08,0.3321049040447695,0.3041760527189925
13,0.2,20.0,0.1,0.3284612279948283,0.3041760527189925
13,0.2,20.0,0.12,0.320824072544824,0.3041760527189925
13,0.2,20.0,0.14,0.3303493620606329,0.3041760527189925
13,0.2,20.0,0.16,0.3278857043326418,0.3041760527189925
13,0.2,20.0,0.18,0.3254102332183,0.3041760527189925
13,0.2,20.0,0.2,0.3207279578559081,0.3041760527189925
13,0.2,20.0,0.22,0.3060760253026482,0.3041760527189925
13,0.2,20.0,0.24,0.3059737919597899,0.3041760527189925
13,0.2,20.0,0.26,0.304847691255478,0.3041760527189925
13,0.2,20.0,0.28,0.307585743652271,0.3041760527189925
13,0.2,20.0,0.3,0.3020415533240128,0.3041760527189925
13,0.2,20.0,0.32,0.2975451334557097,0.3041760527189925
13,0.2,20.0,0.34,0.2846037868840476,0.3041760527189925
13,0.2,20.0,0.36,0.2783197199431287,0.3041760527189925
13,0.2,20.0,0.38,0.274892982374132,0.3041760527189925
13,0.2,20.0,0.4,0.2723001132186468,0.3041760527189925
13,0.2,20.0,0.42,0.2715298894747355,0.3041760527189925
13,0.2,20.0,0.44,0.2755317671144878,0.3041760527189925
13,0.2,20.0,0.46,0.2760247586314853,0.3041760527189925
13,0.2,20.0,0.48,0.2688651224539405,0.3041760527189925
13,0.2,20.0,0.5,0.2603619353241943,0.3041760527189925
13,0.2,20.0,0.52,0.2536185749435822,0.3041760527189925
13,0.2,20.0,0.54,0.2517382042267719,0.3041760527189925
13,0.2,20.0,0.56,0.2559207420972816,0.3041760527189925
13,0.2,20.0,0.58,0.2636887645870632,0.3041760527189925
13,0.2,20.0,0.6,0.265396477099298,0.3041760527189925
13,0.2,20.0,0.62,0.2630447215101918,0.3041760527189925
13,0.2,20.0,0.64,0.2646818070988357,0.3041760527189925
13,0.2,20.0,0.66,0.2689497676663243,0.3041760527189925
13,0.2,20.0,0.68,0.2654325068993313,0.3041760527189925
13,0.2,20.0,0.7000000000000001,0.2691810933495611,0.3041760527189925
13,0.2,20.0,0.72,0.2695078148191601,0.3041760527189925
13,0.2,20.0,0.74,0.2618585238663983,0.3041760527189925
13,0.2,25.0,0.0,0.4068144885426902,0.3077810450734469
13,0.2,25.0,0.02,0.3822156361848369,0.3077810450734469
13,0.2,25.0,0.04,0.3725314874961303,0.3077810450734469
13,0.2,25.0,0.06,0.3751940153017324,0.3077810450734469
13,0.2,25.0,0.08,0.3633588768394105,0.3077810450734469
13,0.2,25.0,0.1,0.3488244592346269,0.3077810450734469
13,0.2,25.0,0.12,0.3376103804306456,0.3077810450734469
13,0.2,25.0,0.14,0.3311893862921536,0.3077810450734469
13,0.2,25.0,0.16,0.3230112049077052,0.3077810450734469
13,0.2,25.0,0.18,0.3115037848287382,0.3077810450734469
13,0.2,25.0,0.2,0.3074922946835129,0.3077810450734469
13,0.2,25.0,0.22,0.3090740767266406,0.3077810450734469
13,0.2,25.0,0.24,0.3134633743366879,0.3077810450734469
13,0.2,25.0,0.26,0.311851536546824,0.3077810450734469
13,0.2,25.0,0.28,0.3089916755633199,0.3077810450734469
13,0.2,25.0,0.3,0.3137847112997262,0.3077810450734469
13,0.2,25.0,0.32,0.3140085601294339,0.3077810450734469
13,0.2,25.0,0.34,0.3061902589196808,0.3077810450734469
13,0.2,25.0,0.36,0.2965791703921583,0.3077810450734469
13,0.2,25.0,0.38,0.2894082524487012,0.3077810450734469
13,0.2,25.0,0.4,0.2904748836130969,0.3077810450734469
13,0.2,25.0,0.42,0.2942807220374215,0.3077810450734469
13,0.2,25.0,0.44,0.3008610403827474,0.3077810450734469
13,0.2,25.0,0.46,0.30233611877153,0.3077810450734469
13,0.2,25.0,0.48,0.3063813979155235,0.3077810450734469
13,0.2,25.0,0.5,0.3122487758921409,0.3077810450734469
13,0.2,25.0,0.52,0.3121793173182292,0.3077810450734469
13,0.2,25.0,0.54,0.3253731357546234,0.3077810450734469
13,0.2,25.0,0.56,0.3270000003889081,0.3077810450734469
13,0.2,25.0,0.58,0.3335970650852481,0.3077810450734469
13,0.2,25.0,0.6,0.327557325969795,0.3077810450734469
13,0.2,25.0,0.62,0.3192728367531842,0.3077810450734469
13,0.2,25.0,0.64,0.3124788641860157,0.3077810450734469
13,0.2,25.0,0.66,0.3031554073247562,0.3077810450734469
13,0.2,25.0,0.68,0.3044155200493542,0.3077810450734469
13,0.2,25.0,0.7000000000000001,0.3081973675066783,0.3077810450734469
13,0.2,25.0,0.72,0.313973458926839,0.3077810450734469
13,0.2,25.0,0.74,0.3153077692440547,0.3077810450734469
13,0.2,30.0,0.0,0.4211158275764817,0.3045849930336444
13,0.2,30.0,0.02,0.3768488346449362,0.3045849930336444
13,0.2,30.0,0.04,0.3553840719152906,0.3045849930336444
13,0.2,30.0,0.06,0.3474604550236605,0.3045849930336444
13,0.2,30.0,0.08,0.3609596338724767,0.3045849930336444
13,0.2,30.0,0.1,0.3620286821832546,0.3045849930336444
13,0.2,30.0,0.12,0.3574619258833957,0.3045849930336444
13,0.2,30.0,0.14,0.3418516074262341,0.3045849930336444
13,0.2,30.0,0.16,0.3389991698906963,0.3045849930336444
13,0.2,30.0,0.18,0.3337645004431909,0.3045849930336444
13,0.2,30.0,0.2,0.3294365073357799,0.3045849930336444
13,0.2,30.0,0.22,0.3207064907021167,0.3045849930336444
13,0.2,30.0,0.24,0.3124944140950177,0.3045849930336444
13,0.2,30.0,0.26,0.30494494071349,0.3045849930336444
13,0.2,30.0,0.28,0.3105435402128046,0.3045849930336444
13,0.2,30.0,0.3,0.3059220585157711,0.3045849930336444
13,0.2,30.0,0.32,0.295164835551939,0.3045849930336444
13,0.2,30.0,0.34,0.2970702052219706,0.3045849930336444
13,0.2,30.0,0.36,0.3053328756077103,0.3045849930336444
13,0.2,30.0,0.38,0.3058744610167472,0.3045849930336444
13,0.2,30.0,0.4,0.3057548568761044,0.3045849930336444
13,0.2,30.0,0.42,0.3000651027127662,0.3045849930336444
13,0.2,30.0,0.44,0.2971272765925585,0.3045849930336444
13,0.2,30.0,0.46,0.2879381601061808,0.3045849930336444
13,0.2,30.0,0.48,0.2746516568902006,0.3045849930336444
13,0.2,30.0,0.5,0.2655194398680064,0.3045849930336444
13,0.2,30.0,0.52,0.2655066804755656,0.3045849930336444
13,0.2,30.0,0.54,0.2666707538413487,0.3045849930336444
13,0.2,30.0,0.56,0.2673592830431074,0.3045849930336444
13,0.2,30.0,0.58,0.2644349079949236,0.3045849930336444
13,0.2,30.0,0.6,0.2609117088948162,0.3045849930336444
13,0.2,30.0,0.62,0.2603804713282479,0.3045849930336444
13,0.2,30.0,0.64,0.2685627799507238,0.3045849930336444
13,0.2,30.0,0.66,0.2647824092108559,0.3045849930336444
13,0.2,30.0,0.68,0.2647546878533902,0.3045849930336444
13,0.2,30.0,0.7000000000000001,0.2578396285537898,0.3045849930336444
13,0.2,30.0,0.72,0.2563356552644752,0.3045849930336444
13,0.2,30.0,0.74,0.261418765981393,0.3045849930336444
13,0.2,40.0,0.0,0.3957249404757198,0.3181067835482837
13,0.2,40.0,0.02,0.3785523536880941,0.3181067835482837
13,0.2,40.0,0.04,0.3575256476856879,0.3181067835482837
13,0.2,40.0,0.06,0.3478037075997465,0.3181067835482837
13,0.2,40.0,0.08,0.3492465716978398,0.3181067835482837
13,0.2,40.0,0.1,0.3363764240594803,0.3181067835482837
13,0.2,40.0,0.12,0.3295379710388939,0.3181067835482837
13,0.2,40.0,0.14,0.3261572961106431,0.3181067835482837
13,0.2,40.0,0.16,0.3165053312659104,0.3181067835482837
13,0.2,40.0,0.18,0.3151589748897724,0.3181067835482837
13,0.2,40.0,0.2,0.3135490774806844,0.3181067835482837
13,0.2,40.0,0.22,0.3126668378025436,0.3181067835482837
13,0.2,40.0,0.24,0.3059666717172084,0.3181067835482837
13,0.2,40.0,0.26,0.3050816555843051,0.3181067835482837
13,0.2,40.0,0.28,0.3084869162673886,0.3181067835482837
13,0.2,40.0,0.3,0.3036795300904889,0.3181067835482837
13,0.2,40.0,0.32,0.3000779304593934,0.3181067835482837
13,0.2,40.0,0.34,0.2946491427664351,0.3181067835482837
13,0.2,40.0,0.36,0.2865199914403665,0.3181067835482837
13,0.2,40.0,0.38,0.2859263843698811,0.3181067835482837
13,0.2,40.0,0.4,0.2854951970187019,0.3181067835482837
13,0.2,40.0,0.42,0.3009478830294947,0.3181067835482837
13,0.2,40.0,0.44,0.2998700874922286,0.3181067835482837
13,0.2,40.0,0.46,0.2919493483212409,0.3181067835482837
13,0.2,40.0,0.48,0.2909149083514655,0.3181067835482837
13,0.2,40.0,0.5,0.2901709361362721,0.3181067835482837
13,0.2,40.0,0.52,0.2971471386942494,0.3181067835482837
13,0.2,40.0,0.54,0.2902735621971081,0.3181067835482837
13,0.2,40.0,0.56,0.2818846007568291,0.3181067835482837
13,0.2,40.0,0.58,0.2806968333151457,0.3181067835482837
13,0.2,40.0,0.6,0.2797605669256289,0.3181067835482837
13,0.2,40.0,0.62,0.286261540702968,0.3181067835482837
13,0.2,40.0,0.64,0.2904197351951066,0.3181067835482837
13,0.2,40.0,0.66,0.2942365417490884,0.3181067835482837
13,0.2,40.0,0.68,0.3179743623446401,0.3181067835482837
13,0.2,40.0,0.7000000000000001,0.3261052589569226,0.3181067835482837
13,0.2,40.0,0.72,0.3126237831490497,0.3181067835482837
13,0.2,40.0,0.74,0.3062981944794792,0.3181067835482837
13,0.2,50.0,0.0,0.4162336864581195,0.32076031137249067
13,0.2,50.0,0.02,0.3945922356926247,0.32076031137249067
13,0.2,50.0,0.04,0.3683056005181201,0.32076031137249067
13,0.2,50.0,0.06,0.3566974968745776,0.32076031137249067
13,0.2,50.0,0.08,0.350223886420303,0.32076031137249067
13,0.2,50.0,0.1,0.3352224409682736,0.32076031137249067
13,0.2,50.0,0.12,0.3265543142155687,0.32076031137249067
13,0.2,50.0,0.14,0.3321619419420078,0.32076031137249067
13,0.2,50.0,0.16,0.3323049045300251,0.32076031137249067
13,0.2,50.0,0.18,0.3282329767491971,0.32076031137249067
13,0.2,50.0,0.2,0.3155179245137592,0.32076031137249067
13,0.2,50.0,0.22,0.3182536174650317,0.32076031137249067
13,0.2,50.0,0.24,0.3040582335390547,0.32076031137249067
13,0.2,50.0,0.26,0.3006289257271754,0.32076031137249067
13,0.2,50.0,0.28,0.2924444346955707,0.32076031137249067
13,0.2,50.0,0.3,0.2888620747260629,0.32076031137249067
13,0.2,50.0,0.32,0.2919191163552899,0.32076031137249067
13,0.2,50.0,0.34,0.2958043613503973,0.32076031137249067
13,0.2,50.0,0.36,0.2950957424584435,0.32076031137249067
13,0.2,50.0,0.38,0.2924201809936637,0.32076031137249067
13,0.2,50.0,0.4,0.284811413801839,0.32076031137249067
13,0.2,50.0,0.42,0.2773678720136355,0.32076031137249067
13,0.2,50.0,0.44,0.2753801063136595,0.32076031137249067
13,0.2,50.0,0.46,0.2775412925495097,0.32076031137249067
13,0.2,50.0,0.48,0.3089668727419992,0.32076031137249067
13,0.2,50.0,0.5,0.3256487087005839,0.32076031137249067
13,0.2,50.0,0.52,0.3265981888318969,0.32076031137249067
13,0.2,50.0,0.54,0.3211677765128846,0.32076031137249067
13,0.2,50.0,0.56,0.3160251652270545,0.32076031137249067
13,0.2,50.0,0.58,0.3057109315098463,0.32076031137249067
13,0.2,50.0,0.6,0.3012730294816533,0.32076031137249067
13,0.2,50.0,0.62,0.2980729001550003,0.32076031137249067
13,0.2,50.0,0.64,0.2933244501065692,0.32076031137249067
13,0.2,50.0,0.66,0.2918616338385621,0.32076031137249067
13,0.2,50.0,0.68,0.3164236435124805,0.32076031137249067
13,0.2,50.0,0.7000000000000001,0.3192086439150842,0.32076031137249067
13,0.2,50.0,0.72,0.3136186117427708,0.32076031137249067
13,0.2,50.0,0.74,0.3109506790149547,0.32076031137249067
13,0.2,100.0,0.0,0.3866550259344009,0.3680668185065753
13,0.2,100.0,0.02,0.4026184418828221,0.3680668185065753
13,0.2,100.0,0.04,0.4223626725346986,0.3680668185065753
13,0.2,100.0,0.06,0.409890740559763,0.3680668185065753
13,0.2,100.0,0.08,0.3960350759988087,0.3680668185065753
13,0.2,100.0,0.1,0.3848982716723166,0.3680668185065753
13,0.2,100.0,0.12,0.3790021552340736,0.3680668185065753
13,0.2,100.0,0.14,0.3699269307277161,0.3680668185065753
13,0.2,100.0,0.16,0.364998075621296,0.3680668185065753
13,0.2,100.0,0.18,0.3561896461169597,0.3680668185065753
13,0.2,100.0,0.2,0.3467263885513799,0.3680668185065753
13,0.2,100.0,0.22,0.3416870095146453,0.3680668185065753
13,0.2,100.0,0.24,0.3403625685481457,0.3680668185065753
13,0.2,100.0,0.26,0.3463936061010531,0.3680668185065753
13,0.2,100.0,0.28,0.3407484601180334,0.3680668185065753
13,0.2,100.0,0.3,0.3422608809604729,0.3680668185065753
13,0.2,100.0,0.32,0.3463241813860135,0.3680668185065753
13,0.2,100.0,0.34,0.3564543820217672,0.3680668185065753
13,0.2,100.0,0.36,0.3563404702281226,0.3680668185065753
13,0.2,100.0,0.38,0.354056593102114,0.3680668185065753
13,0.2,100.0,0.4,0.374587305022532,0.3680668185065753
13,0.2,100.0,0.42,0.3753201874842812,0.3680668185065753
13,0.2,100.0,0.44,0.390902169524907,0.3680668185065753
13,0.2,100.0,0.46,0.3860741639828111,0.3680668185065753
13,0.2,100.0,0.48,0.3815233367081751,0.3680668185065753
13,0.2,100.0,0.5,0.3716202251262395,0.3680668185065753
13,0.2,100.0,0.52,0.3685771529707963,0.3680668185065753
13,0.2,100.0,0.54,0.3634603873191282,0.3680668185065753
13,0.2,100.0,0.56,0.3588882494401219,0.3680668185065753
13,0.2,100.0,0.58,0.3471450516816771,0.3680668185065753
13,0.2,100.0,0.6,0.3488019686888913,0.3680668185065753
13,0.2,100.0,0.62,0.3452125075891125,0.3680668185065753
13,0.2,100.0,0.64,0.3395902071094507,0.3680668185065753
13,0.2,100.0,0.66,0.334693817911953,0.3680668185065753
13,0.2,100.0,0.68,0.3369343591430133,0.3680668185065753
13,0.2,100.0,0.7000000000000001,0.3400534499558686,0.3680668185065753
13,0.2,100.0,0.72,0.3411670356491268,0.3680668185065753
13,0.2,100.0,0.74,0.3340329570175801,0.3680668185065753
14,0.2,0.0,0.0,0.4145326785390288,0.2965800570536289
14,0.2,0.0,0.02,0.37008305466641,0.2965800570536289
14,0.2,0.0,0.04,0.3585321382573424,0.2965800570536289
14,0.2,0.0,0.06,0.3493555990596051,0.2965800570536289
14,0.2,0.0,0.08,0.330199507258084,0.2965800570536289
14,0.2,0.0,0.1,0.3173277646541581,0.2965800570536289
14,0.2,0.0,0.12,0.3045572169757514,0.2965800570536289
14,0.2,0.0,0.14,0.3009208555493834,0.2965800570536289
14,0.2,0.0,0.16,0.2972404881875852,0.2965800570536289
14,0.2,0.0,0.18,0.2963161529562026,0.2965800570536289
14,0.2,0.0,0.2,0.2911879172160996,0.2965800570536289
14,0.2,0.0,0.22,0.292462437061257,0.2965800570536289
14,0.2,0.0,0.24,0.2921196507714698,0.2965800570536289
14,0.2,0.0,0.26,0.2893431024451761,0.2965800570536289
14,0.2,0.0,0.28,0.2882216891693266,0.2965800570536289
14,0.2,0.0,0.3,0.2887207510445085,0.2965800570536289
14,0.2,0.0,0.32,0.2909966569855667,0.2965800570536289
14,0.2,0.0,0.34,0.2955464324681788,0.2965800570536289
14,0.2,0.0,0.36,0.2977291127719223,0.2965800570536289
14,0.2,0.0,0.38,0.2940032830980686,0.2965800570536289
14,0.2,0.0,0.4,0.2893061200613518,0.2965800570536289
14,0.2,0.0,0.42,0.2865656678386248,0.2965800570536289
14,0.2,0.0,0.44,0.2812356716669067,0.2965800570536289
14,0.2,0.0,0.46,0.2787432098157902,0.2965800570536289
14,0.2,0.0,0.48,0.2815009766792154,0.2965800570536289
14,0.2,0.0,0.5,0.2806027392805367,0.2965800570536289
14,0.2,0.0,0.52,0.2795442839281407,0.2965800570536289
14,0.2,0.0,0.54,0.2809103201087863,0.2965800570536289
14,0.2,0.0,0.56,0.2867116536372219,0.2965800570536289
14,0.2,0.0,0.58,0.2906665560696816,0.2965800570536289
14,0.2,0.0,0.6,0.2887677697956358,0.2965800570536289
14,0.2,0.0,0.62,0.2833892460045524,0.2965800570536289
14,0.2,0.0,0.64,0.2856024680809734,0.2965800570536289
14,0.2,0.0,0.66,0.2886675771186817,0.2965800570536289
14,0.2,0.0,0.68,0.2809010796289569,0.2965800570536289
14,0.2,0.0,0.7000000000000001,0.2774670412276854,0.2965800570536289
14,0.2,0.0,0.72,0.2829172399549181,0.2965800570536289
14,0.2,0.0,0.74,0.289517876499469,0.2965800570536289
14,0.2,5.0,0.0,0.4001655192104661,0.2836560600878235
14,0.2,5.0,0.02,0.3681059132670911,0.2836560600878235
14,0.2,5.0,0.04,0.3622707809680408,0.2836560600878235
14,0.2,5.0,0.06,0.3509112162022355,0.2836560600878235
14,0.2,5.0,0.08,0.3522394497378464,0.2836560600878235
14,0.2,5.0,0.1,0.3425668170339682,0.2836560600878235
14,0.2,5.0,0.12,0.3223985179987412,0.2836560600878235
14,0.2,5.0,0.14,0.3070504638268726,0.2836560600878235
14,0.2,5.0,0.16,0.2985426770394426,0.2836560600878235
14,0.2,5.0,0.18,0.2991863524419618,0.2836560600878235
14,0.2,5.0,0.2,0.3002064571708671,0.2836560600878235
14,0.2,5.0,0.22,0.2962200484923328,0.2836560600878235
14,0.2,5.0,0.24,0.2862944923439955,0.2836560600878235
14,0.2,5.0,0.26,0.2800054774032027,0.2836560600878235
14,0.2,5.0,0.28,0.2780738053851103,0.2836560600878235
14,0.2,5.0,0.3,0.2787671360777766,0.2836560600878235
14,0.2,5.0,0.32,0.271772546739799,0.2836560600878235
14,0.2,5.0,0.34,0.2721642310213538,0.2836560600878235
14,0.2,5.0,0.36,0.2664981933504226,0.2836560600878235
14,0.2,5.0,0.38,0.2682389618729782,0.2836560600878235
14,0.2,5.0,0.4,0.2641011495070357,0.2836560600878235
14,0.2,5.0,0.42,0.2623542921134495,0.2836560600878235
14,0.2,5.0,0.44,0.2692978610744406,0.2836560600878235
14,0.2,5.0,0.46,0.2687309804779503,0.2836560600878235
14,0.2,5.0,0.48,0.2702804637268892,0.2836560600878235
14,0.2,5.0,0.5,0.2724333698932294,0.2836560600878235
14,0.2,5.0,0.52,0.2683047137237071,0.2836560600878235
14,0.2,5.0,0.54,0.2694471603781999,0.2836560600878235
14,0.2,5.0,0.56,0.266521726020682,0.2836560600878235
14,0.2,5.0,0.58,0.2605051011138065,0.2836560600878235
14,0.2,5.0,0.6,0.2619392612717376,0.2836560600878235
14,0.2,5.0,0.62,0.2596871987146056,0.2836560600878235
14,0.2,5.0,0.64,0.2587781481397789,0.2836560600878235
14,0.2,5.0,0.66,0.2597520556679568,0.2836560600878235
14,0.2,5.0,0.68,0.2615881907596593,0.2836560600878235
14,0.2,5.0,0.7000000000000001,0.2541605110612152,0.2836560600878235
14,0.2,5.0,0.72,0.2511398551515421,0.2836560600878235
14,0.2,5.0,0.74,0.2530461282254055,0.2836560600878235
14,0.2,10.0,0.0,0.4177724084679233,0.2935785152952781
14,0.2,10.0,0.02,0.3729064473062891,0.2935785152952781
14,0.2,10.0,0.04,0.3645047612667171,0.2935785152952781
14,0.2,10.0,0.06,0.3636506201285225,0.2935785152952781
14,0.2,10.0,0.08,0.3617836642610133,0.2935785152952781
14,0.2,10.0,0.1,0.3460658796608239,0.2935785152952781
14,0.2,10.0,0.12,0.327498182827417,0.2935785152952781
14,0.2,10.0,0.14,0.311463042524805,0.2935785152952781
14,0.2,10.0,0.16,0.3063138946968241,0.2935785152952781
14,0.2,10.0,0.18,0.3043837468988223,0.2935785152952781
14,0.2,10.0,0.2,0.3026492433994905,0.2935785152952781
14,0.2,10.0,0.22,0.2928036583725972,0.2935785152952781
14,0.2,10.0,0.24,0.2865485844578744,0.2935785152952781
14,0.2,10.0,0.26,0.2929758536027648,0.2935785152952781
14,0.2,10.0,0.28,0.2948694372239133,0.2935785152952781
14,0.2,10.0,0.3,0.2918334749319568,0.2935785152952781
14,0.2,10.0,0.32,0.2924997129259558,0.2935785152952781
14,0.2,10.0,0.34,0.292533355702085,0.2935785152952781
14,0.2,10.0,0.36,0.2975386648545932,0.2935785152952781
14,0.2,10.0,0.38,0.2954931704914029,0.2935785152952781
14,0.2,10.0,0.4,0.2934744625014677,0.2935785152952781
14,0.2,10.0,0.42,0.2959752380674112,0.2935785152952781
14,0.2,10.0,0.44,0.2916357900023609,0.2935785152952781
14,0.2,10.0,0.46,0.2817936161543438,0.2935785152952781
14,0.2,10.0,0.48,0.2730076126836728,0.2935785152952781
14,0.2,10.0,0.5,0.2679507058922704,0.2935785152952781
14,0.2,10.0,0.52,0.2664138463979556,0.2935785152952781
14,0.2,10.0,0.54,0.2708310878055583,0.2935785152952781
14,0.2,10.0,0.56,0.2797197840492241,0.2935785152952781
14,0.2,10.0,0.58,0.273488820616125,0.2935785152952781
14,0.2,10.0,0.6,0.2735385617749775,0.2935785152952781
14,0.2,10.0,0.62,0.2775739037816676,0.2935785152952781
14,0.2,10.0,0.64,0.2746421121954323,0.2935785152952781
14,0.2,10.0,0.66,0.272630919061948,0.2935785152952781
14,0.2,10.0,0.68,0.2749302420193289,0.2935785152952781
14,0.2,10.0,0.7000000000000001,0.27258799923916,0.2935785152952781
14,0.2,10.0,0.72,0.2722729689187268,0.2935785152952781
14,0.2,10.0,0.74,0.2784580291852011,0.2935785152952781
14,0.2,15.0,0.0,0.4050299852632829,0.291632231048269
14,0.2,15.0,0.02,0.3615326417454177,0.291632231048269
14,0.2,15.0,0.04,0.3461890161900695,0.291632231048269
14,0.2,15.0,0.06,0.3521776544864903,0.291632231048269
14,0.2,15.0,0.08,0.3356694668998337,0.291632231048269
14,0.2,15.0,0.1,0.3252887081268361,0.291632231048269
14,0.2,15.0,0.12,0.3209275051436945,0.291632231048269
14,0.2,15.0,0.14,0.3098226047072824,0.291632231048269
14,0.2,15.0,0.16,0.2959414665813417,0.291632231048269
14,0.2,15.0,0.18,0.2922672994508022,0.291632231048269
14,0.2,15.0,0.2,0.2857304423913613,0.291632231048269
14,0.2,15.0,0.22,0.2913173887057676,0.291632231048269
14,0.2,15.0,0.24,0.2868106515752029,0.291632231048269
14,0.2,15.0,0.26,0.2798511084502788,0.291632231048269
14,0.2,15.0,0.28,0.2722223240393964,0.291632231048269
14,0.2,15.0,0.3,0.2711755290782178,0.291632231048269
14,0.2,15.0,0.32,0.2715927223313461,0.291632231048269
14,0.2,15.0,0.34,0.2632419441216375,0.291632231048269
14,0.2,15.0,0.36,0.2525966918941824,0.291632231048269
14,0.2,15.0,0.38,0.2528873488748998,0.291632231048269
14,0.2,15.0,0.4,0.2573535762072817,0.291632231048269
14,0.2,15.0,0.42,0.2572915171329753,0.291632231048269
14,0.2,15.0,0.44,0.2597457819196722,0.291632231048269
14,0.2,15.0,0.46,0.2519412429771421,0.291632231048269
14,0.2,15.0,0.48,0.2466536382063003,0.291632231048269
14,0.2,15.0,0.5,0.2430750082668191,0.291632231048269
14,0.2,15.0,0.52,0.2359217013395879,0.291632231048269
14,0.2,15.0,0.54,0.2485237470565048,0.291632231048269
14,0.2,15.0,0.56,0.255158811494601,0.291632231048269
14,0.2,15.0,0.58,0.2540348475557339,0.291632231048269
14,0.2,15.0,0.6,0.2539783112245183,0.291632231048269
14,0.2,15.0,0.62,0.2610114852688315,0.291632231048269
14,0.2,15.0,0.64,0.259723936622092,0.291632231048269
14,0.2,15.0,0.66,0.2576109014518383,0.291632231048269
14,0.2,15.0,0.68,0.2550842391956572,0.291632231048269
14,0.2,15.0,0.7000000000000001,0.2582188071270725,0.291632231048269
14,0.2,15.0,0.72,0.258773195902758,0.291632231048269
14,0.2,15.0,0.74,0.2620104110160254,0.291632231048269
14,0.2,20.0,0.0,0.3775050169760526,0.3041760527189925
14,0.2,20.0,0.02,0.3603464207154944,0.3041760527189925
14,0.2,20.0,0.04,0.3501532661863779,0.3041760527189925
14,0.2,20.0,0.06,0.3712537821519321,0.3041760527189925
14,0.2,20.0,0.08,0.3765876651040073,0.3041760527189925
14,0.2,20.0,0.1,0.3716451967966525,0.3041760527189925
14,0.2,20.0,0.12,0.3623861502445252,0.3041760527189925
14,0.2,20.0,0.14,0.3480900608111509,0.3041760527189925
14,0.2,20.0,0.16,0.3389592824075606,0.3041760527189925
14,0.2,20.0,0.18,0.3323248496446699,0.3041760527189925
14,0.2,20.0,0.2,0.3231864897415451,0.3041760527189925
14,0.2,20.0,0.22,0.3155768227691575,0.3041760527189925
14,0.2,20.0,0.24,0.3067044317923414,0.3041760527189925
14,0.2,20.0,0.26,0.2986345565375883,0.3041760527189925
14,0.2,20.0,0.28,0.2864173502390081,0.3041760527189925
14,0.2,20.0,0.3,0.2959534339682852,0.3041760527189925
14,0.2,20.0,0.32,0.3253481599730835,0.3041760527189925
14,0.2,20.0,0.34,0.340938201685772,0.3041760527189925
14,0.2,20.0,0.36,0.3334131917866117,0.3041760527189925
14,0.2,20.0,0.38,0.3234918912859313,0.3041760527189925
14,0.2,20.0,0.4,0.3178291248050379,0.3041760527189925
14,0.2,20.0,0.42,0.3153554741981261,0.3041760527189925
14,0.2,20.0,0.44,0.3215506811974277,0.3041760527189925
14,0.2,20.0,0.46,0.3238566082522515,0.3041760527189925
14,0.2,20.0,0.48,0.3201447141030643,0.3041760527189925
14,0.2,20.0,0.5,0.3098173859816719,0.3041760527189925
14,0.2,20.0,0.52,0.3055338720143373,0.3041760527189925
14,0.2,20.0,0.54,0.2976091807523092,0.3041760527189925
14,0.2,20.0,0.56,0.2961830860258715,0.3041760527189925
14,0.2,20.0,0.58,0.3012285051484332,0.3041760527189925
14,0.2,20.0,0.6,0.2981747903595546,0.3041760527189925
14,0.2,20.0,0.62,0.297573935445665,0.3041760527189925
14,0.2,20.0,0.64,0.3020498360155382,0.3041760527189925
14,0.2,20.0,0.66,0.292276584263752,0.3041760527189925
14,0.2,20.0,0.68,0.3011261495759159,0.3041760527189925
14,0.2,20.0,0.7000000000000001,0.308418948327929,0.3041760527189925
14,0.2,20.0,0.72,0.3050705006640845,0.3041760527189925
14,0.2,20.0,0.74,0.3225577212567488,0.3041760527189925
14,0.2,25.0,0.0,0.4046645929931998,0.3077810450734469
14,0.2,25.0,0.02,0.3707289479578496,0.3077810450734469
14,0.2,25.0,0.04,0.3747448012698512,0.3077810450734469
14,0.2,25.0,0.06,0.3640735485651059,0.3077810450734469
14,0.2,25.0,0.08,0.353232185215213,0.3077810450734469
14,0.2,25.0,0.1,0.3544069716730655,0.3077810450734469
14,0.2,25.0,0.12,0.3457737707754892,0.3077810450734469
14,0.2,25.0,0.14,0.3497221026421062,0.3077810450734469
14,0.2,25.0,0.16,0.3463485715036249,0.3077810450734469
14,0.2,25.0,0.18,0.3294536641525672,0.3077810450734469
14,0.2,25.0,0.2,0.3177378414288408,0.3077810450734469
14,0.2,25.0,0.22,0.3207835004466244,0.3077810450734469
14,0.2,25.0,0.24,0.3226897357627654,0.3077810450734469
14,0.2,25.0,0.26,0.3163253423764777,0.3077810450734469
14,0.2,25.0,0.28,0.304565307472225,0.3077810450734469
14,0.2,25.0,0.3,0.2940514398777027,0.3077810450734469
14,0.2,25.0,0.32,0.2874665029179404,0.3077810450734469
14,0.2,25.0,0.34,0.2959429573172772,0.3077810450734469
14,0.2,25.0,0.36,0.2958894553641442,0.3077810450734469
14,0.2,25.0,0.38,0.2972530094269118,0.3077810450734469
14,0.2,25.0,0.4,0.2918155304207825,0.3077810450734469
14,0.2,25.0,0.42,0.2889327885090317,0.3077810450734469
14,0.2,25.0,0.44,0.2837000115230062,0.3077810450734469
14,0.2,25.0,0.46,0.2768034418758243,0.3077810450734469
14,0.2,25.0,0.48,0.2846417707699151,0.3077810450734469
14,0.2,25.0,0.5,0.288431312320917,0.3077810450734469
14,0.2,25.0,0.52,0.2835560377298551,0.3077810450734469
14,0.2,25.0,0.54,0.278056317582728,0.3077810450734469
14,0.2,25.0,0.56,0.2719456077636108,0.3077810450734469
14,0.2,25.0,0.58,0.2697175035747203,0.3077810450734469
14,0.2,25.0,0.6,0.2841301118671885,0.3077810450734469
14,0.2,25.0,0.62,0.2929889019508058,0.3077810450734469
14,0.2,25.0,0.64,0.2944423302943617,0.3077810450734469
14,0.2,25.0,0.66,0.2900116837506448,0.3077810450734469
14,0.2,25.0,0.68,0.291192320298671,0.3077810450734469
14,0.2,25.0,0.7000000000000001,0.2960701233281144,0.3077810450734469
14,0.2,25.0,0.72,0.2993351775763764,0.3077810450734469
14,0.2,25.0,0.74,0.2969743649700456,0.3077810450734469
14,0.2,30.0,0.0,0.3554895198231068,0.3045849930336444
14,0.2,30.0,0.02,0.3478825931209228,0.3045849930336444
14,0.2,30.0,0.04,0.3556107181657803,0.3045849930336444
14,0.2,30.0,0.06,0.3540676525168302,0.3045849930336444
14,0.2,30.0,0.08,0.3446792297965992,0.3045849930336444
14,0.2,30.0,0.1,0.3368806833518962,0.3045849930336444
14,0.2,30.0,0.12,0.3256855122592801,0.3045849930336444
14,0.2,30.0,0.14,0.3180324931952955,0.3045849930336444
14,0.2,30.0,0.16,0.3060708023229452,0.3045849930336444
14,0.2,30.0,0.18,0.3011317114348518,0.3045849930336444
14,0.2,30.0,0.2,0.3033911422864186,0.3045849930336444
14,0.2,30.0,0.22,0.3058080925742238,0.3045849930336444
14,0.2,30.0,0.24,0.3034801356765271,0.3045849930336444
14,0.2,30.0,0.26,0.3058534732961274,0.3045849930336444
14,0.2,30.0,0.28,0.3058098714954643,0.3045849930336444
14,0.2,30.0,0.3,0.3080589456653089,0.3045849930336444
14,0.2,30.0,0.32,0.3057517549894519,0.3045849930336444
14,0.2,30.0,0.34,0.2940648451917012,0.3045849930336444
14,0.2,30.0,0.36,0.286691057237409,0.3045849930336444
14,0.2,30.0,0.38,0.2857746856129623,0.3045849930336444
14,0.2,30.0,0.4,0.2836518188072802,0.3045849930336444
14,0.2,30.0,0.42,0.278869774198914,0.3045849930336444
14,0.2,30.0,0.44,0.2709655389590038,0.3045849930336444
14,0.2,30.0,0.46,0.2920755012142739,0.3045849930336444
14,0.2,30.0,0.48,0.2941786320277341,0.3045849930336444
14,0.2,30.0,0.5,0.2817943592251631,0.3045849930336444
14,0.2,30.0,0.52,0.2819970669731133,0.3045849930336444
14,0.2,30.0,0.54,0.2835036986105723,0.3045849930336444
14,0.2,30.0,0.56,0.2791082294296444,0.3045849930336444
14,0.2,30.0,0.58,0.2831712380679448,0.3045849930336444
14,0.2,30.0,0.6,0.2884728981962492,0.3045849930336444
14,0.2,30.0,0.62,0.2848720107970959,0.3045849930336444
14,0.2,30.0,0.64,0.2726189102908739,0.3045849930336444
14,0.2,30.0,0.66,0.2639234002430251,0.3045849930336444
14,0.2,30.0,0.68,0.2608826390332949,0.3045849930336444
14,0.2,30.0,0.7000000000000001,0.2687403028480251,0.3045849930336444
14,0.2,30.0,0.72,0.2742826295764891,0.3045849930336444
14,0.2,30.0,0.74,0.277551073280664,0.3045849930336444
14,0.2,40.0,0.0,0.4092616792211799,0.3181067835482837
14,0.2,40.0,0.02,0.3677553897157629,0.3181067835482837
14,0.2,40.0,0.04,0.3662876779116714,0.3181067835482837
14,0.2,40.0,0.06,0.3543151961373876,0.3181067835482837
14,0.2,40.0,0.08,0.340859154682499,0.3181067835482837
14,0.2,40.0,0.1,0.3330468575373635,0.3181067835482837
14,0.2,40.0,0.12,0.3394836428885542,0.3181067835482837
14,0.2,40.0,0.14,0.3506981863548744,0.3181067835482837
14,0.2,40.0,0.16,0.337671709939921,0.3181067835482837
14,0.2,40.0,0.18,0.3250766552426237,0.3181067835482837
14,0.2,40.0,0.2,0.3100829037250371,0.3181067835482837
14,0.2,40.0,0.22,0.3112167324031121,0.3181067835482837
14,0.2,40.0,0.24,0.3057229790995827,0.3181067835482837
14,0.2,40.0,0.26,0.2993245139585692,0.3181067835482837
14,0.2,40.0,0.28,0.2909782458699823,0.3181067835482837
14,0.2,40.0,0.3,0.3041321085961284,0.3181067835482837
14,0.2,40.0,0.32,0.3117928525636397,0.3181067835482837
14,0.2,40.0,0.34,0.3036944004971978,0.3181067835482837
14,0.2,40.0,0.36,0.3022669190007825,0.3181067835482837
14,0.2,40.0,0.38,0.2976136230428878,0.3181067835482837
14,0.2,40.0,0.4,0.2937896724840975,0.3181067835482837
14,0.2,40.0,0.42,0.2882803049240069,0.3181067835482837
14,0.2,40.0,0.44,0.2833370325148763,0.3181067835482837
14,0.2,40.0,0.46,0.2790185480727516,0.3181067835482837
14,0.2,40.0,0.48,0.2780808665866583,0.3181067835482837
14,0.2,40.0,0.5,0.3032917564312719,0.3181067835482837
14,0.2,40.0,0.52,0.3066089756146919,0.3181067835482837
14,0.2,40.0,0.54,0.2944278621450358,0.3181067835482837
14,0.2,40.0,0.56,0.2821733857573065,0.3181067835482837
14,0.2,40.0,0.58,0.2775119579972764,0.3181067835482837
14,0.2,40.0,0.6,0.2787857507943192,0.3181067835482837
14,0.2,40.0,0.62,0.2815214735486056,0.3181067835482837
14,0.2,40.0,0.64,0.2998801727463965,0.3181067835482837
14,0.2,40.0,0.66,0.3037266309964263,0.3181067835482837
14,0.2,40.0,0.68,0.3121152011833595,0.3181067835482837
14,0.2,40.0,0.7000000000000001,0.306101463489096,0.3181067835482837
14,0.2,40.0,0.72,0.3060988336082429,0.3181067835482837
14,0.2,40.0,0.74,0.3102447127273495,0.3181067835482837
14,0.2,50.0,0.0,0.3570458733824906,0.32076031137249067
14,0.2,50.0,0.02,0.3539474835441821,0.32076031137249067
14,0.2,50.0,0.04,0.3478734646206948,0.32076031137249067
14,0.2,50.0,0.06,0.3443997379359871,0.32076031137249067
14,0.2,50.0,0.08,0.3259664675999412,0.32076031137249067
14,0.2,50.0,0.1,0.3324057089110739,0.32076031137249067
14,0.2,50.0,0.12,0.3392324520193425,0.32076031137249067
14,0.2,50.0,0.14,0.3312215489409276,0.32076031137249067
14,0.2,50.0,0.16,0.3277792760277198,0.32076031137249067
14,0.2,50.0,0.18,0.3153518431559896,0.32076031137249067
14,0.2,50.0,0.2,0.3106486576838986,0.32076031137249067
14,0.2,50.0,0.22,0.3092584795388364,0.32076031137249067
14,0.2,50.0,0.24,0.3060079126960646,0.32076031137249067
14,0.2,50.0,0.26,0.31619579757335,0.32076031137249067
14,0.2,50.0,0.28,0.3337212006196218,0.32076031137249067
14,0.2,50.0,0.3,0.334200075574609,0.32076031137249067
14,0.2,50.0,0.32,0.3230049477465802,0.32076031137249067
14,0.2,50.0,0.34,0.3128222333196301,0.32076031137249067
14,0.2,50.0,0.36,0.3054625691788208,0.32076031137249067
14,0.2,50.0,0.38,0.3042472252370368,0.32076031137249067
14,0.2,50.0,0.4,0.3003250766964754,0.32076031137249067
14,0.2,50.0,0.42,0.2903756212463289,0.32076031137249067
14,0.2,50.0,0.44,0.2887891407010896,0.32076031137249067
14,0.2,50.0,0.46,0.2888807460946777,0.32076031137249067
14,0.2,50.0,0.48,0.2916287771651514,0.32076031137249067
14,0.2,50.0,0.5,0.2961409473080788,0.32076031137249067
14,0.2,50.0,0.52,0.2931989409679316,0.32076031137249067
14,0.2,50.0,0.54,0.2951433012333049,0.32076031137249067
14,0.2,50.0,0.56,0.2979540836358052,0.32076031137249067
14,0.2,50.0,0.58,0.3005868298527711,0.32076031137249067
14,0.2,50.0,0.6,0.305634619937724,0.32076031137249067
14,0.2,50.0,0.62,0.3033249952362793,0.32076031137249067
14,0.2,50.0,0.64,0.3088075391250872,0.32076031137249067
14,0.2,50.0,0.66,0.3096427715048571,0.32076031137249067
14,0.2,50.0,0.68,0.3117881766710144,0.32076031137249067
14,0.2,50.0,0.7000000000000001,0.3118288138415415,0.32076031137249067
14,0.2,50.0,0.72,0.3143193697140171,0.32076031137249067
14,0.2,50.0,0.74,0.3152309688827389,0.32076031137249067
14,0.2,100.0,0.0,0.3810295497951325,0.3680668185065753
14,0.2,100.0,0.02,0.380570397985392,0.3680668185065753
14,0.2,100.0,0.04,0.3762594543071269,0.3680668185065753
14,0.2,100.0,0.06,0.3715947206484292,0.3680668185065753
14,0.2,100.0,0.08,0.3643475526790284,0.3680668185065753
14,0.2,100.0,0.1,0.3452731480431694,0.3680668185065753
14,0.2,100.0,0.12,0.3670981435196276,0.3680668185065753
14,0.2,100.0,0.14,0.3637627116999007,0.3680668185065753
14,0.2,100.0,0.16,0.3504351695133775,0.3680668185065753
14,0.2,100.0,0.18,0.3401082126175131,0.3680668185065753
14,0.2,100.0,0.2,0.3325096013669709,0.3680668185065753
14,0.2,100.0,0.22,0.3213470674248977,0.3680668185065753
14,0.2,100.0,0.24,0.3248044021776144,0.3680668185065753
14,0.2,100.0,0.26,0.3232552575808506,0.3680668185065753
14,0.2,100.0,0.28,0.3291001758241924,0.3680668185065753
14,0.2,100.0,0.3,0.3244803884998395,0.3680668185065753
14,0.2,100.0,0.32,0.3290651390669655,0.3680668185065753
14,0.2,100.0,0.34,0.3296455061908233,0.3680668185065753
14,0.2,100.0,0.36,0.3283335993567313,0.3680668185065753
14,0.2,100.0,0.38,0.3348940967447359,0.3680668185065753
14,0.2,100.0,0.4,0.3310989428670284,0.3680668185065753
14,0.2,100.0,0.42,0.3268613909763824,0.3680668185065753
14,0.2,100.0,0.44,0.3324280701462001,0.3680668185065753
14,0.2,100.0,0.46,0.3228570852340049,0.3680668185065753
14,0.2,100.0,0.48,0.3129336885611389,0.3680668185065753
14,0.2,100.0,0.5,0.3070698624688676,0.3680668185065753
14,0.2,100.0,0.52,0.3053656528124617,0.3680668185065753
14,0.2,100.0,0.54,0.3047179553603978,0.3680668185065753
14,0.2,100.0,0.56,0.2993115627274189,0.3680668185065753
14,0.2,100.0,0.58,0.297836089987044,0.3680668185065753
14,0.2,100.0,0.6,0.2976296893592421,0.3680668185065753
14,0.2,100.0,0.62,0.2975777967729997,0.3680668185065753
14,0.2,100.0,0.64,0.2975129484218338,0.3680668185065753
14,0.2,100.0,0.66,0.2973767903134197,0.3680668185065753
14,0.2,100.0,0.68,0.2974402396832253,0.3680668185065753
14,0.2,100.0,0.7000000000000001,0.2973843271852879,0.3680668185065753
14,0.2,100.0,0.72,0.2974341766294409,0.3680668185065753
14,0.2,100.0,0.74,0.2974385220071546,0.3680668185065753
10,0.3,0.0,0.0,0.3409331458657778,0.2489897901428378
10,0.3,0.0,0.02,0.3107153844135218,0.2489897901428378
10,0.3,0.0,0.04,0.2944305629372817,0.2489897901428378
10,0.3,0.0,0.06,0.302963920330417,0.2489897901428378
10,0.3,0.0,0.08,0.2790460110942415,0.2489897901428378
10,0.3,0.0,0.1,0.2613677041108195,0.2489897901428378
10,0.3,0.0,0.12,0.2529941889586479,0.2489897901428378
10,0.3,0.0,0.14,0.2555720703310605,0.2489897901428378
10,0.3,0.0,0.16,0.2534306646898565,0.2489897901428378
10,0.3,0.0,0.18,0.2460479672139813,0.2489897901428378
10,0.3,0.0,0.2,0.2434072405761964,0.2489897901428378
10,0.3,0.0,0.22,0.2410476686313667,0.2489897901428378
10,0.3,0.0,0.24,0.2378272359715305,0.2489897901428378
10,0.3,0.0,0.26,0.2359971327134838,0.2489897901428378
10,0.3,0.0,0.28,0.2409460748741074,0.2489897901428378
10,0.3,0.0,0.3,0.2354428163692001,0.2489897901428378
10,0.3,0.0,0.32,0.2311723342801816,0.2489897901428378
10,0.3,0.0,0.34,0.236412703624043,0.2489897901428378
10,0.3,0.0,0.36,0.2407224344245002,0.2489897901428378
10,0.3,0.0,0.38,0.240282764566575,0.2489897901428378
10,0.3,0.0,0.4,0.2354627175675733,0.2489897901428378
10,0.3,0.0,0.42,0.2331515825290912,0.2489897901428378
10,0.3,0.0,0.44,0.2338410122918749,0.2489897901428378
10,0.3,0.0,0.46,0.228484488854624,0.2489897901428378
10,0.3,0.0,0.48,0.2300763205617679,0.2489897901428378
10,0.3,0.0,0.5,0.2306505445543555,0.2489897901428378
10,0.3,0.0,0.52,0.2284588994189249,0.2489897901428378
10,0.3,0.0,0.54,0.2324107256986555,0.2489897901428378
10,0.3,0.0,0.56,0.2294914923373025,0.2489897901428378
10,0.3,0.0,0.58,0.2319806290905115,0.2489897901428378
10,0.3,0.0,0.6,0.2343879969466038,0.2489897901428378
10,0.3,0.0,0.62,0.2294428857417898,0.2489897901428378
10,0.3,0.0,0.64,0.2312682818420995,0.2489897901428378
10,0.3,0.0,0.66,0.2361336379675094,0.2489897901428378
10,0.3,0.0,0.68,0.2366909899638207,0.2489897901428378
10,0.3,0.0,0.7000000000000001,0.2371660471824921,0.2489897901428378
10,0.3,0.0,0.72,0.2396406599057103,0.2489897901428378
10,0.3,0.0,0.74,0.240126539210972,0.2489897901428378
10,0.3,5.0,0.0,0.3691476691409444,0.24464745861432058
10,0.3,5.0,0.02,0.3380175419424543,0.24464745861432058
10,0.3,5.0,0.04,0.3418520458392436,0.24464745861432058
10,0.3,5.0,0.06,0.3264788049053229,0.24464745861432058
10,0.3,5.0,0.08,0.3040815853009954,0.24464745861432058
10,0.3,5.0,0.1,0.2890814872664687,0.24464745861432058
10,0.3,5.0,0.12,0.2753396479412039,0.24464745861432058
10,0.3,5.0,0.14,0.2533716138089346,0.24464745861432058
10,0.3,5.0,0.16,0.2406794380096657,0.24464745861432058
10,0.3,5.0,0.18,0.2315636493995411,0.24464745861432058
10,0.3,5.0,0.2,0.2243854115339326,0.24464745861432058
10,0.3,5.0,0.22,0.2218783128854821,0.24464745861432058
10,0.3,5.0,0.24,0.2173541453524536,0.24464745861432058
10,0.3,5.0,0.26,0.206631342776514,0.24464745861432058
10,0.3,5.0,0.28,0.2082925014303741,0.24464745861432058
10,0.3,5.0,0.3,0.2084535243247855,0.24464745861432058
10,0.3,5.0,0.32,0.2106240433221053,0.24464745861432058
10,0.3,5.0,0.34,0.2151659466384189,0.24464745861432058
10,0.3,5.0,0.36,0.2165458605647269,0.24464745861432058
10,0.3,5.0,0.38,0.2231117758364586,0.24464745861432058
10,0.3,5.0,0.4,0.2244672653347209,0.24464745861432058
10,0.3,5.0,0.42,0.2441237539397609,0.24464745861432058
10,0.3,5.0,0.44,0.2516955772378593,0.24464745861432058
10,0.3,5.0,0.46,0.2490992937002005,0.24464745861432058
10,0.3,5.0,0.48,0.2420962593702286,0.24464745861432058
10,0.3,5.0,0.5,0.2411931069861639,0.24464745861432058
10,0.3,5.0,0.52,0.241839468596301,0.24464745861432058
10,0.3,5.0,0.54,0.243436180768162,0.24464745861432058
10,0.3,5.0,0.56,0.2403172007803362,0.24464745861432058
10,0.3,5.0,0.58,0.2384877772046993,0.24464745861432058
10,0.3,5.0,0.6,0.2368844755667255,0.24464745861432058
10,0.3,5.0,0.62,0.233350519010998,0.24464745861432058
10,0.3,5.0,0.64,0.2334152109499246,0.24464745861432058
10,0.3,5.0,0.66,0.233742850518186,0.24464745861432058
10,0.3,5.0,0.68,0.2269708298764343,0.24464745861432058
10,0.3,5.0,0.7000000000000001,0.2234935407321689,0.24464745861432058
10,0.3,5.0,0.72,0.2222451839384477,0.24464745861432058
10,0.3,5.0,0.74,0.2272255188867328,0.24464745861432058
10,0.3,10.0,0.0,0.3375169680200563,0.25094873611717683
10,0.3,10.0,0.02,0.329253093788323,0.25094873611717683
10,0.3,10.0,0.04,0.3497894340375135,0.25094873611717683
10,0.3,10.0,0.06,0.3512573323527507,0.25094873611717683
10,0.3,10.0,0.08,0.3271190328036779,0.25094873611717683
10,0.3,10.0,0.1,0.317199534449495,0.25094873611717683
10,0.3,10.0,0.12,0.2964122748008759,0.25094873611717683
10,0.3,10.0,0.14,0.2798884399972541,0.25094873611717683
10,0.3,10.0,0.16,0.2698734582198351,0.25094873611717683
10,0.3,10.0,0.18,0.2685215667183278,0.25094873611717683
10,0.3,10.0,0.2,0.2685114858101866,0.25094873611717683
10,0.3,10.0,0.22,0.2640113394906151,0.25094873611717683
10,0.3,10.0,0.24,0.2608669339553116,0.25094873611717683
10,0.3,10.0,0.26,0.2525906512362998,0.25094873611717683
10,0.3,10.0,0.28,0.2514179120542883,0.25094873611717683
10,0.3,10.0,0.3,0.2460437471355273,0.25094873611717683
10,0.3,10.0,0.32,0.2413994015977301,0.25094873611717683
10,0.3,10.0,0.34,0.2479397846634169,0.25094873611717683
10,0.3,10.0,0.36,0.2506583353893148,0.25094873611717683
10,0.3,10.0,0.38,0.2515651336339552,0.25094873611717683
10,0.3,10.0,0.4,0.2448142532946418,0.25094873611717683
10,0.3,10.0,0.42,0.2413450479253801,0.25094873611717683
10,0.3,10.0,0.44,0.2353585824053901,0.25094873611717683
10,0.3,10.0,0.46,0.2370644961254137,0.25094873611717683
10,0.3,10.0,0.48,0.234458846501547,0.25094873611717683
10,0.3,10.0,0.5,0.2337641463520261,0.25094873611717683
10,0.3,10.0,0.52,0.233157147153718,0.25094873611717683
10,0.3,10.0,0.54,0.2311743721442789,0.25094873611717683
10,0.3,10.0,0.56,0.2298357225333998,0.25094873611717683
10,0.3,10.0,0.58,0.2314384459158374,0.25094873611717683
10,0.3,10.0,0.6,0.2295427607581845,0.25094873611717683
10,0.3,10.0,0.62,0.2222389307140105,0.25094873611717683
10,0.3,10.0,0.64,0.2218027905881636,0.25094873611717683
10,0.3,10.0,0.66,0.2269107786888203,0.25094873611717683
10,0.3,10.0,0.68,0.2347005376058207,0.25094873611717683
10,0.3,10.0,0.7000000000000001,0.2296700636312538,0.25094873611717683
10,0.3,10.0,0.72,0.2273200336844085,0.25094873611717683
10,0.3,10.0,0.74,0.2281364638854757,0.25094873611717683
10,0.3,15.0,0.0,0.344562422276801,0.2558859869971088
10,0.3,15.0,0.02,0.3277620297229146,0.2558859869971088
10,0.3,15.0,0.04,0.3108719231894716,0.2558859869971088
10,0.3,15.0,0.06,0.3117780747334449,0.2558859869971088
10,0.3,15.0,0.08,0.2901397244376165,0.2558859869971088
10,0.3,15.0,0.1,0.2807548005965354,0.2558859869971088
10,0.3,15.0,0.12,0.277777616622012,0.2558859869971088
10,0.3,15.0,0.14,0.2710349915181448,0.2558859869971088
10,0.3,15.0,0.16,0.2637237802230019,0.2558859869971088
10,0.3,15.0,0.18,0.2645256417807075,0.2558859869971088
10,0.3,15.0,0.2,0.2492991555525617,0.2558859869971088
10,0.3,15.0,0.22,0.240751818956781,0.2558859869971088
10,0.3,15.0,0.24,0.2397177700389682,0.2558859869971088
10,0.3,15.0,0.26,0.241069168087952,0.2558859869971088
10,0.3,15.0,0.28,0.232310571227916,0.2558859869971088
10,0.3,15.0,0.3,0.2436347963507326,0.2558859869971088
10,0.3,15.0,0.32,0.2485373365647931,0.2558859869971088
10,0.3,15.0,0.34,0.2431773959876654,0.2558859869971088
10,0.3,15.0,0.36,0.243139454719597,0.2558859869971088
10,0.3,15.0,0.38,0.2437098974887472,0.2558859869971088
10,0.3,15.0,0.4,0.2450340129946203,0.2558859869971088
10,0.3,15.0,0.42,0.2413496732938008,0.2558859869971088
10,0.3,15.0,0.44,0.2345351717546017,0.2558859869971088
10,0.3,15.0,0.46,0.2345472963787324,0.2558859869971088
10,0.3,15.0,0.48,0.2384693206644347,0.2558859869971088
10,0.3,15.0,0.5,0.2577480415904811,0.2558859869971088
10,0.3,15.0,0.52,0.2574303199254684,0.2558859869971088
10,0.3,15.0,0.54,0.2563252781883882,0.2558859869971088
10,0.3,15.0,0.56,0.2535810812001789,0.2558859869971088
10,0.3,15.0,0.58,0.2533652880473389,0.2558859869971088
10,0.3,15.0,0.6,0.2552177650813489,0.2558859869971088
10,0.3,15.0,0.62,0.2532687762288858,0.2558859869971088
10,0.3,15.0,0.64,0.2473897794869234,0.2558859869971088
10,0.3,15.0,0.66,0.2442911885270828,0.2558859869971088
10,0.3,15.0,0.68,0.2438341778697944,0.2558859869971088
10,0.3,15.0,0.7000000000000001,0.2364900785590205,0.2558859869971088
10,0.3,15.0,0.72,0.2324819669148464,0.2558859869971088
10,0.3,15.0,0.74,0.2303495285599691,0.2558859869971088
10,0.3,20.0,0.0,0.3424162643679119,0.2566468837585003
10,0.3,20.0,0.02,0.3329019659678638,0.2566468837585003
10,0.3,20.0,0.04,0.3284770554779312,0.2566468837585003
10,0.3,20.0,0.06,0.3203116851109606,0.2566468837585003
10,0.3,20.0,0.08,0.3059168091531577,0.2566468837585003
10,0.3,20.0,0.1,0.297460937564354,0.2566468837585003
10,0.3,20.0,0.12,0.3027749433685566,0.2566468837585003
10,0.3,20.0,0.14,0.296611959657759,0.2566468837585003
10,0.3,20.0,0.16,0.2848608954912303,0.2566468837585003
10,0.3,20.0,0.18,0.2755681223248634,0.2566468837585003
10,0.3,20.0,0.2,0.2679024211076434,0.2566468837585003
10,0.3,20.0,0.22,0.2576223793341817,0.2566468837585003
10,0.3,20.0,0.24,0.2474949382181181,0.2566468837585003
10,0.3,20.0,0.26,0.2487929107720925,0.2566468837585003
10,0.3,20.0,0.28,0.2452769680732343,0.2566468837585003
10,0.3,20.0,0.3,0.2522460535523862,0.2566468837585003
10,0.3,20.0,0.32,0.2649521641462308,0.2566468837585003
10,0.3,20.0,0.34,0.2616775666914804,0.2566468837585003
10,0.3,20.0,0.36,0.2536849971819566,0.2566468837585003
10,0.3,20.0,0.38,0.2486986946175985,0.2566468837585003
10,0.3,20.0,0.4,0.247604692785599,0.2566468837585003
10,0.3,20.0,0.42,0.2438609721194556,0.2566468837585003
10,0.3,20.0,0.44,0.2500980103979255,0.2566468837585003
10,0.3,20.0,0.46,0.2534436434612612,0.2566468837585003
10,0.3,20.0,0.48,0.2508860047262234,0.2566468837585003
10,0.3,20.0,0.5,0.246702882053634,0.2566468837585003
10,0.3,20.0,0.52,0.2490632667434392,0.2566468837585003
10,0.3,20.0,0.54,0.2462389196612399,0.2566468837585003
10,0.3,20.0,0.56,0.2426657907995232,0.2566468837585003
10,0.3,20.0,0.58,0.2409933874778704,0.2566468837585003
10,0.3,20.0,0.6,0.2390943763586653,0.2566468837585003
10,0.3,20.0,0.62,0.2365718094038113,0.2566468837585003
10,0.3,20.0,0.64,0.2427829804952391,0.2566468837585003
10,0.3,20.0,0.66,0.247339307611373,0.2566468837585003
10,0.3,20.0,0.68,0.2462517793566752,0.2566468837585003
10,0.3,20.0,0.7000000000000001,0.2436898531135315,0.2566468837585003
10,0.3,20.0,0.72,0.2410146235148403,0.2566468837585003
10,0.3,20.0,0.74,0.2410263623335235,0.2566468837585003
10,0.3,25.0,0.0,0.3351286375648946,0.26291252669502696
10,0.3,25.0,0.02,0.3259971133712362,0.26291252669502696
10,0.3,25.0,0.04,0.3584686995928957,0.26291252669502696
10,0.3,25.0,0.06,0.3393918895162131,0.26291252669502696
10,0.3,25.0,0.08,0.3251374164467233,0.26291252669502696
10,0.3,25.0,0.1,0.3265048523672111,0.26291252669502696
10,0.3,25.0,0.12,0.3166205147236343,0.26291252669502696
10,0.3,25.0,0.14,0.3105356150942148,0.26291252669502696
10,0.3,25.0,0.16,0.2976134441304429,0.26291252669502696
10,0.3,25.0,0.18,0.2943024608400982,0.26291252669502696
10,0.3,25.0,0.2,0.2846243451186564,0.26291252669502696
10,0.3,25.0,0.22,0.2959186126869176,0.26291252669502696
10,0.3,25.0,0.24,0.2902912478873723,0.26291252669502696
10,0.3,25.0,0.26,0.2774716726355971,0.26291252669502696
10,0.3,25.0,0.28,0.2599081690162932,0.26291252669502696
10,0.3,25.0,0.3,0.2538501799806701,0.26291252669502696
10,0.3,25.0,0.32,0.2495558654325823,0.26291252669502696
10,0.3,25.0,0.34,0.2404568036357671,0.26291252669502696
10,0.3,25.0,0.36,0.2402269822620309,0.26291252669502696
10,0.3,25.0,0.38,0.2406547109633402,0.26291252669502696
10,0.3,25.0,0.4,0.2529206733625601,0.26291252669502696
10,0.3,25.0,0.42,0.2553717352041715,0.26291252669502696
10,0.3,25.0,0.44,0.2535315479965981,0.26291252669502696
10,0.3,25.0,0.46,0.2507696709411948,0.26291252669502696
10,0.3,25.0,0.48,0.2432595850607765,0.26291252669502696
10,0.3,25.0,0.5,0.2384280777565281,0.26291252669502696
10,0.3,25.0,0.52,0.2375201870566868,0.26291252669502696
10,0.3,25.0,0.54,0.229482801729583,0.26291252669502696
10,0.3,25.0,0.56,0.2224800020559678,0.26291252669502696
10,0.3,25.0,0.58,0.2228779205057389,0.26291252669502696
10,0.3,25.0,0.6,0.2250138883020208,0.26291252669502696
10,0.3,25.0,0.62,0.2344567938537986,0.26291252669502696
10,0.3,25.0,0.64,0.2356372996820676,0.26291252669502696
10,0.3,25.0,0.66,0.2367234139458727,0.26291252669502696
10,0.3,25.0,0.68,0.2355438744627961,0.26291252669502696
10,0.3,25.0,0.7000000000000001,0.2383306549946449,0.26291252669502696
10,0.3,25.0,0.72,0.2454359422568582,0.26291252669502696
10,0.3,25.0,0.74,0.2497166033264622,0.26291252669502696
10,0.3,30.0,0.0,0.3460723681891633,0.2515894141951285
10,0.3,30.0,0.02,0.3255587608379784,0.2515894141951285
10,0.3,30.0,0.04,0.3353302489753069,0.2515894141951285
10,0.3,30.0,0.06,0.3150999140035976,0.2515894141951285
10,0.3,30.0,0.08,0.2957499026761461,0.2515894141951285
10,0.3,30.0,0.1,0.2730663986486157,0.2515894141951285
10,0.3,30.0,0.12,0.2656898902416731,0.2515894141951285
10,0.3,30.0,0.14,0.2450642044029825,0.2515894141951285
10,0.3,30.0,0.16,0.2391687447652062,0.2515894141951285
10,0.3,30.0,0.18,0.2339230100464288,0.2515894141951285
10,0.3,30.0,0.2,0.2348781225083777,0.2515894141951285
10,0.3,30.0,0.22,0.2291313590689759,0.2515894141951285
10,0.3,30.0,0.24,0.2169881270083702,0.2515894141951285
10,0.3,30.0,0.26,0.2136012784351823,0.2515894141951285
10,0.3,30.0,0.28,0.2136965034750885,0.2515894141951285
10,0.3,30.0,0.3,0.2170586831902078,0.2515894141951285
10,0.3,30.0,0.32,0.2176496375649862,0.2515894141951285
10,0.3,30.0,0.34,0.2182104557100271,0.2515894141951285
10,0.3,30.0,0.36,0.2167066051051059,0.2515894141951285
10,0.3,30.0,0.38,0.2175696133611492,0.2515894141951285
10,0.3,30.0,0.4,0.213195844768582,0.2515894141951285
10,0.3,30.0,0.42,0.209811744207754,0.2515894141951285
10,0.3,30.0,0.44,0.2147192007489753,0.2515894141951285
10,0.3,30.0,0.46,0.2090556564417186,0.2515894141951285
10,0.3,30.0,0.48,0.2136988211452352,0.2515894141951285
10,0.3,30.0,0.5,0.2157374631741787,0.2515894141951285
10,0.3,30.0,0.52,0.2132946285882181,0.2515894141951285
10,0.3,30.0,0.54,0.2078499884378164,0.2515894141951285
10,0.3,30.0,0.56,0.200211582614249,0.2515894141951285
10,0.3,30.0,0.58,0.2001303459956475,0.2515894141951285
10,0.3,30.0,0.6,0.1984004082251554,0.2515894141951285
10,0.3,30.0,0.62,0.1958493026731036,0.2515894141951285
10,0.3,30.0,0.64,0.2125207523589839,0.2515894141951285
10,0.3,30.0,0.66,0.2179829841950066,0.2515894141951285
10,0.3,30.0,0.68,0.2156175794279932,0.2515894141951285
10,0.3,30.0,0.7000000000000001,0.2211030949614483,0.2515894141951285
10,0.3,30.0,0.72,0.2238854661723805,0.2515894141951285
10,0.3,30.0,0.74,0.2424551607728573,0.2515894141951285
10,0.3,40.0,0.0,0.3733631499355334,0.26711592722176136
10,0.3,40.0,0.02,0.33652178928024,0.26711592722176136
10,0.3,40.0,0.04,0.3318719827698191,0.26711592722176136
10,0.3,40.0,0.06,0.3201977198828305,0.26711592722176136
10,0.3,40.0,0.08,0.3036541635303356,0.26711592722176136
10,0.3,40.0,0.1,0.2965939075441601,0.26711592722176136
10,0.3,40.0,0.12,0.2962047031680286,0.26711592722176136
10,0.3,40.0,0.14,0.2809570623745797,0.26711592722176136
10,0.3,40.0,0.16,0.2714439478670652,0.26711592722176136
10,0.3,40.0,0.18,0.2776633612581456,0.26711592722176136
10,0.3,40.0,0.2,0.2780647513125656,0.26711592722176136
10,0.3,40.0,0.22,0.271127147676258,0.26711592722176136
10,0.3,40.0,0.24,0.2640813584276411,0.26711592722176136
10,0.3,40.0,0.26,0.2599532917708669,0.26711592722176136
10,0.3,40.0,0.28,0.2643289555294169,0.26711592722176136
10,0.3,40.0,0.3,0.2537111261913916,0.26711592722176136
10,0.3,40.0,0.32,0.269702465536213,0.26711592722176136
10,0.3,40.0,0.34,0.275704700753608,0.26711592722176136
10,0.3,40.0,0.36,0.2721356207789993,0.26711592722176136
10,0.3,40.0,0.38,0.2736110515457731,0.26711592722176136
10,0.3,40.0,0.4,0.2663894438727072,0.26711592722176136
10,0.3,40.0,0.42,0.2650281982216818,0.26711592722176136
10,0.3,40.0,0.44,0.2631466087296877,0.26711592722176136
10,0.3,40.0,0.46,0.2628763836498154,0.26711592722176136
10,0.3,40.0,0.48,0.2703013147113952,0.26711592722176136
10,0.3,40.0,0.5,0.2714018892778499,0.26711592722176136
10,0.3,40.0,0.52,0.264948569979454,0.26711592722176136
10,0.3,40.0,0.54,0.2580247541494055,0.26711592722176136
10,0.3,40.0,0.56,0.2455873059186574,0.26711592722176136
10,0.3,40.0,0.58,0.2347263340398847,0.26711592722176136
10,0.3,40.0,0.6,0.2385568431570864,0.26711592722176136
10,0.3,40.0,0.62,0.2463150141570402,0.26711592722176136
10,0.3,40.0,0.64,0.2428738729728285,0.26711592722176136
10,0.3,40.0,0.66,0.2373566335862826,0.26711592722176136
10,0.3,40.0,0.68,0.2323450148010962,0.26711592722176136
10,0.3,40.0,0.7000000000000001,0.2395076502043732,0.26711592722176136
10,0.3,40.0,0.72,0.238373419193937,0.26711592722176136
10,0.3,40.0,0.74,0.2331276899929194,0.26711592722176136
10,0.3,50.0,0.0,0.3771488299020565,0.28172895912251056
10,0.3,50.0,0.02,0.3515809712773484,0.28172895912251056
10,0.3,50.0,0.04,0.3346223736449,0.28172895912251056
10,0.3,50.0,0.06,0.3315413724932907,0.28172895912251056
10,0.3,50.0,0.08,0.3157284816900101,0.28172895912251056
10,0.3,50.0,0.1,0.3017953466737517,0.28172895912251056
10,0.3,50.0,0.12,0.2931887662011524,0.28172895912251056
10,0.3,50.0,0.14,0.2820153019305439,0.28172895912251056
10,0.3,50.0,0.16,0.272479534263506,0.28172895912251056
10,0.3,50.0,0.18,0.272848789009937,0.28172895912251056
10,0.3,50.0,0.2,0.2682567133536966,0.28172895912251056
10,0.3,50.0,0.22,0.2665138074877041,0.28172895912251056
10,0.3,50.0,0.24,0.2755961049168514,0.28172895912251056
10,0.3,50.0,0.26,0.2735808757907358,0.28172895912251056
10,0.3,50.0,0.28,0.2619562150955838,0.28172895912251056
10,0.3,50.0,0.3,0.2623192302546789,0.28172895912251056
10,0.3,50.0,0.32,0.2654354846708278,0.28172895912251056
10,0.3,50.0,0.34,0.2794812996104739,0.28172895912251056
10,0.3,50.0,0.36,0.2708005926133491,0.28172895912251056
10,0.3,50.0,0.38,0.2664787555320785,0.28172895912251056
10,0.3,50.0,0.4,0.2552392045464181,0.28172895912251056
10,0.3,50.0,0.42,0.2459256020175057,0.28172895912251056
10,0.3,50.0,0.44,0.2359106727216859,0.28172895912251056
10,0.3,50.0,0.46,0.2375885567710227,0.28172895912251056
10,0.3,50.0,0.48,0.2395349659231923,0.28172895912251056
10,0.3,50.0,0.5,0.2486603694245929,0.28172895912251056
10,0.3,50.0,0.52,0.2594640884510726,0.28172895912251056
10,0.3,50.0,0.54,0.2624788980108262,0.28172895912251056
10,0.3,50.0,0.56,0.2668384095265665,0.28172895912251056
10,0.3,50.0,0.58,0.2657891947716005,0.28172895912251056
10,0.3,50.0,0.6,0.2658709208184596,0.28172895912251056
10,0.3,50.0,0.62,0.2617355008307542,0.28172895912251056
10,0.3,50.0,0.64,0.2665470296902677,0.28172895912251056
10,0.3,50.0,0.66,0.258776397852333,0.28172895912251056
10,0.3,50.0,0.68,0.257608973332219,0.28172895912251056
10,0.3,50.0,0.7000000000000001,0.2512664290008961,0.28172895912251056
10,0.3,50.0,0.72,0.252307619588768,0.28172895912251056
10,0.3,50.0,0.74,0.2422604819927188,0.28172895912251056
10,0.3,100.0,0.0,0.3538504411155599,0.29849215875881724
10,0.3,100.0,0.02,0.4242884882638682,0.29849215875881724
10,0.3,100.0,0.04,0.4105457771090925,0.29849215875881724
10,0.3,100.0,0.06,0.3914393233374409,0.29849215875881724
10,0.3,100.0,0.08,0.3725175785726511,0.29849215875881724
10,0.3,100.0,0.1,0.3587436040234232,0.29849215875881724
10,0.3,100.0,0.12,0.3647274023649061,0.29849215875881724
10,0.3,100.0,0.14,0.3450359645282526,0.29849215875881724
10,0.3,100.0,0.16,0.3276841990272809,0.29849215875881724
10,0.3,100.0,0.18,0.3221585771655567,0.29849215875881724
10,0.3,100.0,0.2,0.331370679320345,0.29849215875881724
10,0.3,100.0,0.22,0.3360435292291383,0.29849215875881724
10,0.3,100.0,0.24,0.330293589354825,0.29849215875881724
10,0.3,100.0,0.26,0.322449090678847,0.29849215875881724
10,0.3,100.0,0.28,0.3119788858042455,0.29849215875881724
10,0.3,100.0,0.3,0.3019448666784516,0.29849215875881724
10,0.3,100.0,0.32,0.2915395211108351,0.29849215875881724
10,0.3,100.0,0.34,0.2955207713434439,0.29849215875881724
10,0.3,100.0,0.36,0.3043194719320202,0.29849215875881724
10,0.3,100.0,0.38,0.3201405585065759,0.29849215875881724
10,0.3,100.0,0.4,0.3205236420417309,0.29849215875881724
10,0.3,100.0,0.42,0.3097275788389275,0.29849215875881724
10,0.3,100.0,0.44,0.2962064592807462,0.29849215875881724
10,0.3,100.0,0.46,0.2882095330779172,0.29849215875881724
10,0.3,100.0,0.48,0.278568644144019,0.29849215875881724
10,0.3,100.0,0.5,0.2828037103249689,0.29849215875881724
10,0.3,100.0,0.52,0.2906285084069419,0.29849215875881724
10,0.3,100.0,0.54,0.2862408872783039,0.29849215875881724
10,0.3,100.0,0.56,0.2784593606261417,0.29849215875881724
10,0.3,100.0,0.58,0.2829853618315733,0.29849215875881724
10,0.3,100.0,0.6,0.2841533054883249,0.29849215875881724
10,0.3,100.0,0.62,0.2719378828952155,0.29849215875881724
10,0.3,100.0,0.64,0.2734994276093533,0.29849215875881724
10,0.3,100.0,0.66,0.2684337573979424,0.29849215875881724
10,0.3,100.0,0.68,0.2675109327196912,0.29849215875881724
10,0.3,100.0,0.7000000000000001,0.2550526441841391,0.29849215875881724
10,0.3,100.0,0.72,0.2497120780778909,0.29849215875881724
10,0.3,100.0,0.74,0.2505169340787596,0.29849215875881724
11,0.3,0.0,0.0,0.367461853560006,0.2489897901428378
11,0.3,0.0,0.02,0.3206458476002057,0.2489897901428378
11,0.3,0.0,0.04,0.3088977352668468,0.2489897901428378
11,0.3,0.0,0.06,0.2998402665029189,0.2489897901428378
11,0.3,0.0,0.08,0.2843649467189922,0.2489897901428378
11,0.3,0.0,0.1,0.2726008157754055,0.2489897901428378
11,0.3,0.0,0.12,0.2611284003846361,0.2489897901428378
11,0.3,0.0,0.14,0.2578965067612621,0.2489897901428378
11,0.3,0.0,0.16,0.2523130979936249,0.2489897901428378
11,0.3,0.0,0.18,0.248251607177029,0.2489897901428378
11,0.3,0.0,0.2,0.2431289065933291,0.2489897901428378
11,0.3,0.0,0.22,0.2392979298652327,0.2489897901428378
11,0.3,0.0,0.24,0.2385143765671966,0.2489897901428378
11,0.3,0.0,0.26,0.2352348299753788,0.2489897901428378
11,0.3,0.0,0.28,0.2353865185707892,0.2489897901428378
11,0.3,0.0,0.3,0.2338065072040624,0.2489897901428378
11,0.3,0.0,0.32,0.2264081506372079,0.2489897901428378
11,0.3,0.0,0.34,0.2222734709399987,0.2489897901428378
11,0.3,0.0,0.36,0.2270504803376311,0.2489897901428378
11,0.3,0.0,0.38,0.2303989010760548,0.2489897901428378
11,0.3,0.0,0.4,0.2301830441536552,0.2489897901428378
11,0.3,0.0,0.42,0.2342665701623353,0.2489897901428378
11,0.3,0.0,0.44,0.2345817717270977,0.2489897901428378
11,0.3,0.0,0.46,0.231144151477102,0.2489897901428378
11,0.3,0.0,0.48,0.2265493374237092,0.2489897901428378
11,0.3,0.0,0.5,0.2276316704915802,0.2489897901428378
11,0.3,0.0,0.52,0.2362017871175343,0.2489897901428378
11,0.3,0.0,0.54,0.2363445853041001,0.2489897901428378
11,0.3,0.0,0.56,0.2389943106290533,0.2489897901428378
11,0.3,0.0,0.58,0.2351714517934741,0.2489897901428378
11,0.3,0.0,0.6,0.2287822161570977,0.2489897901428378
11,0.3,0.0,0.62,0.2290701172560783,0.2489897901428378
11,0.3,0.0,0.64,0.2306901009703845,0.2489897901428378
11,0.3,0.0,0.66,0.2326080843592594,0.2489897901428378
11,0.3,0.0,0.68,0.2296975360605494,0.2489897901428378
11,0.3,0.0,0.7000000000000001,0.2316028462288478,0.2489897901428378
11,0.3,0.0,0.72,0.2269888136615668,0.2489897901428378
11,0.3,0.0,0.74,0.2305885872665654,0.2489897901428378
11,0.3,5.0,0.0,0.3532069082248281,0.24464745861432058
11,0.3,5.0,0.02,0.3326859738934657,0.24464745861432058
11,0.3,5.0,0.04,0.3307817435247742,0.24464745861432058
11,0.3,5.0,0.06,0.3242046777760201,0.24464745861432058
11,0.3,5.0,0.08,0.3091948597401607,0.24464745861432058
11,0.3,5.0,0.1,0.2969260386613778,0.24464745861432058
11,0.3,5.0,0.12,0.2831382791569534,0.24464745861432058
11,0.3,5.0,0.14,0.26640319125663,0.24464745861432058
11,0.3,5.0,0.16,0.253910031387025,0.24464745861432058
11,0.3,5.0,0.18,0.2444519874408649,0.24464745861432058
11,0.3,5.0,0.2,0.2357346188706439,0.24464745861432058
11,0.3,5.0,0.22,0.2321494303024565,0.24464745861432058
11,0.3,5.0,0.24,0.2291028421250918,0.24464745861432058
11,0.3,5.0,0.26,0.2257741042925743,0.24464745861432058
11,0.3,5.0,0.28,0.2168528002213261,0.24464745861432058
11,0.3,5.0,0.3,0.2275235720166625,0.24464745861432058
11,0.3,5.0,0.32,0.2305026400828905,0.24464745861432058
11,0.3,5.0,0.34,0.2238519544423001,0.24464745861432058
11,0.3,5.0,0.36,0.2233532159063496,0.24464745861432058
11,0.3,5.0,0.38,0.2260508525197106,0.24464745861432058
11,0.3,5.0,0.4,0.2270485518946477,0.24464745861432058
11,0.3,5.0,0.42,0.2215423756101886,0.24464745861432058
11,0.3,5.0,0.44,0.2165476742904845,0.24464745861432058
11,0.3,5.0,0.46,0.2228205784774004,0.24464745861432058
11,0.3,5.0,0.48,0.2240197327165708,0.24464745861432058
11,0.3,5.0,0.5,0.2187701005713568,0.24464745861432058
11,0.3,5.0,0.52,0.2248491783118104,0.24464745861432058
11,0.3,5.0,0.54,0.2341793563228822,0.24464745861432058
11,0.3,5.0,0.56,0.239199691796831,0.24464745861432058
11,0.3,5.0,0.58,0.2381978665595262,0.24464745861432058
11,0.3,5.0,0.6,0.2353615649917397,0.24464745861432058
11,0.3,5.0,0.62,0.2315637072650619,0.24464745861432058
11,0.3,5.0,0.64,0.2285968359893553,0.24464745861432058
11,0.3,5.0,0.66,0.2348623830682056,0.24464745861432058
11,0.3,5.0,0.68,0.2348064665814313,0.24464745861432058
11,0.3,5.0,0.7000000000000001,0.2411278400707189,0.24464745861432058
11,0.3,5.0,0.72,0.2392680940281785,0.24464745861432058
11,0.3,5.0,0.74,0.2389219412729778,0.24464745861432058
11,0.3,10.0,0.0,0.3304106031693,0.25094873611717683
11,0.3,10.0,0.02,0.3153789235268395,0.25094873611717683
11,0.3,10.0,0.04,0.3215078568289572,0.25094873611717683
11,0.3,10.0,0.06,0.3131311335563024,0.25094873611717683
11,0.3,10.0,0.08,0.2951564949410074,0.25094873611717683
11,0.3,10.0,0.1,0.2768297146765522,0.25094873611717683
11,0.3,10.0,0.12,0.2543755731759328,0.25094873611717683
11,0.3,10.0,0.14,0.2444598635319932,0.25094873611717683
11,0.3,10.0,0.16,0.2374767957710409,0.25094873611717683
11,0.3,10.0,0.18,0.2341046804430238,0.25094873611717683
11,0.3,10.0,0.2,0.2256842499253986,0.25094873611717683
11,0.3,10.0,0.22,0.2169829011788715,0.25094873611717683
11,0.3,10.0,0.24,0.2174425254249509,0.25094873611717683
11,0.3,10.0,0.26,0.2192770013190845,0.25094873611717683
11,0.3,10.0,0.28,0.2194602067904938,0.25094873611717683
11,0.3,10.0,0.3,0.2194533961324384,0.25094873611717683
11,0.3,10.0,0.32,0.2328814454283252,0.25094873611717683
11,0.3,10.0,0.34,0.2273862989741895,0.25094873611717683
11,0.3,10.0,0.36,0.2231753072773175,0.25094873611717683
11,0.3,10.0,0.38,0.2282478652554444,0.25094873611717683
11,0.3,10.0,0.4,0.2251019826607909,0.25094873611717683
11,0.3,10.0,0.42,0.2237422161566708,0.25094873611717683
11,0.3,10.0,0.44,0.2259200924984805,0.25094873611717683
11,0.3,10.0,0.46,0.2264815757588082,0.25094873611717683
11,0.3,10.0,0.48,0.2244444593383829,0.25094873611717683
11,0.3,10.0,0.5,0.2198466189697255,0.25094873611717683
11,0.3,10.0,0.52,0.2070851897215599,0.25094873611717683
11,0.3,10.0,0.54,0.2083572473574252,0.25094873611717683
11,0.3,10.0,0.56,0.2150686219013895,0.25094873611717683
11,0.3,10.0,0.58,0.2200292844078477,0.25094873611717683
11,0.3,10.0,0.6,0.2217112100547981,0.25094873611717683
11,0.3,10.0,0.62,0.2209700610328387,0.25094873611717683
11,0.3,10.0,0.64,0.2270700347320667,0.25094873611717683
11,0.3,10.0,0.66,0.2306742774661412,0.25094873611717683
11,0.3,10.0,0.68,0.2294831198483513,0.25094873611717683
11,0.3,10.0,0.7000000000000001,0.2333086451843551,0.25094873611717683
11,0.3,10.0,0.72,0.2393717450176078,0.25094873611717683
11,0.3,10.0,0.74,0.2399936127092284,0.25094873611717683
11,0.3,15.0,0.0,0.3559891026542957,0.2558859869971088
11,0.3,15.0,0.02,0.3393296908828451,0.2558859869971088
11,0.3,15.0,0.04,0.3318128133439877,0.2558859869971088
11,0.3,15.0,0.06,0.3204613056524752,0.2558859869971088
11,0.3,15.0,0.08,0.3082621579438524,0.2558859869971088
11,0.3,15.0,0.1,0.2921307415701081,0.2558859869971088
11,0.3,15.0,0.12,0.281062022649613,0.2558859869971088
11,0.3,15.0,0.14,0.2643714936199408,0.2558859869971088
11,0.3,15.0,0.16,0.2522025880321127,0.2558859869971088
11,0.3,15.0,0.18,0.2439167139817703,0.2558859869971088
11,0.3,15.0,0.2,0.2471100747005746,0.2558859869971088
11,0.3,15.0,0.22,0.2447741501700333,0.2558859869971088
11,0.3,15.0,0.24,0.2413763013414548,0.2558859869971088
11,0.3,15.0,0.26,0.2392749609100318,0.2558859869971088
11,0.3,15.0,0.28,0.2345170408909608,0.2558859869971088
11,0.3,15.0,0.3,0.2380223881420579,0.2558859869971088
11,0.3,15.0,0.32,0.2405023310538715,0.2558859869971088
11,0.3,15.0,0.34,0.2454533093793122,0.2558859869971088
11,0.3,15.0,0.36,0.235096053066157,0.2558859869971088
11,0.3,15.0,0.38,0.2346566974673924,0.2558859869971088
11,0.3,15.0,0.4,0.2369802177477118,0.2558859869971088
11,0.3,15.0,0.42,0.2374947112763354,0.2558859869971088
11,0.3,15.0,0.44,0.2451381620532497,0.2558859869971088
11,0.3,15.0,0.46,0.253483550705217,0.2558859869971088
11,0.3,15.0,0.48,0.2667465884828465,0.2558859869971088
11,0.3,15.0,0.5,0.2572042552389296,0.2558859869971088
11,0.3,15.0,0.52,0.2633405651044905,0.2558859869971088
11,0.3,15.0,0.54,0.2611965406465523,0.2558859869971088
11,0.3,15.0,0.56,0.2441868239736208,0.2558859869971088
11,0.3,15.0,0.58,0.2376098172752496,0.2558859869971088
11,0.3,15.0,0.6,0.2397461899123313,0.2558859869971088
11,0.3,15.0,0.62,0.2335087864993834,0.2558859869971088
11,0.3,15.0,0.64,0.224637305255127,0.2558859869971088
11,0.3,15.0,0.66,0.2179981883269603,0.2558859869971088
11,0.3,15.0,0.68,0.2143403548767218,0.2558859869971088
11,0.3,15.0,0.7000000000000001,0.2249754552388084,0.2558859869971088
11,0.3,15.0,0.72,0.2413566779276467,0.2558859869971088
11,0.3,15.0,0.74,0.2450088161843427,0.2558859869971088
11,0.3,20.0,0.0,0.3485899891158151,0.2566468837585003
11,0.3,20.0,0.02,0.3290017519461154,0.2566468837585003
11,0.3,20.0,0.04,0.3283170084830827,0.2566468837585003
11,0.3,20.0,0.06,0.3157897430910422,0.2566468837585003
11,0.3,20.0,0.08,0.2972262485347425,0.2566468837585003
11,0.3,20.0,0.1,0.2874060434600906,0.2566468837585003
11,0.3,20.0,0.12,0.2711012999709028,0.2566468837585003
11,0.3,20.0,0.14,0.2616859892266212,0.2566468837585003
11,0.3,20.0,0.16,0.2603435653045379,0.2566468837585003
11,0.3,20.0,0.18,0.2682571382412674,0.2566468837585003
11,0.3,20.0,0.2,0.2658259197965503,0.2566468837585003
11,0.3,20.0,0.22,0.2579800696712427,0.2566468837585003
11,0.3,20.0,0.24,0.2567160114025558,0.2566468837585003
11,0.3,20.0,0.26,0.2530677672074574,0.2566468837585003
11,0.3,20.0,0.28,0.2546062515963537,0.2566468837585003
11,0.3,20.0,0.3,0.2838654148766579,0.2566468837585003
11,0.3,20.0,0.32,0.285019067479904,0.2566468837585003
11,0.3,20.0,0.34,0.2803793083207022,0.2566468837585003
11,0.3,20.0,0.36,0.2719883214647949,0.2566468837585003
11,0.3,20.0,0.38,0.2679898086419304,0.2566468837585003
11,0.3,20.0,0.4,0.2642164282015119,0.2566468837585003
11,0.3,20.0,0.42,0.2606757393478878,0.2566468837585003
11,0.3,20.0,0.44,0.2621226189728303,0.2566468837585003
11,0.3,20.0,0.46,0.2640230172309874,0.2566468837585003
11,0.3,20.0,0.48,0.2628547684774796,0.2566468837585003
11,0.3,20.0,0.5,0.2660179375128244,0.2566468837585003
11,0.3,20.0,0.52,0.2661179411353155,0.2566468837585003
11,0.3,20.0,0.54,0.2612462580810391,0.2566468837585003
11,0.3,20.0,0.56,0.2560535433319612,0.2566468837585003
11,0.3,20.0,0.58,0.2604503334293201,0.2566468837585003
11,0.3,20.0,0.6,0.254132648496036,0.2566468837585003
11,0.3,20.0,0.62,0.2474996877393556,0.2566468837585003
11,0.3,20.0,0.64,0.2457272801120023,0.2566468837585003
11,0.3,20.0,0.66,0.2377453386126747,0.2566468837585003
11,0.3,20.0,0.68,0.228483622784142,0.2566468837585003
11,0.3,20.0,0.7000000000000001,0.2258806969488308,0.2566468837585003
11,0.3,20.0,0.72,0.2285293194957919,0.2566468837585003
11,0.3,20.0,0.74,0.2440977863659302,0.2566468837585003
11,0.3,25.0,0.0,0.3577193637055591,0.26291252669502696
11,0.3,25.0,0.02,0.3467009843149772,0.26291252669502696
11,0.3,25.0,0.04,0.3507020383962123,0.26291252669502696
11,0.3,25.0,0.06,0.3402334937778449,0.26291252669502696
11,0.3,25.0,0.08,0.3222721021244646,0.26291252669502696
11,0.3,25.0,0.1,0.3061136278232612,0.26291252669502696
11,0.3,25.0,0.12,0.3060889028598654,0.26291252669502696
11,0.3,25.0,0.14,0.3014856203799823,0.26291252669502696
11,0.3,25.0,0.16,0.3067867157452464,0.26291252669502696
11,0.3,25.0,0.18,0.2943460477886622,0.26291252669502696
11,0.3,25.0,0.2,0.2844697703806025,0.26291252669502696
11,0.3,25.0,0.22,0.2737687696735149,0.26291252669502696
11,0.3,25.0,0.24,0.269067354733739,0.26291252669502696
11,0.3,25.0,0.26,0.261152529250398,0.26291252669502696
11,0.3,25.0,0.28,0.2548753842437641,0.26291252669502696
11,0.3,25.0,0.3,0.2536995226353306,0.26291252669502696
11,0.3,25.0,0.32,0.2562819748306446,0.26291252669502696
11,0.3,25.0,0.34,0.2594322129932545,0.26291252669502696
11,0.3,25.0,0.36,0.2542701172279229,0.26291252669502696
11,0.3,25.0,0.38,0.2388376331081397,0.26291252669502696
11,0.3,25.0,0.4,0.238158015770152,0.26291252669502696
11,0.3,25.0,0.42,0.2292940340182473,0.26291252669502696
11,0.3,25.0,0.44,0.2324986309808971,0.26291252669502696
11,0.3,25.0,0.46,0.229512377665911,0.26291252669502696
11,0.3,25.0,0.48,0.2224217531788174,0.26291252669502696
11,0.3,25.0,0.5,0.232287010727634,0.26291252669502696
11,0.3,25.0,0.52,0.2450524861633978,0.26291252669502696
11,0.3,25.0,0.54,0.2521366263923836,0.26291252669502696
11,0.3,25.0,0.56,0.2515687820729631,0.26291252669502696
11,0.3,25.0,0.58,0.2513913987245865,0.26291252669502696
11,0.3,25.0,0.6,0.2507657806917338,0.26291252669502696
11,0.3,25.0,0.62,0.2531952055684325,0.26291252669502696
11,0.3,25.0,0.64,0.2549191580966748,0.26291252669502696
11,0.3,25.0,0.66,0.2488211259038215,0.26291252669502696
11,0.3,25.0,0.68,0.2463050609445667,0.26291252669502696
11,0.3,25.0,0.7000000000000001,0.2443102639012636,0.26291252669502696
11,0.3,25.0,0.72,0.2355836802492608,0.26291252669502696
11,0.3,25.0,0.74,0.220816734268776,0.26291252669502696
11,0.3,30.0,0.0,0.3182196027571543,0.2515894141951285
11,0.3,30.0,0.02,0.3113049527585169,0.2515894141951285
11,0.3,30.0,0.04,0.3217606156548547,0.2515894141951285
11,0.3,30.0,0.06,0.320440696136975,0.2515894141951285
11,0.3,30.0,0.08,0.3070331346732614,0.2515894141951285
11,0.3,30.0,0.1,0.2863624975002097,0.2515894141951285
11,0.3,30.0,0.12,0.270497928120289,0.2515894141951285
11,0.3,30.0,0.14,0.2607059282388247,0.2515894141951285
11,0.3,30.0,0.16,0.2488040627013438,0.2515894141951285
11,0.3,30.0,0.18,0.2506577969159662,0.2515894141951285
11,0.3,30.0,0.2,0.2516484310274193,0.2515894141951285
11,0.3,30.0,0.22,0.2548265788698728,0.2515894141951285
11,0.3,30.0,0.24,0.2561758394003398,0.2515894141951285
11,0.3,30.0,0.26,0.2543772533057212,0.2515894141951285
11,0.3,30.0,0.28,0.2442809806203371,0.2515894141951285
11,0.3,30.0,0.3,0.2419442114504632,0.2515894141951285
11,0.3,30.0,0.32,0.2425572397473165,0.2515894141951285
11,0.3,30.0,0.34,0.2427795328953848,0.2515894141951285
11,0.3,30.0,0.36,0.2441353115947952,0.2515894141951285
11,0.3,30.0,0.38,0.2395638653978302,0.2515894141951285
11,0.3,30.0,0.4,0.2355388873658191,0.2515894141951285
11,0.3,30.0,0.42,0.2458372380887404,0.2515894141951285
11,0.3,30.0,0.44,0.2530005402515033,0.2515894141951285
11,0.3,30.0,0.46,0.247448621043379,0.2515894141951285
11,0.3,30.0,0.48,0.2519169744458271,0.2515894141951285
11,0.3,30.0,0.5,0.2492197008237942,0.2515894141951285
11,0.3,30.0,0.52,0.2457821155037794,0.2515894141951285
11,0.3,30.0,0.54,0.2384038450363439,0.2515894141951285
11,0.3,30.0,0.56,0.2405328740683127,0.2515894141951285
11,0.3,30.0,0.58,0.2373887023784456,0.2515894141951285
11,0.3,30.0,0.6,0.2378100874659947,0.2515894141951285
11,0.3,30.0,0.62,0.2380161623541188,0.2515894141951285
11,0.3,30.0,0.64,0.2341041597799255,0.2515894141951285
11,0.3,30.0,0.66,0.232667835730997,0.2515894141951285
11,0.3,30.0,0.68,0.2348832741838121,0.2515894141951285
11,0.3,30.0,0.7000000000000001,0.2418056932349439,0.2515894141951285
11,0.3,30.0,0.72,0.23599884043187,0.2515894141951285
11,0.3,30.0,0.74,0.2282650002583891,0.2515894141951285
11,0.3,40.0,0.0,0.3511716438570411,0.26711592722176136
11,0.3,40.0,0.02,0.3272923615430049,0.26711592722176136
11,0.3,40.0,0.04,0.3311901538891147,0.26711592722176136
11,0.3,40.0,0.06,0.3238517244862248,0.26711592722176136
11,0.3,40.0,0.08,0.305160960157003,0.26711592722176136
11,0.3,40.0,0.1,0.2921523079021599,0.26711592722176136
11,0.3,40.0,0.12,0.2825392949977701,0.26711592722176136
11,0.3,40.0,0.14,0.279233410878474,0.26711592722176136
11,0.3,40.0,0.16,0.2693451903702629,0.26711592722176136
11,0.3,40.0,0.18,0.2539034276312681,0.26711592722176136
11,0.3,40.0,0.2,0.2576156699007986,0.26711592722176136
11,0.3,40.0,0.22,0.2543138865781287,0.26711592722176136
11,0.3,40.0,0.24,0.2558103890317237,0.26711592722176136
11,0.3,40.0,0.26,0.2472107014993111,0.26711592722176136
11,0.3,40.0,0.28,0.2375025324991901,0.26711592722176136
11,0.3,40.0,0.3,0.2374502186855004,0.26711592722176136
11,0.3,40.0,0.32,0.2330465428695676,0.26711592722176136
11,0.3,40.0,0.34,0.2402778613705098,0.26711592722176136
11,0.3,40.0,0.36,0.2485291458380928,0.26711592722176136
11,0.3,40.0,0.38,0.2501048314704286,0.26711592722176136
11,0.3,40.0,0.4,0.2476003629339928,0.26711592722176136
11,0.3,40.0,0.42,0.2452659755810858,0.26711592722176136
11,0.3,40.0,0.44,0.2436719405077834,0.26711592722176136
11,0.3,40.0,0.46,0.2348767606420775,0.26711592722176136
11,0.3,40.0,0.48,0.2328619031066939,0.26711592722176136
11,0.3,40.0,0.5,0.2233090748548336,0.26711592722176136
11,0.3,40.0,0.52,0.2197759655798119,0.26711592722176136
11,0.3,40.0,0.54,0.2241393807865423,0.26711592722176136
11,0.3,40.0,0.56,0.2458642207400579,0.26711592722176136
11,0.3,40.0,0.58,0.25781261632741,0.26711592722176136
11,0.3,40.0,0.6,0.2551248658379396,0.26711592722176136
11,0.3,40.0,0.62,0.2504286261546746,0.26711592722176136
11,0.3,40.0,0.64,0.2567725598278391,0.26711592722176136
11,0.3,40.0,0.66,0.2613708028592294,0.26711592722176136
11,0.3,40.0,0.68,0.2651889630735646,0.26711592722176136
11,0.3,40.0,0.7000000000000001,0.2662657093954939,0.26711592722176136
11,0.3,40.0,0.72,0.2613264560561856,0.26711592722176136
11,0.3,40.0,0.74,0.2604372129028552,0.26711592722176136
11,0.3,50.0,0.0,0.3421265024290252,0.28172895912251056
11,0.3,50.0,0.02,0.3548749745763488,0.28172895912251056
11,0.3,50.0,0.04,0.3611446362761541,0.28172895912251056
11,0.3,50.0,0.06,0.3431318960117505,0.28172895912251056
11,0.3,50.0,0.08,0.3310624923142919,0.28172895912251056
11,0.3,50.0,0.1,0.3224345863570476,0.28172895912251056
11,0.3,50.0,0.12,0.3082588224921103,0.28172895912251056
11,0.3,50.0,0.14,0.2939422521219439,0.28172895912251056
11,0.3,50.0,0.16,0.2989928827779104,0.28172895912251056
11,0.3,50.0,0.18,0.3040065450097282,0.28172895912251056
11,0.3,50.0,0.2,0.2957759668992923,0.28172895912251056
11,0.3,50.0,0.22,0.2786285913593503,0.28172895912251056
11,0.3,50.0,0.24,0.2711214045495487,0.28172895912251056
11,0.3,50.0,0.26,0.2696812217390444,0.28172895912251056
11,0.3,50.0,0.28,0.2761358355044866,0.28172895912251056
11,0.3,50.0,0.3,0.2691333277403415,0.28172895912251056
11,0.3,50.0,0.32,0.2700306935143065,0.28172895912251056
11,0.3,50.0,0.34,0.2767896811378511,0.28172895912251056
11,0.3,50.0,0.36,0.2750330908777978,0.28172895912251056
11,0.3,50.0,0.38,0.2705148453026949,0.28172895912251056
11,0.3,50.0,0.4,0.268777690081267,0.28172895912251056
11,0.3,50.0,0.42,0.2756340125077666,0.28172895912251056
11,0.3,50.0,0.44,0.2766607803596339,0.28172895912251056
11,0.3,50.0,0.46,0.2701995016008421,0.28172895912251056
11,0.3,50.0,0.48,0.2719509997156715,0.28172895912251056
11,0.3,50.0,0.5,0.2698976637221749,0.28172895912251056
11,0.3,50.0,0.52,0.2705759090865783,0.28172895912251056
11,0.3,50.0,0.54,0.2697174786809534,0.28172895912251056
11,0.3,50.0,0.56,0.268178238914699,0.28172895912251056
11,0.3,50.0,0.58,0.2682873363833028,0.28172895912251056
11,0.3,50.0,0.6,0.2563491644488809,0.28172895912251056
11,0.3,50.0,0.62,0.2484307339977313,0.28172895912251056
11,0.3,50.0,0.64,0.2464511079068871,0.28172895912251056
11,0.3,50.0,0.66,0.2550966236015661,0.28172895912251056
11,0.3,50.0,0.68,0.2570238583050488,0.28172895912251056
11,0.3,50.0,0.7000000000000001,0.251024487162367,0.28172895912251056
11,0.3,50.0,0.72,0.2503566643554707,0.28172895912251056
11,0.3,50.0,0.74,0.2505735093016282,0.28172895912251056
11,0.3,100.0,0.0,0.3728832268699519,0.29849215875881724
11,0.3,100.0,0.02,0.3513817226514424,0.29849215875881724
11,0.3,100.0,0.04,0.3396437985099051,0.29849215875881724
11,0.3,100.0,0.06,0.3394384618156643,0.29849215875881724
11,0.3,100.0,0.08,0.3188513706181057,0.29849215875881724
11,0.3,100.0,0.1,0.3010219472015595,0.29849215875881724
11,0.3,100.0,0.12,0.2895891606498515,0.29849215875881724
11,0.3,100.0,0.14,0.2825461931923749,0.29849215875881724
11,0.3,100.0,0.16,0.2826986489569211,0.29849215875881724
11,0.3,100.0,0.18,0.2791909632002243,0.29849215875881724
11,0.3,100.0,0.2,0.2758010893990467,0.29849215875881724
11,0.3,100.0,0.22,0.2645153611131526,0.29849215875881724
11,0.3,100.0,0.24,0.2536978763590178,0.29849215875881724
11,0.3,100.0,0.26,0.2486935910755854,0.29849215875881724
11,0.3,100.0,0.28,0.2424473193313943,0.29849215875881724
11,0.3,100.0,0.3,0.251314985574029,0.29849215875881724
11,0.3,100.0,0.32,0.2558695847913366,0.29849215875881724
11,0.3,100.0,0.34,0.2532054070597327,0.29849215875881724
11,0.3,100.0,0.36,0.2529377244954442,0.29849215875881724
11,0.3,100.0,0.38,0.2495977834568994,0.29849215875881724
11,0.3,100.0,0.4,0.2480012066075991,0.29849215875881724
11,0.3,100.0,0.42,0.251770790839765,0.29849215875881724
11,0.3,100.0,0.44,0.2510187827201786,0.29849215875881724
11,0.3,100.0,0.46,0.2566361369815265,0.29849215875881724
11,0.3,100.0,0.48,0.2611289473107251,0.29849215875881724
11,0.3,100.0,0.5,0.2640561183933115,0.29849215875881724
11,0.3,100.0,0.52,0.2691105911754924,0.29849215875881724
11,0.3,100.0,0.54,0.2725121853342853,0.29849215875881724
11,0.3,100.0,0.56,0.285068968622348,0.29849215875881724
11,0.3,100.0,0.58,0.2744727166467949,0.29849215875881724
11,0.3,100.0,0.6,0.2655493505786821,0.29849215875881724
11,0.3,100.0,0.62,0.2657134825650442,0.29849215875881724
11,0.3,100.0,0.64,0.2666922158697098,0.29849215875881724
11,0.3,100.0,0.66,0.2606886889764167,0.29849215875881724
11,0.3,100.0,0.68,0.2831515684796468,0.29849215875881724
11,0.3,100.0,0.7000000000000001,0.2895309486515214,0.29849215875881724
11,0.3,100.0,0.72,0.2790292626471197,0.29849215875881724
11,0.3,100.0,0.74,0.2772788379763266,0.29849215875881724
12,0.3,0.0,0.0,0.3339236109502275,0.2489897901428378
12,0.3,0.0,0.02,0.3061133352745127,0.2489897901428378
12,0.3,0.0,0.04,0.3076822441981675,0.2489897901428378
12,0.3,0.0,0.06,0.3113553533472413,0.2489897901428378
12,0.3,0.0,0.08,0.2885018501281113,0.2489897901428378
12,0.3,0.0,0.1,0.2687172784585444,0.2489897901428378
12,0.3,0.0,0.12,0.2629150861141757,0.2489897901428378
12,0.3,0.0,0.14,0.2587484462998748,0.2489897901428378
12,0.3,0.0,0.16,0.2511430098093026,0.2489897901428378
12,0.3,0.0,0.18,0.2475140126935535,0.2489897901428378
12,0.3,0.0,0.2,0.246074471656806,0.2489897901428378
12,0.3,0.0,0.22,0.2420628281550433,0.2489897901428378
12,0.3,0.0,0.24,0.2448358946558324,0.2489897901428378
12,0.3,0.0,0.26,0.2431082915757449,0.2489897901428378
12,0.3,0.0,0.28,0.2408116753092924,0.2489897901428378
12,0.3,0.0,0.3,0.2413644212813586,0.2489897901428378
12,0.3,0.0,0.32,0.2418726438174872,0.2489897901428378
12,0.3,0.0,0.34,0.2419860910844,0.2489897901428378
12,0.3,0.0,0.36,0.240281696654733,0.2489897901428378
12,0.3,0.0,0.38,0.2469754727149966,0.2489897901428378
12,0.3,0.0,0.4,0.2432438144598824,0.2489897901428378
12,0.3,0.0,0.42,0.240579582661923,0.2489897901428378
12,0.3,0.0,0.44,0.2410971668229669,0.2489897901428378
12,0.3,0.0,0.46,0.238391993856303,0.2489897901428378
12,0.3,0.0,0.48,0.2342270818365582,0.2489897901428378
12,0.3,0.0,0.5,0.2407067331741189,0.2489897901428378
12,0.3,0.0,0.52,0.2382415703067181,0.2489897901428378
12,0.3,0.0,0.54,0.2340376857441888,0.2489897901428378
12,0.3,0.0,0.56,0.232255751704802,0.2489897901428378
12,0.3,0.0,0.58,0.2388982438743058,0.2489897901428378
12,0.3,0.0,0.6,0.2381556432473987,0.2489897901428378
12,0.3,0.0,0.62,0.2358451402410562,0.2489897901428378
12,0.3,0.0,0.64,0.2370342899746794,0.2489897901428378
12,0.3,0.0,0.66,0.2360226969813236,0.2489897901428378
12,0.3,0.0,0.68,0.2321381831093768,0.2489897901428378
12,0.3,0.0,0.7000000000000001,0.2304069753632068,0.2489897901428378
12,0.3,0.0,0.72,0.230312589006647,0.2489897901428378
12,0.3,0.0,0.74,0.2292340193790703,0.2489897901428378
12,0.3,5.0,0.0,0.342812363109972,0.24464745861432058
12,0.3,5.0,0.02,0.3311774098201676,0.24464745861432058
12,0.3,5.0,0.04,0.322231569286214,0.24464745861432058
12,0.3,5.0,0.06,0.321051216814026,0.24464745861432058
12,0.3,5.0,0.08,0.3039377932037301,0.24464745861432058
12,0.3,5.0,0.1,0.2906029958690169,0.24464745861432058
12,0.3,5.0,0.12,0.2768401777178304,0.24464745861432058
12,0.3,5.0,0.14,0.2625862796192869,0.24464745861432058
12,0.3,5.0,0.16,0.2547788639542217,0.24464745861432058
12,0.3,5.0,0.18,0.248399814435946,0.24464745861432058
12,0.3,5.0,0.2,0.241436003085423,0.24464745861432058
12,0.3,5.0,0.22,0.234265626001734,0.24464745861432058
12,0.3,5.0,0.24,0.2312215701399049,0.24464745861432058
12,0.3,5.0,0.26,0.2315669343025302,0.24464745861432058
12,0.3,5.0,0.28,0.2260371899219027,0.24464745861432058
12,0.3,5.0,0.3,0.2282414632259811,0.24464745861432058
12,0.3,5.0,0.32,0.2266596076253736,0.24464745861432058
12,0.3,5.0,0.34,0.2398698091289221,0.24464745861432058
12,0.3,5.0,0.36,0.2385868990006802,0.24464745861432058
12,0.3,5.0,0.38,0.2322971541299073,0.24464745861432058
12,0.3,5.0,0.4,0.2309818726295829,0.24464745861432058
12,0.3,5.0,0.42,0.2253452374526713,0.24464745861432058
12,0.3,5.0,0.44,0.2255711925655677,0.24464745861432058
12,0.3,5.0,0.46,0.2272124995153608,0.24464745861432058
12,0.3,5.0,0.48,0.2252392887291837,0.24464745861432058
12,0.3,5.0,0.5,0.219932484029775,0.24464745861432058
12,0.3,5.0,0.52,0.2158263688114776,0.24464745861432058
12,0.3,5.0,0.54,0.2161251948372295,0.24464745861432058
12,0.3,5.0,0.56,0.2171397258266634,0.24464745861432058
12,0.3,5.0,0.58,0.2115211873291108,0.24464745861432058
12,0.3,5.0,0.6,0.2122791705766452,0.24464745861432058
12,0.3,5.0,0.62,0.2124918304746079,0.24464745861432058
12,0.3,5.0,0.64,0.2160391882431278,0.24464745861432058
12,0.3,5.0,0.66,0.2174820645339999,0.24464745861432058
12,0.3,5.0,0.68,0.215830380907068,0.24464745861432058
12,0.3,5.0,0.7000000000000001,0.2051156159693675,0.24464745861432058
12,0.3,5.0,0.72,0.2305696604016816,0.24464745861432058
12,0.3,5.0,0.74,0.2029825881811626,0.24464745861432058
12,0.3,10.0,0.0,0.3523763074917768,0.25094873611717683
12,0.3,10.0,0.02,0.3293891131080406,0.25094873611717683
12,0.3,10.0,0.04,0.3312734854827894,0.25094873611717683
12,0.3,10.0,0.06,0.3242716278973795,0.25094873611717683
12,0.3,10.0,0.08,0.308435388358877,0.25094873611717683
12,0.3,10.0,0.1,0.2885633401390572,0.25094873611717683
12,0.3,10.0,0.12,0.2722642573234256,0.25094873611717683
12,0.3,10.0,0.14,0.266231411246684,0.25094873611717683
12,0.3,10.0,0.16,0.2641266546405698,0.25094873611717683
12,0.3,10.0,0.18,0.2509107547371965,0.25094873611717683
12,0.3,10.0,0.2,0.2462253046645536,0.25094873611717683
12,0.3,10.0,0.22,0.2516385326516648,0.25094873611717683
12,0.3,10.0,0.24,0.2453748704745229,0.25094873611717683
12,0.3,10.0,0.26,0.2417468892084312,0.25094873611717683
12,0.3,10.0,0.28,0.2333787869403473,0.25094873611717683
12,0.3,10.0,0.3,0.2290362853835322,0.25094873611717683
12,0.3,10.0,0.32,0.2297303997927489,0.25094873611717683
12,0.3,10.0,0.34,0.2254273776301191,0.25094873611717683
12,0.3,10.0,0.36,0.2309277284545799,0.25094873611717683
12,0.3,10.0,0.38,0.2290863018292826,0.25094873611717683
12,0.3,10.0,0.4,0.2314466714587537,0.25094873611717683
12,0.3,10.0,0.42,0.2364207471032146,0.25094873611717683
12,0.3,10.0,0.44,0.2421329125873104,0.25094873611717683
12,0.3,10.0,0.46,0.238913673436724,0.25094873611717683
12,0.3,10.0,0.48,0.231335143421868,0.25094873611717683
12,0.3,10.0,0.5,0.2400753532647973,0.25094873611717683
12,0.3,10.0,0.52,0.2383447548336144,0.25094873611717683
12,0.3,10.0,0.54,0.2337589261874451,0.25094873611717683
12,0.3,10.0,0.56,0.2327573936028605,0.25094873611717683
12,0.3,10.0,0.58,0.237987701971599,0.25094873611717683
12,0.3,10.0,0.6,0.2408202354999901,0.25094873611717683
12,0.3,10.0,0.62,0.2385828354397405,0.25094873611717683
12,0.3,10.0,0.64,0.240298395865585,0.25094873611717683
12,0.3,10.0,0.66,0.2351152501669919,0.25094873611717683
12,0.3,10.0,0.68,0.2347819306243283,0.25094873611717683
12,0.3,10.0,0.7000000000000001,0.2305718192744058,0.25094873611717683
12,0.3,10.0,0.72,0.2295038079820266,0.25094873611717683
12,0.3,10.0,0.74,0.2314637539957889,0.25094873611717683
12,0.3,15.0,0.0,0.3408566887110184,0.2558859869971088
12,0.3,15.0,0.02,0.3162106932989364,0.2558859869971088
12,0.3,15.0,0.04,0.32271479462566,0.2558859869971088
12,0.3,15.0,0.06,0.3118230815773938,0.2558859869971088
12,0.3,15.0,0.08,0.3080773984545072,0.2558859869971088
12,0.3,15.0,0.1,0.2903828975170424,0.2558859869971088
12,0.3,15.0,0.12,0.2757182266728189,0.2558859869971088
12,0.3,15.0,0.14,0.2689286395594613,0.2558859869971088
12,0.3,15.0,0.16,0.2565026081817674,0.2558859869971088
12,0.3,15.0,0.18,0.2618959476367,0.2558859869971088
12,0.3,15.0,0.2,0.2567747936694823,0.2558859869971088
12,0.3,15.0,0.22,0.2521016509541806,0.2558859869971088
12,0.3,15.0,0.24,0.2432376068546102,0.2558859869971088
12,0.3,15.0,0.26,0.236516847756114,0.2558859869971088
12,0.3,15.0,0.28,0.2414363334718256,0.2558859869971088
12,0.3,15.0,0.3,0.245320063504989,0.2558859869971088
12,0.3,15.0,0.32,0.2514876662666111,0.2558859869971088
12,0.3,15.0,0.34,0.2622022829690154,0.2558859869971088
12,0.3,15.0,0.36,0.2569242786891452,0.2558859869971088
12,0.3,15.0,0.38,0.2509314535463625,0.2558859869971088
12,0.3,15.0,0.4,0.2445869034193872,0.2558859869971088
12,0.3,15.0,0.42,0.2460662835284464,0.2558859869971088
12,0.3,15.0,0.44,0.2543917573436217,0.2558859869971088
12,0.3,15.0,0.46,0.2463400232546482,0.2558859869971088
12,0.3,15.0,0.48,0.2430717208706549,0.2558859869971088
12,0.3,15.0,0.5,0.2391625569470138,0.2558859869971088
12,0.3,15.0,0.52,0.2357851143338085,0.2558859869971088
12,0.3,15.0,0.54,0.2290683021623419,0.2558859869971088
12,0.3,15.0,0.56,0.2255192677204663,0.2558859869971088
12,0.3,15.0,0.58,0.2221163885098343,0.2558859869971088
12,0.3,15.0,0.6,0.2191954809536044,0.2558859869971088
12,0.3,15.0,0.62,0.2188997507229352,0.2558859869971088
12,0.3,15.0,0.64,0.217610488965173,0.2558859869971088
12,0.3,15.0,0.66,0.2172876812127232,0.2558859869971088
12,0.3,15.0,0.68,0.2163749753643539,0.2558859869971088
12,0.3,15.0,0.7000000000000001,0.2247999181898775,0.2558859869971088
12,0.3,15.0,0.72,0.2238387814045121,0.2558859869971088
12,0.3,15.0,0.74,0.2231656760548345,0.2558859869971088
12,0.3,20.0,0.0,0.3304042968393328,0.2566468837585003
12,0.3,20.0,0.02,0.329198610351707,0.2566468837585003
12,0.3,20.0,0.04,0.3260188047686193,0.2566468837585003
12,0.3,20.0,0.06,0.3232704201868379,0.2566468837585003
12,0.3,20.0,0.08,0.3066953027060701,0.2566468837585003
12,0.3,20.0,0.1,0.2843268134354136,0.2566468837585003
12,0.3,20.0,0.12,0.2667882789491676,0.2566468837585003
12,0.3,20.0,0.14,0.2637916613191842,0.2566468837585003
12,0.3,20.0,0.16,0.2583244744964142,0.2566468837585003
12,0.3,20.0,0.18,0.248303979462677,0.2566468837585003
12,0.3,20.0,0.2,0.2422093110272999,0.2566468837585003
12,0.3,20.0,0.22,0.2458833804960692,0.2566468837585003
12,0.3,20.0,0.24,0.2347631746416919,0.2566468837585003
12,0.3,20.0,0.26,0.2401945741148038,0.2566468837585003
12,0.3,20.0,0.28,0.2360152159746201,0.2566468837585003
12,0.3,20.0,0.3,0.2253690872497171,0.2566468837585003
12,0.3,20.0,0.32,0.2280608568169804,0.2566468837585003
12,0.3,20.0,0.34,0.2238373400231373,0.2566468837585003
12,0.3,20.0,0.36,0.2232449909986175,0.2566468837585003
12,0.3,20.0,0.38,0.2215371272071109,0.2566468837585003
12,0.3,20.0,0.4,0.2134522771084647,0.2566468837585003
12,0.3,20.0,0.42,0.2128449344890535,0.2566468837585003
12,0.3,20.0,0.44,0.2162566600938012,0.2566468837585003
12,0.3,20.0,0.46,0.2219240851696971,0.2566468837585003
12,0.3,20.0,0.48,0.2209389574414563,0.2566468837585003
12,0.3,20.0,0.5,0.217919529256348,0.2566468837585003
12,0.3,20.0,0.52,0.2187452764093031,0.2566468837585003
12,0.3,20.0,0.54,0.2220387865871073,0.2566468837585003
12,0.3,20.0,0.56,0.2208974450289758,0.2566468837585003
12,0.3,20.0,0.58,0.2218091034675054,0.2566468837585003
12,0.3,20.0,0.6,0.2152116832135941,0.2566468837585003
12,0.3,20.0,0.62,0.2126666967244324,0.2566468837585003
12,0.3,20.0,0.64,0.2169157106903572,0.2566468837585003
12,0.3,20.0,0.66,0.2168148305483578,0.2566468837585003
12,0.3,20.0,0.68,0.2075655769339383,0.2566468837585003
12,0.3,20.0,0.7000000000000001,0.2044124829613094,0.2566468837585003
12,0.3,20.0,0.72,0.202916086739292,0.2566468837585003
12,0.3,20.0,0.74,0.2073561788307081,0.2566468837585003
12,0.3,25.0,0.0,0.3294690981064113,0.26291252669502696
12,0.3,25.0,0.02,0.3139120779255204,0.26291252669502696
12,0.3,25.0,0.04,0.3179788386666839,0.26291252669502696
12,0.3,25.0,0.06,0.3032927116809722,0.26291252669502696
12,0.3,25.0,0.08,0.2900581423292523,0.26291252669502696
12,0.3,25.0,0.1,0.2868963345468329,0.26291252669502696
12,0.3,25.0,0.12,0.2658783986817883,0.26291252669502696
12,0.3,25.0,0.14,0.2624076568454112,0.26291252669502696
12,0.3,25.0,0.16,0.2571122065144688,0.26291252669502696
12,0.3,25.0,0.18,0.2454225715308148,0.26291252669502696
12,0.3,25.0,0.2,0.2356819351998188,0.26291252669502696
12,0.3,25.0,0.22,0.2294290748923174,0.26291252669502696
12,0.3,25.0,0.24,0.2299346415441708,0.26291252669502696
12,0.3,25.0,0.26,0.2185659856049663,0.26291252669502696
12,0.3,25.0,0.28,0.2210484953917832,0.26291252669502696
12,0.3,25.0,0.3,0.2256348945206863,0.26291252669502696
12,0.3,25.0,0.32,0.228502512165562,0.26291252669502696
12,0.3,25.0,0.34,0.2164826400341533,0.26291252669502696
12,0.3,25.0,0.36,0.2412264246666139,0.26291252669502696
12,0.3,25.0,0.38,0.2447411152240338,0.26291252669502696
12,0.3,25.0,0.4,0.253643164402972,0.26291252669502696
12,0.3,25.0,0.42,0.2531881236923183,0.26291252669502696
12,0.3,25.0,0.44,0.2488184003372851,0.26291252669502696
12,0.3,25.0,0.46,0.2518401436251481,0.26291252669502696
12,0.3,25.0,0.48,0.255762798789885,0.26291252669502696
12,0.3,25.0,0.5,0.2533590142128959,0.26291252669502696
12,0.3,25.0,0.52,0.2483948966436373,0.26291252669502696
12,0.3,25.0,0.54,0.2548527031403748,0.26291252669502696
12,0.3,25.0,0.56,0.2538771594826899,0.26291252669502696
12,0.3,25.0,0.58,0.2614082974044842,0.26291252669502696
12,0.3,25.0,0.6,0.2604345058854495,0.26291252669502696
12,0.3,25.0,0.62,0.2594953589702007,0.26291252669502696
12,0.3,25.0,0.64,0.2512531981616964,0.26291252669502696
12,0.3,25.0,0.66,0.2412929597843439,0.26291252669502696
12,0.3,25.0,0.68,0.2396279161094682,0.26291252669502696
12,0.3,25.0,0.7000000000000001,0.2476362438391917,0.26291252669502696
12,0.3,25.0,0.72,0.2508849756110852,0.26291252669502696
12,0.3,25.0,0.74,0.2515230830399664,0.26291252669502696
12,0.3,30.0,0.0,0.3200539304593737,0.2515894141951285
12,0.3,30.0,0.02,0.3121499396401189,0.2515894141951285
12,0.3,30.0,0.04,0.3230564770749795,0.2515894141951285
12,0.3,30.0,0.06,0.3294385458917933,0.2515894141951285
12,0.3,30.0,0.08,0.300493054814844,0.2515894141951285
12,0.3,30.0,0.1,0.279455024924777,0.2515894141951285
12,0.3,30.0,0.12,0.2682363394138323,0.2515894141951285
12,0.3,30.0,0.14,0.2659112284169437,0.2515894141951285
12,0.3,30.0,0.16,0.2545387107556703,0.2515894141951285
12,0.3,30.0,0.18,0.2431343165055155,0.2515894141951285
12,0.3,30.0,0.2,0.2417529831273846,0.2515894141951285
12,0.3,30.0,0.22,0.2309974607907291,0.2515894141951285
12,0.3,30.0,0.24,0.2249926323673613,0.2515894141951285
12,0.3,30.0,0.26,0.2511765571475997,0.2515894141951285
12,0.3,30.0,0.28,0.2603656913070595,0.2515894141951285
12,0.3,30.0,0.3,0.2554862349489427,0.2515894141951285
12,0.3,30.0,0.32,0.255127948294627,0.2515894141951285
12,0.3,30.0,0.34,0.2521095398788366,0.2515894141951285
12,0.3,30.0,0.36,0.2447310210875282,0.2515894141951285
12,0.3,30.0,0.38,0.2391964584233717,0.2515894141951285
12,0.3,30.0,0.4,0.237232084858878,0.2515894141951285
12,0.3,30.0,0.42,0.2312170065099601,0.2515894141951285
12,0.3,30.0,0.44,0.2362556291733027,0.2515894141951285
12,0.3,30.0,0.46,0.2349831841213383,0.2515894141951285
12,0.3,30.0,0.48,0.2317783950028381,0.2515894141951285
12,0.3,30.0,0.5,0.2270690974961726,0.2515894141951285
12,0.3,30.0,0.52,0.2231494076402276,0.2515894141951285
12,0.3,30.0,0.54,0.216447897306035,0.2515894141951285
12,0.3,30.0,0.56,0.2165825730461382,0.2515894141951285
12,0.3,30.0,0.58,0.221445932400262,0.2515894141951285
12,0.3,30.0,0.6,0.2242957731609854,0.2515894141951285
12,0.3,30.0,0.62,0.235441690835654,0.2515894141951285
12,0.3,30.0,0.64,0.2331929129467684,0.2515894141951285
12,0.3,30.0,0.66,0.2380608220900908,0.2515894141951285
12,0.3,30.0,0.68,0.2378926967178581,0.2515894141951285
12,0.3,30.0,0.7000000000000001,0.2288427491361105,0.2515894141951285
12,0.3,30.0,0.72,0.2251017729579807,0.2515894141951285
12,0.3,30.0,0.74,0.2294873154321056,0.2515894141951285
12,0.3,40.0,0.0,0.3587001676539273,0.26711592722176136
12,0.3,40.0,0.02,0.3324701024084825,0.26711592722176136
12,0.3,40.0,0.04,0.334721901199906,0.26711592722176136
12,0.3,40.0,0.06,0.3349424093482498,0.26711592722176136
12,0.3,40.0,0.08,0.3243453560237446,0.26711592722176136
12,0.3,40.0,0.1,0.316254283385613,0.26711592722176136
12,0.3,40.0,0.12,0.3038730801228218,0.26711592722176136
12,0.3,40.0,0.14,0.2913363487095304,0.26711592722176136
12,0.3,40.0,0.16,0.28504225271936,0.26711592722176136
12,0.3,40.0,0.18,0.2766557791955605,0.26711592722176136
12,0.3,40.0,0.2,0.2675647797248632,0.26711592722176136
12,0.3,40.0,0.22,0.2597731913123837,0.26711592722176136
12,0.3,40.0,0.24,0.2563700008131856,0.26711592722176136
12,0.3,40.0,0.26,0.25153425050372,0.26711592722176136
12,0.3,40.0,0.28,0.2493189875982637,0.26711592722176136
12,0.3,40.0,0.3,0.2544339128352934,0.26711592722176136
12,0.3,40.0,0.32,0.2494147734969725,0.26711592722176136
12,0.3,40.0,0.34,0.2532079651714806,0.26711592722176136
12,0.3,40.0,0.36,0.254812411075726,0.26711592722176136
12,0.3,40.0,0.38,0.2560206269690006,0.26711592722176136
12,0.3,40.0,0.4,0.249513427827601,0.26711592722176136
12,0.3,40.0,0.42,0.2532009190755414,0.26711592722176136
12,0.3,40.0,0.44,0.2537405929432114,0.26711592722176136
12,0.3,40.0,0.46,0.2704127126160227,0.26711592722176136
12,0.3,40.0,0.48,0.2707468520079753,0.26711592722176136
12,0.3,40.0,0.5,0.2652758831583478,0.26711592722176136
12,0.3,40.0,0.52,0.2652343542385793,0.26711592722176136
12,0.3,40.0,0.54,0.2583563710409079,0.26711592722176136
12,0.3,40.0,0.56,0.2538958766325566,0.26711592722176136
12,0.3,40.0,0.58,0.260342114734035,0.26711592722176136
12,0.3,40.0,0.6,0.2531944302798834,0.26711592722176136
12,0.3,40.0,0.62,0.2543275312478947,0.26711592722176136
12,0.3,40.0,0.64,0.2560732219333248,0.26711592722176136
12,0.3,40.0,0.66,0.2552316555587001,0.26711592722176136
12,0.3,40.0,0.68,0.2474077531576554,0.26711592722176136
12,0.3,40.0,0.7000000000000001,0.2430003869495676,0.26711592722176136
12,0.3,40.0,0.72,0.249981372746522,0.26711592722176136
12,0.3,40.0,0.74,0.2595724144647459,0.26711592722176136
12,0.3,50.0,0.0,0.3533476551209364,0.28172895912251056
12,0.3,50.0,0.02,0.3371881815049886,0.28172895912251056
12,0.3,50.0,0.04,0.3419366868142559,0.28172895912251056
12,0.3,50.0,0.06,0.3446670875222062,0.28172895912251056
12,0.3,50.0,0.08,0.3225446948034882,0.28172895912251056
12,0.3,50.0,0.1,0.3007363637261888,0.28172895912251056
12,0.3,50.0,0.12,0.2892498601903184,0.28172895912251056
12,0.3,50.0,0.14,0.2833032261126301,0.28172895912251056
12,0.3,50.0,0.16,0.2732086547183967,0.28172895912251056
12,0.3,50.0,0.18,0.2627075044162519,0.28172895912251056
12,0.3,50.0,0.2,0.2584368479111248,0.28172895912251056
12,0.3,50.0,0.22,0.2727976807826894,0.28172895912251056
12,0.3,50.0,0.24,0.2642154636807786,0.28172895912251056
12,0.3,50.0,0.26,0.2745271203986866,0.28172895912251056
12,0.3,50.0,0.28,0.2699000594329483,0.28172895912251056
12,0.3,50.0,0.3,0.2630386254995803,0.28172895912251056
12,0.3,50.0,0.32,0.2585634413327929,0.28172895912251056
12,0.3,50.0,0.34,0.2592594839103365,0.28172895912251056
12,0.3,50.0,0.36,0.2648459384920733,0.28172895912251056
12,0.3,50.0,0.38,0.2713497029913045,0.28172895912251056
12,0.3,50.0,0.4,0.273444319997947,0.28172895912251056
12,0.3,50.0,0.42,0.2653202661503811,0.28172895912251056
12,0.3,50.0,0.44,0.2751488561228218,0.28172895912251056
12,0.3,50.0,0.46,0.2761850997194701,0.28172895912251056
12,0.3,50.0,0.48,0.2578945363631805,0.28172895912251056
12,0.3,50.0,0.5,0.2640738054651432,0.28172895912251056
12,0.3,50.0,0.52,0.2644382283224136,0.28172895912251056
12,0.3,50.0,0.54,0.2588691089639592,0.28172895912251056
12,0.3,50.0,0.56,0.2605363952482386,0.28172895912251056
12,0.3,50.0,0.58,0.2647084057354892,0.28172895912251056
12,0.3,50.0,0.6,0.2692727261748163,0.28172895912251056
12,0.3,50.0,0.62,0.2620787289475391,0.28172895912251056
12,0.3,50.0,0.64,0.2808046562319967,0.28172895912251056
12,0.3,50.0,0.66,0.2755700474108656,0.28172895912251056
12,0.3,50.0,0.68,0.2628837436490421,0.28172895912251056
12,0.3,50.0,0.7000000000000001,0.2579106461186323,0.28172895912251056
12,0.3,50.0,0.72,0.2584760502234529,0.28172895912251056
12,0.3,50.0,0.74,0.2514790239916039,0.28172895912251056
12,0.3,100.0,0.0,0.3408273033820014,0.29849215875881724
12,0.3,100.0,0.02,0.3360241799757633,0.29849215875881724
12,0.3,100.0,0.04,0.3141978544995337,0.29849215875881724
12,0.3,100.0,0.06,0.3199710584018228,0.29849215875881724
12,0.3,100.0,0.08,0.3154795515279454,0.29849215875881724
12,0.3,100.0,0.1,0.3060511074145023,0.29849215875881724
12,0.3,100.0,0.12,0.304615997902898,0.29849215875881724
12,0.3,100.0,0.14,0.3031022478529306,0.29849215875881724
12,0.3,100.0,0.16,0.3089771966878943,0.29849215875881724
12,0.3,100.0,0.18,0.2987820495247889,0.29849215875881724
12,0.3,100.0,0.2,0.2981364482983071,0.29849215875881724
12,0.3,100.0,0.22,0.2863128156999673,0.29849215875881724
12,0.3,100.0,0.24,0.2811646633902255,0.29849215875881724
12,0.3,100.0,0.26,0.3039221748182441,0.29849215875881724
12,0.3,100.0,0.28,0.3308772332628446,0.29849215875881724
12,0.3,100.0,0.3,0.3365620585238706,0.29849215875881724
12,0.3,100.0,0.32,0.3372656372569829,0.29849215875881724
12,0.3,100.0,0.34,0.3376384353118097,0.29849215875881724
12,0.3,100.0,0.36,0.3378278850356322,0.29849215875881724
12,0.3,100.0,0.38,0.3376471509227888,0.29849215875881724
12,0.3,100.0,0.4,0.337499166820094,0.29849215875881724
12,0.3,100.0,0.42,0.3372556133074216,0.29849215875881724
12,0.3,100.0,0.44,0.3372338050155211,0.29849215875881724
12,0.3,100.0,0.46,0.3371450432739727,0.29849215875881724
12,0.3,100.0,0.48,0.3371633733154665,0.29849215875881724
12,0.3,100.0,0.5,0.3370603640649445,0.29849215875881724
12,0.3,100.0,0.52,0.3371662061495598,0.29849215875881724
12,0.3,100.0,0.54,0.3372097089641377,0.29849215875881724
12,0.3,100.0,0.56,0.3371472891024058,0.29849215875881724
12,0.3,100.0,0.58,0.3371450523363871,0.29849215875881724
12,0.3,100.0,0.6,0.3371537143937081,0.29849215875881724
12,0.3,100.0,0.62,0.3372393254596864,0.29849215875881724
12,0.3,100.0,0.64,0.3372641792405855,0.29849215875881724
12,0.3,100.0,0.66,0.3372873118935349,0.29849215875881724
12,0.3,100.0,0.68,0.3372664073602295,0.29849215875881724
12,0.3,100.0,0.7000000000000001,0.3373295525113907,0.29849215875881724
12,0.3,100.0,0.72,0.337341016162177,0.29849215875881724
12,0.3,100.0,0.74,0.3373907353911528,0.29849215875881724
13,0.3,0.0,0.0,0.3365389571908264,0.2489897901428378
13,0.3,0.0,0.02,0.3287442894783592,0.2489897901428378
13,0.3,0.0,0.04,0.3223338472266751,0.2489897901428378
13,0.3,0.0,0.06,0.2983155166308056,0.2489897901428378
13,0.3,0.0,0.08,0.2942231258476724,0.2489897901428378
13,0.3,0.0,0.1,0.2769594246404726,0.2489897901428378
13,0.3,0.0,0.12,0.2619641425001511,0.2489897901428378
13,0.3,0.0,0.14,0.2517482741655698,0.2489897901428378
13,0.3,0.0,0.16,0.2468217740852666,0.2489897901428378
13,0.3,0.0,0.18,0.2469467573893945,0.2489897901428378
13,0.3,0.0,0.2,0.2439233174611287,0.2489897901428378
13,0.3,0.0,0.22,0.2440197089809999,0.2489897901428378
13,0.3,0.0,0.24,0.241167561325937,0.2489897901428378
13,0.3,0.0,0.26,0.2421879497003001,0.2489897901428378
13,0.3,0.0,0.28,0.2380743158673196,0.2489897901428378
13,0.3,0.0,0.3,0.2342392593087208,0.2489897901428378
13,0.3,0.0,0.32,0.2288819869581291,0.2489897901428378
13,0.3,0.0,0.34,0.2297749154512869,0.2489897901428378
13,0.3,0.0,0.36,0.2337373410234553,0.2489897901428378
13,0.3,0.0,0.38,0.2362618275130221,0.2489897901428378
13,0.3,0.0,0.4,0.2346003373836518,0.2489897901428378
13,0.3,0.0,0.42,0.2325281400788169,0.2489897901428378
13,0.3,0.0,0.44,0.2366373698460039,0.2489897901428378
13,0.3,0.0,0.46,0.2371636349267076,0.2489897901428378
13,0.3,0.0,0.48,0.2326868900374926,0.2489897901428378
13,0.3,0.0,0.5,0.2296850304947365,0.2489897901428378
13,0.3,0.0,0.52,0.2299030652621939,0.2489897901428378
13,0.3,0.0,0.54,0.2310664706912933,0.2489897901428378
13,0.3,0.0,0.56,0.2312506812610633,0.2489897901428378
13,0.3,0.0,0.58,0.2287043349256503,0.2489897901428378
13,0.3,0.0,0.6,0.2272839588864431,0.2489897901428378
13,0.3,0.0,0.62,0.2326273637039725,0.2489897901428378
13,0.3,0.0,0.64,0.2356283215244634,0.2489897901428378
13,0.3,0.0,0.66,0.2332007342993367,0.2489897901428378
13,0.3,0.0,0.68,0.2356091391160067,0.2489897901428378
13,0.3,0.0,0.7000000000000001,0.2358628894914043,0.2489897901428378
13,0.3,0.0,0.72,0.2347355314144597,0.2489897901428378
13,0.3,0.0,0.74,0.2274049169216496,0.2489897901428378
13,0.3,5.0,0.0,0.3378409586297358,0.24464745861432058
13,0.3,5.0,0.02,0.3196875250520525,0.24464745861432058
13,0.3,5.0,0.04,0.3185855768960351,0.24464745861432058
13,0.3,5.0,0.06,0.3180910109039118,0.24464745861432058
13,0.3,5.0,0.08,0.2990454211113087,0.24464745861432058
13,0.3,5.0,0.1,0.2804380775055707,0.24464745861432058
13,0.3,5.0,0.12,0.2700809930326938,0.24464745861432058
13,0.3,5.0,0.14,0.2663502226436904,0.24464745861432058
13,0.3,5.0,0.16,0.2607920381126262,0.24464745861432058
13,0.3,5.0,0.18,0.2547780505939702,0.24464745861432058
13,0.3,5.0,0.2,0.251429378234192,0.24464745861432058
13,0.3,5.0,0.22,0.2494926604118616,0.24464745861432058
13,0.3,5.0,0.24,0.249904358633088,0.24464745861432058
13,0.3,5.0,0.26,0.2485174752928509,0.24464745861432058
13,0.3,5.0,0.28,0.2410458318559404,0.24464745861432058
13,0.3,5.0,0.3,0.2333637805474982,0.24464745861432058
13,0.3,5.0,0.32,0.2319655255894411,0.24464745861432058
13,0.3,5.0,0.34,0.2324025394518469,0.24464745861432058
13,0.3,5.0,0.36,0.2323401268611587,0.24464745861432058
13,0.3,5.0,0.38,0.2467406623509059,0.24464745861432058
13,0.3,5.0,0.4,0.2439272395714926,0.24464745861432058
13,0.3,5.0,0.42,0.2414217187190148,0.24464745861432058
13,0.3,5.0,0.44,0.2437188507867212,0.24464745861432058
13,0.3,5.0,0.46,0.2444482185205035,0.24464745861432058
13,0.3,5.0,0.48,0.2422758076261366,0.24464745861432058
13,0.3,5.0,0.5,0.2369911229023942,0.24464745861432058
13,0.3,5.0,0.52,0.238782808881309,0.24464745861432058
13,0.3,5.0,0.54,0.2393855041695429,0.24464745861432058
13,0.3,5.0,0.56,0.2388774328314913,0.24464745861432058
13,0.3,5.0,0.58,0.2403732780387314,0.24464745861432058
13,0.3,5.0,0.6,0.2498651028773162,0.24464745861432058
13,0.3,5.0,0.62,0.2621089321590098,0.24464745861432058
13,0.3,5.0,0.64,0.2658286052353791,0.24464745861432058
13,0.3,5.0,0.66,0.2635111990176432,0.24464745861432058
13,0.3,5.0,0.68,0.2581798905341868,0.24464745861432058
13,0.3,5.0,0.7000000000000001,0.247170032023463,0.24464745861432058
13,0.3,5.0,0.72,0.2387381925857469,0.24464745861432058
13,0.3,5.0,0.74,0.2439775359139864,0.24464745861432058
13,0.3,10.0,0.0,0.3408740541596946,0.25094873611717683
13,0.3,10.0,0.02,0.3256252342516729,0.25094873611717683
13,0.3,10.0,0.04,0.3311379623070429,0.25094873611717683
13,0.3,10.0,0.06,0.3234668869093431,0.25094873611717683
13,0.3,10.0,0.08,0.3054798076588961,0.25094873611717683
13,0.3,10.0,0.1,0.2963324837063312,0.25094873611717683
13,0.3,10.0,0.12,0.294269455123086,0.25094873611717683
13,0.3,10.0,0.14,0.2934724034123308,0.25094873611717683
13,0.3,10.0,0.16,0.2819316251825453,0.25094873611717683
13,0.3,10.0,0.18,0.2761224581650086,0.25094873611717683
13,0.3,10.0,0.2,0.2636520519407175,0.25094873611717683
13,0.3,10.0,0.22,0.2689763581498515,0.25094873611717683
13,0.3,10.0,0.24,0.2632079966469002,0.25094873611717683
13,0.3,10.0,0.26,0.2613933472049474,0.25094873611717683
13,0.3,10.0,0.28,0.25860516165954,0.25094873611717683
13,0.3,10.0,0.3,0.2541328340958315,0.25094873611717683
13,0.3,10.0,0.32,0.2552635764841245,0.25094873611717683
13,0.3,10.0,0.34,0.2548494917982206,0.25094873611717683
13,0.3,10.0,0.36,0.2575349228496602,0.25094873611717683
13,0.3,10.0,0.38,0.247579814218482,0.25094873611717683
13,0.3,10.0,0.4,0.2494719388233738,0.25094873611717683
13,0.3,10.0,0.42,0.2478866744870881,0.25094873611717683
13,0.3,10.0,0.44,0.2452652241424997,0.25094873611717683
13,0.3,10.0,0.46,0.2477917091117724,0.25094873611717683
13,0.3,10.0,0.48,0.2444512568724157,0.25094873611717683
13,0.3,10.0,0.5,0.2412346979706758,0.25094873611717683
13,0.3,10.0,0.52,0.2406808335329735,0.25094873611717683
13,0.3,10.0,0.54,0.2409209360316892,0.25094873611717683
13,0.3,10.0,0.56,0.244759906931271,0.25094873611717683
13,0.3,10.0,0.58,0.2432476607559946,0.25094873611717683
13,0.3,10.0,0.6,0.245623302822703,0.25094873611717683
13,0.3,10.0,0.62,0.2441919726328474,0.25094873611717683
13,0.3,10.0,0.64,0.2359233860685206,0.25094873611717683
13,0.3,10.0,0.66,0.2360852433211044,0.25094873611717683
13,0.3,10.0,0.68,0.2413484350789758,0.25094873611717683
13,0.3,10.0,0.7000000000000001,0.2265601599915126,0.25094873611717683
13,0.3,10.0,0.72,0.2252830126299341,0.25094873611717683
13,0.3,10.0,0.74,0.224312887533569,0.25094873611717683
13,0.3,15.0,0.0,0.3500939604212374,0.2558859869971088
13,0.3,15.0,0.02,0.3252591369903893,0.2558859869971088
13,0.3,15.0,0.04,0.3266374963644715,0.2558859869971088
13,0.3,15.0,0.06,0.3140393792632041,0.2558859869971088
13,0.3,15.0,0.08,0.2944131451075172,0.2558859869971088
13,0.3,15.0,0.1,0.2814605653298654,0.2558859869971088
13,0.3,15.0,0.12,0.2696999160722297,0.2558859869971088
13,0.3,15.0,0.14,0.2438498549021734,0.2558859869971088
13,0.3,15.0,0.16,0.2441444162939318,0.2558859869971088
13,0.3,15.0,0.18,0.2475746138895855,0.2558859869971088
13,0.3,15.0,0.2,0.2380025770498948,0.2558859869971088
13,0.3,15.0,0.22,0.2331976960941839,0.2558859869971088
13,0.3,15.0,0.24,0.2273136678910506,0.2558859869971088
13,0.3,15.0,0.26,0.2301979881337584,0.2558859869971088
13,0.3,15.0,0.28,0.2340087531638544,0.2558859869971088
13,0.3,15.0,0.3,0.2261615063673534,0.2558859869971088
13,0.3,15.0,0.32,0.2207320554720472,0.2558859869971088
13,0.3,15.0,0.34,0.2183922529144959,0.2558859869971088
13,0.3,15.0,0.36,0.2180321529911558,0.2558859869971088
13,0.3,15.0,0.38,0.2245229666616242,0.2558859869971088
13,0.3,15.0,0.4,0.2198996983117407,0.2558859869971088
13,0.3,15.0,0.42,0.2176197310746891,0.2558859869971088
13,0.3,15.0,0.44,0.2237241557779885,0.2558859869971088
13,0.3,15.0,0.46,0.2262771544618158,0.2558859869971088
13,0.3,15.0,0.48,0.2251103802305274,0.2558859869971088
13,0.3,15.0,0.5,0.2204572117407441,0.2558859869971088
13,0.3,15.0,0.52,0.2153372384699698,0.2558859869971088
13,0.3,15.0,0.54,0.212964697560046,0.2558859869971088
13,0.3,15.0,0.56,0.2125352237813951,0.2558859869971088
13,0.3,15.0,0.58,0.2212820958294631,0.2558859869971088
13,0.3,15.0,0.6,0.224107802647474,0.2558859869971088
13,0.3,15.0,0.62,0.2183197740117755,0.2558859869971088
13,0.3,15.0,0.64,0.2217538151839526,0.2558859869971088
13,0.3,15.0,0.66,0.2188978827181352,0.2558859869971088
13,0.3,15.0,0.68,0.2199217757513825,0.2558859869971088
13,0.3,15.0,0.7000000000000001,0.2217811747099878,0.2558859869971088
13,0.3,15.0,0.72,0.2224683175446827,0.2558859869971088
13,0.3,15.0,0.74,0.2249837755956724,0.2558859869971088
13,0.3,20.0,0.0,0.3503446765715408,0.2566468837585003
13,0.3,20.0,0.02,0.3212643452980742,0.2566468837585003
13,0.3,20.0,0.04,0.3221433341661973,0.2566468837585003
13,0.3,20.0,0.06,0.3157131638236556,0.2566468837585003
13,0.3,20.0,0.08,0.3123079435841486,0.2566468837585003
13,0.3,20.0,0.1,0.2965483348072817,0.2566468837585003
13,0.3,20.0,0.12,0.2768322679442087,0.2566468837585003
13,0.3,20.0,0.14,0.2629403217606469,0.2566468837585003
13,0.3,20.0,0.16,0.2680414143581989,0.2566468837585003
13,0.3,20.0,0.18,0.2714355242909249,0.2566468837585003
13,0.3,20.0,0.2,0.2619132389349697,0.2566468837585003
13,0.3,20.0,0.22,0.2554300976829468,0.2566468837585003
13,0.3,20.0,0.24,0.2584710732628022,0.2566468837585003
13,0.3,20.0,0.26,0.2562316285237951,0.2566468837585003
13,0.3,20.0,0.28,0.2567525775750332,0.2566468837585003
13,0.3,20.0,0.3,0.2514404935032073,0.2566468837585003
13,0.3,20.0,0.32,0.2518272234470051,0.2566468837585003
13,0.3,20.0,0.34,0.2529374159753632,0.2566468837585003
13,0.3,20.0,0.36,0.2451680646517356,0.2566468837585003
13,0.3,20.0,0.38,0.2428212478562483,0.2566468837585003
13,0.3,20.0,0.4,0.2387209997319262,0.2566468837585003
13,0.3,20.0,0.42,0.2312732773026324,0.2566468837585003
13,0.3,20.0,0.44,0.2293609649950436,0.2566468837585003
13,0.3,20.0,0.46,0.2315422521591372,0.2566468837585003
13,0.3,20.0,0.48,0.2353121029742788,0.2566468837585003
13,0.3,20.0,0.5,0.2304495038285244,0.2566468837585003
13,0.3,20.0,0.52,0.2265236065932386,0.2566468837585003
13,0.3,20.0,0.54,0.2262661600439474,0.2566468837585003
13,0.3,20.0,0.56,0.2306061425474162,0.2566468837585003
13,0.3,20.0,0.58,0.2301436029764594,0.2566468837585003
13,0.3,20.0,0.6,0.2278301483231949,0.2566468837585003
13,0.3,20.0,0.62,0.222727947430752,0.2566468837585003
13,0.3,20.0,0.64,0.2206588562277775,0.2566468837585003
13,0.3,20.0,0.66,0.2203483829605306,0.2566468837585003
13,0.3,20.0,0.68,0.2261234226618335,0.2566468837585003
13,0.3,20.0,0.7000000000000001,0.222116855788845,0.2566468837585003
13,0.3,20.0,0.72,0.2267115496141111,0.2566468837585003
13,0.3,20.0,0.74,0.2264085008511134,0.2566468837585003
13,0.3,25.0,0.0,0.3691440562786419,0.26291252669502696
13,0.3,25.0,0.02,0.3384104200833477,0.26291252669502696
13,0.3,25.0,0.04,0.3346979318598253,0.26291252669502696
13,0.3,25.0,0.06,0.3250086329805369,0.26291252669502696
13,0.3,25.0,0.08,0.3100248801566951,0.26291252669502696
13,0.3,25.0,0.1,0.2973374661940213,0.26291252669502696
13,0.3,25.0,0.12,0.2890012889972964,0.26291252669502696
13,0.3,25.0,0.14,0.2961252842850853,0.26291252669502696
13,0.3,25.0,0.16,0.2909845286802081,0.26291252669502696
13,0.3,25.0,0.18,0.27704848122349,0.26291252669502696
13,0.3,25.0,0.2,0.2690296798721294,0.26291252669502696
13,0.3,25.0,0.22,0.2642526189910461,0.26291252669502696
13,0.3,25.0,0.24,0.2594859728188846,0.26291252669502696
13,0.3,25.0,0.26,0.2564254328171959,0.26291252669502696
13,0.3,25.0,0.28,0.2446406702082743,0.26291252669502696
13,0.3,25.0,0.3,0.24186589342057,0.26291252669502696
13,0.3,25.0,0.32,0.2435369460413027,0.26291252669502696
13,0.3,25.0,0.34,0.2411325293482295,0.26291252669502696
13,0.3,25.0,0.36,0.2400729762324598,0.26291252669502696
13,0.3,25.0,0.38,0.2384585183852779,0.26291252669502696
13,0.3,25.0,0.4,0.2366726779821324,0.26291252669502696
13,0.3,25.0,0.42,0.2343532074255296,0.26291252669502696
13,0.3,25.0,0.44,0.2351042427064779,0.26291252669502696
13,0.3,25.0,0.46,0.2473650499271679,0.26291252669502696
13,0.3,25.0,0.48,0.2403295737956517,0.26291252669502696
13,0.3,25.0,0.5,0.2269476208123101,0.26291252669502696
13,0.3,25.0,0.52,0.2268207677730908,0.26291252669502696
13,0.3,25.0,0.54,0.2254679781691033,0.26291252669502696
13,0.3,25.0,0.56,0.2214162721021617,0.26291252669502696
13,0.3,25.0,0.58,0.2155977262259406,0.26291252669502696
13,0.3,25.0,0.6,0.2143244469356528,0.26291252669502696
13,0.3,25.0,0.62,0.2133056210187231,0.26291252669502696
13,0.3,25.0,0.64,0.2030952317286626,0.26291252669502696
13,0.3,25.0,0.66,0.2047515363538,0.26291252669502696
13,0.3,25.0,0.68,0.211405268203787,0.26291252669502696
13,0.3,25.0,0.7000000000000001,0.2125968589401579,0.26291252669502696
13,0.3,25.0,0.72,0.2167393972870945,0.26291252669502696
13,0.3,25.0,0.74,0.2096337065908018,0.26291252669502696
13,0.3,30.0,0.0,0.3284420469816481,0.2515894141951285
13,0.3,30.0,0.02,0.3229227596107294,0.2515894141951285
13,0.3,30.0,0.04,0.3299149083023499,0.2515894141951285
13,0.3,30.0,0.06,0.3208573454155203,0.2515894141951285
13,0.3,30.0,0.08,0.3150853843074515,0.2515894141951285
13,0.3,30.0,0.1,0.3068499079818504,0.2515894141951285
13,0.3,30.0,0.12,0.2995912411766231,0.2515894141951285
13,0.3,30.0,0.14,0.2923053149354582,0.2515894141951285
13,0.3,30.0,0.16,0.2809794967115206,0.2515894141951285
13,0.3,30.0,0.18,0.2849646655300454,0.2515894141951285
13,0.3,30.0,0.2,0.2762844754085659,0.2515894141951285
13,0.3,30.0,0.22,0.2641101745845507,0.2515894141951285
13,0.3,30.0,0.24,0.2583827967627258,0.2515894141951285
13,0.3,30.0,0.26,0.2596643496899471,0.2515894141951285
13,0.3,30.0,0.28,0.2603287569143925,0.2515894141951285
13,0.3,30.0,0.3,0.2497503162954018,0.2515894141951285
13,0.3,30.0,0.32,0.2366151722468146,0.2515894141951285
13,0.3,30.0,0.34,0.228177636939049,0.2515894141951285
13,0.3,30.0,0.36,0.217092129240191,0.2515894141951285
13,0.3,30.0,0.38,0.214644978316619,0.2515894141951285
13,0.3,30.0,0.4,0.2139910884603502,0.2515894141951285
13,0.3,30.0,0.42,0.2076773426552504,0.2515894141951285
13,0.3,30.0,0.44,0.2085242752355251,0.2515894141951285
13,0.3,30.0,0.46,0.2071890723182808,0.2515894141951285
13,0.3,30.0,0.48,0.2103045633095737,0.2515894141951285
13,0.3,30.0,0.5,0.2191245784055836,0.2515894141951285
13,0.3,30.0,0.52,0.2225615789461903,0.2515894141951285
13,0.3,30.0,0.54,0.2271189866539023,0.2515894141951285
13,0.3,30.0,0.56,0.2320707192097404,0.2515894141951285
13,0.3,30.0,0.58,0.2373277026155052,0.2515894141951285
13,0.3,30.0,0.6,0.2272380100860852,0.2515894141951285
13,0.3,30.0,0.62,0.22842346112272,0.2515894141951285
13,0.3,30.0,0.64,0.2203360570390068,0.2515894141951285
13,0.3,30.0,0.66,0.2229636872048137,0.2515894141951285
13,0.3,30.0,0.68,0.2177267453116924,0.2515894141951285
13,0.3,30.0,0.7000000000000001,0.2200628132341803,0.2515894141951285
13,0.3,30.0,0.72,0.2143100755556857,0.2515894141951285
13,0.3,30.0,0.74,0.2169649388713731,0.2515894141951285
13,0.3,40.0,0.0,0.3434162338330835,0.26711592722176136
13,0.3,40.0,0.02,0.320953253018905,0.26711592722176136
13,0.3,40.0,0.04,0.3165453033555745,0.26711592722176136
13,0.3,40.0,0.06,0.3189072526126371,0.26711592722176136
13,0.3,40.0,0.08,0.3053587990754394,0.26711592722176136
13,0.3,40.0,0.1,0.2912285507487785,0.26711592722176136
13,0.3,40.0,0.12,0.2857733609212856,0.26711592722176136
13,0.3,40.0,0.14,0.2843731809925234,0.26711592722176136
13,0.3,40.0,0.16,0.2904572185369694,0.26711592722176136
13,0.3,40.0,0.18,0.2836407908461778,0.26711592722176136
13,0.3,40.0,0.2,0.2907631683616011,0.26711592722176136
13,0.3,40.0,0.22,0.2812186815423388,0.26711592722176136
13,0.3,40.0,0.24,0.2820976868031147,0.26711592722176136
13,0.3,40.0,0.26,0.2843127665733604,0.26711592722176136
13,0.3,40.0,0.28,0.2875822505697444,0.26711592722176136
13,0.3,40.0,0.3,0.2906401008884221,0.26711592722176136
13,0.3,40.0,0.32,0.2817944372999637,0.26711592722176136
13,0.3,40.0,0.34,0.2804266889680918,0.26711592722176136
13,0.3,40.0,0.36,0.2781970519965256,0.26711592722176136
13,0.3,40.0,0.38,0.2659809690844809,0.26711592722176136
13,0.3,40.0,0.4,0.2614270219937765,0.26711592722176136
13,0.3,40.0,0.42,0.2610886443840597,0.26711592722176136
13,0.3,40.0,0.44,0.2710906624965873,0.26711592722176136
13,0.3,40.0,0.46,0.2723634875377397,0.26711592722176136
13,0.3,40.0,0.48,0.2662040413329246,0.26711592722176136
13,0.3,40.0,0.5,0.2647708446129184,0.26711592722176136
13,0.3,40.0,0.52,0.2585373844872505,0.26711592722176136
13,0.3,40.0,0.54,0.2510338654088724,0.26711592722176136
13,0.3,40.0,0.56,0.2511227385015812,0.26711592722176136
13,0.3,40.0,0.58,0.25237676320966,0.26711592722176136
13,0.3,40.0,0.6,0.2578008257265146,0.26711592722176136
13,0.3,40.0,0.62,0.2681895806598374,0.26711592722176136
13,0.3,40.0,0.64,0.2654181488095278,0.26711592722176136
13,0.3,40.0,0.66,0.2544695943351497,0.26711592722176136
13,0.3,40.0,0.68,0.2433678164388407,0.26711592722176136
13,0.3,40.0,0.7000000000000001,0.2419811121953463,0.26711592722176136
13,0.3,40.0,0.72,0.2483264140861832,0.26711592722176136
13,0.3,40.0,0.74,0.2509180914500525,0.26711592722176136
13,0.3,50.0,0.0,0.3745047386204505,0.28172895912251056
13,0.3,50.0,0.02,0.3609205495094262,0.28172895912251056
13,0.3,50.0,0.04,0.3491181762149722,0.28172895912251056
13,0.3,50.0,0.06,0.3437614578956563,0.28172895912251056
13,0.3,50.0,0.08,0.3307893698043057,0.28172895912251056
13,0.3,50.0,0.1,0.3121797975965654,0.28172895912251056
13,0.3,50.0,0.12,0.3004801360123831,0.28172895912251056
13,0.3,50.0,0.14,0.2938677470151733,0.28172895912251056
13,0.3,50.0,0.16,0.2910987918214033,0.28172895912251056
13,0.3,50.0,0.18,0.2814939129143683,0.28172895912251056
13,0.3,50.0,0.2,0.2763104923854617,0.28172895912251056
13,0.3,50.0,0.22,0.2709635565102867,0.28172895912251056
13,0.3,50.0,0.24,0.2620358980943292,0.28172895912251056
13,0.3,50.0,0.26,0.2438945572860285,0.28172895912251056
13,0.3,50.0,0.28,0.2392683153455965,0.28172895912251056
13,0.3,50.0,0.3,0.2440659392330537,0.28172895912251056
13,0.3,50.0,0.32,0.2414001278876954,0.28172895912251056
13,0.3,50.0,0.34,0.2417900276075844,0.28172895912251056
13,0.3,50.0,0.36,0.2462026335813412,0.28172895912251056
13,0.3,50.0,0.38,0.2490983782733579,0.28172895912251056
13,0.3,50.0,0.4,0.259262442334828,0.28172895912251056
13,0.3,50.0,0.42,0.2548253749426672,0.28172895912251056
13,0.3,50.0,0.44,0.2464613868361631,0.28172895912251056
13,0.3,50.0,0.46,0.2368014455000785,0.28172895912251056
13,0.3,50.0,0.48,0.2273765676806476,0.28172895912251056
13,0.3,50.0,0.5,0.2319890574612007,0.28172895912251056
13,0.3,50.0,0.52,0.2330528240402558,0.28172895912251056
13,0.3,50.0,0.54,0.2442673050840806,0.28172895912251056
13,0.3,50.0,0.56,0.2498054164067096,0.28172895912251056
13,0.3,50.0,0.58,0.2475714745750112,0.28172895912251056
13,0.3,50.0,0.6,0.246780530844545,0.28172895912251056
13,0.3,50.0,0.62,0.2481552778546292,0.28172895912251056
13,0.3,50.0,0.64,0.2623682829341374,0.28172895912251056
13,0.3,50.0,0.66,0.2540898678828486,0.28172895912251056
13,0.3,50.0,0.68,0.2482374855677985,0.28172895912251056
13,0.3,50.0,0.7000000000000001,0.2427393470149964,0.28172895912251056
13,0.3,50.0,0.72,0.2349688337672308,0.28172895912251056
13,0.3,50.0,0.74,0.2419408216496589,0.28172895912251056
13,0.3,100.0,0.0,0.3445464818171986,0.29849215875881724
13,0.3,100.0,0.02,0.317637605031122,0.29849215875881724
13,0.3,100.0,0.04,0.3265242471364729,0.29849215875881724
13,0.3,100.0,0.06,0.3295938509058899,0.29849215875881724
13,0.3,100.0,0.08,0.3255478880690086,0.29849215875881724
13,0.3,100.0,0.1,0.3185206518002935,0.29849215875881724
13,0.3,100.0,0.12,0.3067297156074846,0.29849215875881724
13,0.3,100.0,0.14,0.293686455985553,0.29849215875881724
13,0.3,100.0,0.16,0.2938595628860527,0.29849215875881724
13,0.3,100.0,0.18,0.2929681946248225,0.29849215875881724
13,0.3,100.0,0.2,0.2724235231797394,0.29849215875881724
13,0.3,100.0,0.22,0.2873918224894287,0.29849215875881724
13,0.3,100.0,0.24,0.2965267755264543,0.29849215875881724
13,0.3,100.0,0.26,0.2927477669889376,0.29849215875881724
13,0.3,100.0,0.28,0.283531009652444,0.29849215875881724
13,0.3,100.0,0.3,0.2761032499461023,0.29849215875881724
13,0.3,100.0,0.32,0.2736589035008304,0.29849215875881724
13,0.3,100.0,0.34,0.2738848575321088,0.29849215875881724
13,0.3,100.0,0.36,0.25793866381033,0.29849215875881724
13,0.3,100.0,0.38,0.261196311154901,0.29849215875881724
13,0.3,100.0,0.4,0.2920930126201801,0.29849215875881724
13,0.3,100.0,0.42,0.2864008473381928,0.29849215875881724
13,0.3,100.0,0.44,0.2825666584360009,0.29849215875881724
13,0.3,100.0,0.46,0.2881430462476336,0.29849215875881724
13,0.3,100.0,0.48,0.2915357745065725,0.29849215875881724
13,0.3,100.0,0.5,0.2822679101710413,0.29849215875881724
13,0.3,100.0,0.52,0.2728067290534711,0.29849215875881724
13,0.3,100.0,0.54,0.2652592494294791,0.29849215875881724
13,0.3,100.0,0.56,0.2649161607120521,0.29849215875881724
13,0.3,100.0,0.58,0.270731421148054,0.29849215875881724
13,0.3,100.0,0.6,0.2762646941383788,0.29849215875881724
13,0.3,100.0,0.62,0.2847994321858415,0.29849215875881724
13,0.3,100.0,0.64,0.2899052845721462,0.29849215875881724
13,0.3,100.0,0.66,0.2805883569577834,0.29849215875881724
13,0.3,100.0,0.68,0.2767061175546124,0.29849215875881724
13,0.3,100.0,0.7000000000000001,0.272012777015565,0.29849215875881724
13,0.3,100.0,0.72,0.2849774431190608,0.29849215875881724
13,0.3,100.0,0.74,0.2819259686634596,0.29849215875881724
14,0.3,0.0,0.0,0.3633848166418479,0.2489897901428378
14,0.3,0.0,0.02,0.3292063447668468,0.2489897901428378
14,0.3,0.0,0.04,0.3165516675628577,0.2489897901428378
14,0.3,0.0,0.06,0.308668001043497,0.2489897901428378
14,0.3,0.0,0.08,0.2908837651530001,0.2489897901428378
14,0.3,0.0,0.1,0.2752460019172765,0.2489897901428378
14,0.3,0.0,0.12,0.2606913861220277,0.2489897901428378
14,0.3,0.0,0.14,0.2490822499686521,0.2489897901428378
14,0.3,0.0,0.16,0.2518101184987027,0.2489897901428378
14,0.3,0.0,0.18,0.2524706325408637,0.2489897901428378
14,0.3,0.0,0.2,0.2463485896786102,0.2489897901428378
14,0.3,0.0,0.22,0.2407392930135925,0.2489897901428378
14,0.3,0.0,0.24,0.2441028534401328,0.2489897901428378
14,0.3,0.0,0.26,0.2469141097480268,0.2489897901428378
14,0.3,0.0,0.28,0.2437272451972068,0.2489897901428378
14,0.3,0.0,0.3,0.246846379284829,0.2489897901428378
14,0.3,0.0,0.32,0.2438554357615813,0.2489897901428378
14,0.3,0.0,0.34,0.2449619875578612,0.2489897901428378
14,0.3,0.0,0.36,0.2415828407843867,0.2489897901428378
14,0.3,0.0,0.38,0.2395501766493676,0.2489897901428378
14,0.3,0.0,0.4,0.2409864661213761,0.2489897901428378
14,0.3,0.0,0.42,0.2419428072757208,0.2489897901428378
14,0.3,0.0,0.44,0.2399399665640861,0.2489897901428378
14,0.3,0.0,0.46,0.2434601377984578,0.2489897901428378
14,0.3,0.0,0.48,0.2408908680414245,0.2489897901428378
14,0.3,0.0,0.5,0.2394026767006705,0.2489897901428378
14,0.3,0.0,0.52,0.2390619622743094,0.2489897901428378
14,0.3,0.0,0.54,0.2326367985606324,0.2489897901428378
14,0.3,0.0,0.56,0.2303415171715447,0.2489897901428378
14,0.3,0.0,0.58,0.2346587510923878,0.2489897901428378
14,0.3,0.0,0.6,0.2386118265350128,0.2489897901428378
14,0.3,0.0,0.62,0.2399640447900234,0.2489897901428378
14,0.3,0.0,0.64,0.2384516197867248,0.2489897901428378
14,0.3,0.0,0.66,0.2367901513867602,0.2489897901428378
14,0.3,0.0,0.68,0.231546727784853,0.2489897901428378
14,0.3,0.0,0.7000000000000001,0.2345498741575016,0.2489897901428378
14,0.3,0.0,0.72,0.2354884424393661,0.2489897901428378
14,0.3,0.0,0.74,0.2368280050021278,0.2489897901428378
14,0.3,5.0,0.0,0.3488537452100899,0.24464745861432058
14,0.3,5.0,0.02,0.3309377100364167,0.24464745861432058
14,0.3,5.0,0.04,0.3342861070005551,0.24464745861432058
14,0.3,5.0,0.06,0.3210396846308165,0.24464745861432058
14,0.3,5.0,0.08,0.2998381616235313,0.24464745861432058
14,0.3,5.0,0.1,0.2839533434653243,0.24464745861432058
14,0.3,5.0,0.12,0.2722829835724474,0.24464745861432058
14,0.3,5.0,0.14,0.2592347802346311,0.24464745861432058
14,0.3,5.0,0.16,0.2436529769885618,0.24464745861432058
14,0.3,5.0,0.18,0.2281418376171921,0.24464745861432058
14,0.3,5.0,0.2,0.2205795207051926,0.24464745861432058
14,0.3,5.0,0.22,0.2140361946979821,0.24464745861432058
14,0.3,5.0,0.24,0.2069221705334353,0.24464745861432058
14,0.3,5.0,0.26,0.2114394045822453,0.24464745861432058
14,0.3,5.0,0.28,0.2096092586258238,0.24464745861432058
14,0.3,5.0,0.3,0.2081197290119044,0.24464745861432058
14,0.3,5.0,0.32,0.2072769431678488,0.24464745861432058
14,0.3,5.0,0.34,0.2112770410069843,0.24464745861432058
14,0.3,5.0,0.36,0.2172457073745241,0.24464745861432058
14,0.3,5.0,0.38,0.2190505100024279,0.24464745861432058
14,0.3,5.0,0.4,0.2196463498704583,0.24464745861432058
14,0.3,5.0,0.42,0.2180645480556363,0.24464745861432058
14,0.3,5.0,0.44,0.2191901211301528,0.24464745861432058
14,0.3,5.0,0.46,0.2155854028807148,0.24464745861432058
14,0.3,5.0,0.48,0.2153417553994017,0.24464745861432058
14,0.3,5.0,0.5,0.2045625391814134,0.24464745861432058
14,0.3,5.0,0.52,0.2065239334188314,0.24464745861432058
14,0.3,5.0,0.54,0.2062875395081458,0.24464745861432058
14,0.3,5.0,0.56,0.2027338077549236,0.24464745861432058
14,0.3,5.0,0.58,0.2056735979409489,0.24464745861432058
14,0.3,5.0,0.6,0.2057856125161287,0.24464745861432058
14,0.3,5.0,0.62,0.2048810290877043,0.24464745861432058
14,0.3,5.0,0.64,0.1991371979622955,0.24464745861432058
14,0.3,5.0,0.66,0.1918919867181852,0.24464745861432058
14,0.3,5.0,0.68,0.1885298174787905,0.24464745861432058
14,0.3,5.0,0.7000000000000001,0.1830622607478403,0.24464745861432058
14,0.3,5.0,0.72,0.1782678705679106,0.24464745861432058
14,0.3,5.0,0.74,0.1816899556224414,0.24464745861432058
14,0.3,10.0,0.0,0.3559206591484719,0.25094873611717683
14,0.3,10.0,0.02,0.333566312151109,0.25094873611717683
14,0.3,10.0,0.04,0.3408530791579817,0.25094873611717683
14,0.3,10.0,0.06,0.3276173403945517,0.25094873611717683
14,0.3,10.0,0.08,0.3092864053309971,0.25094873611717683
14,0.3,10.0,0.1,0.2894589056565367,0.25094873611717683
14,0.3,10.0,0.12,0.2789855288368357,0.25094873611717683
14,0.3,10.0,0.14,0.267638914498625,0.25094873611717683
14,0.3,10.0,0.16,0.2494893301902024,0.25094873611717683
14,0.3,10.0,0.18,0.247402425651093,0.25094873611717683
14,0.3,10.0,0.2,0.2403211153445063,0.25094873611717683
14,0.3,10.0,0.22,0.2445632782928477,0.25094873611717683
14,0.3,10.0,0.24,0.2396125795881763,0.25094873611717683
14,0.3,10.0,0.26,0.2416221597328733,0.25094873611717683
14,0.3,10.0,0.28,0.2397082906853837,0.25094873611717683
14,0.3,10.0,0.3,0.2330957864629574,0.25094873611717683
14,0.3,10.0,0.32,0.2413424927509251,0.25094873611717683
14,0.3,10.0,0.34,0.2389393330138405,0.25094873611717683
14,0.3,10.0,0.36,0.2287547498303346,0.25094873611717683
14,0.3,10.0,0.38,0.2256859162713937,0.25094873611717683
14,0.3,10.0,0.4,0.2264998586314346,0.25094873611717683
14,0.3,10.0,0.42,0.2319608602285382,0.25094873611717683
14,0.3,10.0,0.44,0.2265620071810505,0.25094873611717683
14,0.3,10.0,0.46,0.2210862801545032,0.25094873611717683
14,0.3,10.0,0.48,0.2269351331931053,0.25094873611717683
14,0.3,10.0,0.5,0.2231307002532263,0.25094873611717683
14,0.3,10.0,0.52,0.2123752115762109,0.25094873611717683
14,0.3,10.0,0.54,0.1994779419626698,0.25094873611717683
14,0.3,10.0,0.56,0.1978856392223746,0.25094873611717683
14,0.3,10.0,0.58,0.193030122020771,0.25094873611717683
14,0.3,10.0,0.6,0.1931961678710279,0.25094873611717683
14,0.3,10.0,0.62,0.1930895815617583,0.25094873611717683
14,0.3,10.0,0.64,0.2059965977986107,0.25094873611717683
14,0.3,10.0,0.66,0.2134258171066788,0.25094873611717683
14,0.3,10.0,0.68,0.2103354538607803,0.25094873611717683
14,0.3,10.0,0.7000000000000001,0.2032473763114343,0.25094873611717683
14,0.3,10.0,0.72,0.2099768328076656,0.25094873611717683
14,0.3,10.0,0.74,0.2184582764898838,0.25094873611717683
14,0.3,15.0,0.0,0.3444300876994364,0.2558859869971088
14,0.3,15.0,0.02,0.327135628328216,0.2558859869971088
14,0.3,15.0,0.04,0.331830564331098,0.2558859869971088
14,0.3,15.0,0.06,0.3283625289053638,0.2558859869971088
14,0.3,15.0,0.08,0.3137288290596336,0.2558859869971088
14,0.3,15.0,0.1,0.2978605309456624,0.2558859869971088
14,0.3,15.0,0.12,0.2805850685602915,0.2558859869971088
14,0.3,15.0,0.14,0.2858948717833203,0.2558859869971088
14,0.3,15.0,0.16,0.279783489646048,0.2558859869971088
14,0.3,15.0,0.18,0.2674656261742359,0.2558859869971088
14,0.3,15.0,0.2,0.2698949563271745,0.2558859869971088
14,0.3,15.0,0.22,0.2784455776433346,0.2558859869971088
14,0.3,15.0,0.24,0.2723778466490116,0.2558859869971088
14,0.3,15.0,0.26,0.2742547172316398,0.2558859869971088
14,0.3,15.0,0.28,0.2654746317741855,0.2558859869971088
14,0.3,15.0,0.3,0.2618881376616444,0.2558859869971088
14,0.3,15.0,0.32,0.25867489359354,0.2558859869971088
14,0.3,15.0,0.34,0.255291619054996,0.2558859869971088
14,0.3,15.0,0.36,0.2579264066955927,0.2558859869971088
14,0.3,15.0,0.38,0.2616864676922502,0.2558859869971088
14,0.3,15.0,0.4,0.2507906370331568,0.2558859869971088
14,0.3,15.0,0.42,0.2554299758377092,0.2558859869971088
14,0.3,15.0,0.44,0.2532360071483467,0.2558859869971088
14,0.3,15.0,0.46,0.2486535446447277,0.2558859869971088
14,0.3,15.0,0.48,0.2531515239912562,0.2558859869971088
14,0.3,15.0,0.5,0.2573659720198385,0.2558859869971088
14,0.3,15.0,0.52,0.2609876470222373,0.2558859869971088
14,0.3,15.0,0.54,0.2629606988969168,0.2558859869971088
14,0.3,15.0,0.56,0.2575635121292977,0.2558859869971088
14,0.3,15.0,0.58,0.2653011457677146,0.2558859869971088
14,0.3,15.0,0.6,0.2671583930717221,0.2558859869971088
14,0.3,15.0,0.62,0.268648231816934,0.2558859869971088
14,0.3,15.0,0.64,0.2683761211972225,0.2558859869971088
14,0.3,15.0,0.66,0.2628234389757464,0.2558859869971088
14,0.3,15.0,0.68,0.2603084981480679,0.2558859869971088
14,0.3,15.0,0.7000000000000001,0.2602938279723628,0.2558859869971088
14,0.3,15.0,0.72,0.2541219900755984,0.2558859869971088
14,0.3,15.0,0.74,0.2464107927731439,0.2558859869971088
14,0.3,20.0,0.0,0.3402612687575064,0.2566468837585003
14,0.3,20.0,0.02,0.3256293643914303,0.2566468837585003
14,0.3,20.0,0.04,0.339164547030408,0.2566468837585003
14,0.3,20.0,0.06,0.3188894618723968,0.2566468837585003
14,0.3,20.0,0.08,0.2997541740002707,0.2566468837585003
14,0.3,20.0,0.1,0.2850776232340301,0.2566468837585003
14,0.3,20.0,0.12,0.2818237036732265,0.2566468837585003
14,0.3,20.0,0.14,0.2757311253966108,0.2566468837585003
14,0.3,20.0,0.16,0.2636357085006888,0.2566468837585003
14,0.3,20.0,0.18,0.2516982316997431,0.2566468837585003
14,0.3,20.0,0.2,0.2523727390953761,0.2566468837585003
14,0.3,20.0,0.22,0.2566693566497852,0.2566468837585003
14,0.3,20.0,0.24,0.2656197560929341,0.2566468837585003
14,0.3,20.0,0.26,0.2675552622667238,0.2566468837585003
14,0.3,20.0,0.28,0.2627063660500568,0.2566468837585003
14,0.3,20.0,0.3,0.2534153229695113,0.2566468837585003
14,0.3,20.0,0.32,0.2391088423211104,0.2566468837585003
14,0.3,20.0,0.34,0.2329827244545631,0.2566468837585003
14,0.3,20.0,0.36,0.2394453854803379,0.2566468837585003
14,0.3,20.0,0.38,0.2381254178750902,0.2566468837585003
14,0.3,20.0,0.4,0.2397350590761748,0.2566468837585003
14,0.3,20.0,0.42,0.2456602482583982,0.2566468837585003
14,0.3,20.0,0.44,0.245526208033323,0.2566468837585003
14,0.3,20.0,0.46,0.2431219798340071,0.2566468837585003
14,0.3,20.0,0.48,0.2413911864863333,0.2566468837585003
14,0.3,20.0,0.5,0.2448697578869091,0.2566468837585003
14,0.3,20.0,0.52,0.2522243676801889,0.2566468837585003
14,0.3,20.0,0.54,0.2463307593727767,0.2566468837585003
14,0.3,20.0,0.56,0.245678914391723,0.2566468837585003
14,0.3,20.0,0.58,0.2368099669048234,0.2566468837585003
14,0.3,20.0,0.6,0.2354056616327665,0.2566468837585003
14,0.3,20.0,0.62,0.23860663465902,0.2566468837585003
14,0.3,20.0,0.64,0.2340821979778362,0.2566468837585003
14,0.3,20.0,0.66,0.2366208197245103,0.2566468837585003
14,0.3,20.0,0.68,0.2317157707880413,0.2566468837585003
14,0.3,20.0,0.7000000000000001,0.2232483545207121,0.2566468837585003
14,0.3,20.0,0.72,0.2246794728103257,0.2566468837585003
14,0.3,20.0,0.74,0.2189114257758354,0.2566468837585003
14,0.3,25.0,0.0,0.3510123621754011,0.26291252669502696
14,0.3,25.0,0.02,0.3252735715409983,0.26291252669502696
14,0.3,25.0,0.04,0.3314933948746711,0.26291252669502696
14,0.3,25.0,0.06,0.3229566668566754,0.26291252669502696
14,0.3,25.0,0.08,0.3101957420264203,0.26291252669502696
14,0.3,25.0,0.1,0.2974587992255886,0.26291252669502696
14,0.3,25.0,0.12,0.2902064856853258,0.26291252669502696
14,0.3,25.0,0.14,0.2767863957788622,0.26291252669502696
14,0.3,25.0,0.16,0.2734245765737969,0.26291252669502696
14,0.3,25.0,0.18,0.2731833387530128,0.26291252669502696
14,0.3,25.0,0.2,0.2742856233133596,0.26291252669502696
14,0.3,25.0,0.22,0.2821507444598916,0.26291252669502696
14,0.3,25.0,0.24,0.2761123795599883,0.26291252669502696
14,0.3,25.0,0.26,0.2778525229956084,0.26291252669502696
14,0.3,25.0,0.28,0.2751603724131345,0.26291252669502696
14,0.3,25.0,0.3,0.2602510811379451,0.26291252669502696
14,0.3,25.0,0.32,0.2580722681864016,0.26291252669502696
14,0.3,25.0,0.34,0.2730143997804632,0.26291252669502696
14,0.3,25.0,0.36,0.2619763044093655,0.26291252669502696
14,0.3,25.0,0.38,0.2670092581488061,0.26291252669502696
14,0.3,25.0,0.4,0.2549583205314802,0.26291252669502696
14,0.3,25.0,0.42,0.2560708832875854,0.26291252669502696
14,0.3,25.0,0.44,0.2495904917348204,0.26291252669502696
14,0.3,25.0,0.46,0.2486621146751101,0.26291252669502696
14,0.3,25.0,0.48,0.2552788734764961,0.26291252669502696
14,0.3,25.0,0.5,0.2538205318568434,0.26291252669502696
14,0.3,25.0,0.52,0.2535928939427821,0.26291252669502696
14,0.3,25.0,0.54,0.249286742173432,0.26291252669502696
14,0.3,25.0,0.56,0.2469508748305147,0.26291252669502696
14,0.3,25.0,0.58,0.2537667199507387,0.26291252669502696
14,0.3,25.0,0.6,0.250172098836366,0.26291252669502696
14,0.3,25.0,0.62,0.2606811743369504,0.26291252669502696
14,0.3,25.0,0.64,0.257849396418999,0.26291252669502696
14,0.3,25.0,0.66,0.2515859799143217,0.26291252669502696
14,0.3,25.0,0.68,0.2491398967181994,0.26291252669502696
14,0.3,25.0,0.7000000000000001,0.2503808923172141,0.26291252669502696
14,0.3,25.0,0.72,0.2398223980707158,0.26291252669502696
14,0.3,25.0,0.74,0.242811211954688,0.26291252669502696
14,0.3,30.0,0.0,0.3210686559407261,0.2515894141951285
14,0.3,30.0,0.02,0.3158745418242178,0.2515894141951285
14,0.3,30.0,0.04,0.3281485122058494,0.2515894141951285
14,0.3,30.0,0.06,0.3202548606880028,0.2515894141951285
14,0.3,30.0,0.08,0.3109507124749309,0.2515894141951285
14,0.3,30.0,0.1,0.3181282618666261,0.2515894141951285
14,0.3,30.0,0.12,0.3049007177462501,0.2515894141951285
14,0.3,30.0,0.14,0.2895611338694788,0.2515894141951285
14,0.3,30.0,0.16,0.2827227315639545,0.2515894141951285
14,0.3,30.0,0.18,0.284483527038592,0.2515894141951285
14,0.3,30.0,0.2,0.3035458814035552,0.2515894141951285
14,0.3,30.0,0.22,0.300144058155953,0.2515894141951285
14,0.3,30.0,0.24,0.2866297813910776,0.2515894141951285
14,0.3,30.0,0.26,0.2897930608461359,0.2515894141951285
14,0.3,30.0,0.28,0.2894527613396854,0.2515894141951285
14,0.3,30.0,0.3,0.2900063259398018,0.2515894141951285
14,0.3,30.0,0.32,0.2854366740764525,0.2515894141951285
14,0.3,30.0,0.34,0.2762932997867202,0.2515894141951285
14,0.3,30.0,0.36,0.2716593385499701,0.2515894141951285
14,0.3,30.0,0.38,0.2678945817871128,0.2515894141951285
14,0.3,30.0,0.4,0.2570245453309531,0.2515894141951285
14,0.3,30.0,0.42,0.2545385011006658,0.2515894141951285
14,0.3,30.0,0.44,0.2489497768914289,0.2515894141951285
14,0.3,30.0,0.46,0.2398178211275097,0.2515894141951285
14,0.3,30.0,0.48,0.2435834914663798,0.2515894141951285
14,0.3,30.0,0.5,0.2404278820116528,0.2515894141951285
14,0.3,30.0,0.52,0.2420454077998739,0.2515894141951285
14,0.3,30.0,0.54,0.242471475529566,0.2515894141951285
14,0.3,30.0,0.56,0.2344981300050477,0.2515894141951285
14,0.3,30.0,0.58,0.2284656142398521,0.2515894141951285
14,0.3,30.0,0.6,0.2298573199539672,0.2515894141951285
14,0.3,30.0,0.62,0.2347255095254541,0.2515894141951285
14,0.3,30.0,0.64,0.2377767349255959,0.2515894141951285
14,0.3,30.0,0.66,0.2357759859554236,0.2515894141951285
14,0.3,30.0,0.68,0.2346293939956239,0.2515894141951285
14,0.3,30.0,0.7000000000000001,0.2290614324782448,0.2515894141951285
14,0.3,30.0,0.72,0.2291714536165236,0.2515894141951285
14,0.3,30.0,0.74,0.2280273475979038,0.2515894141951285
14,0.3,40.0,0.0,0.3739214501610122,0.26711592722176136
14,0.3,40.0,0.02,0.3556804766705712,0.26711592722176136
14,0.3,40.0,0.04,0.3437312797825874,0.26711592722176136
14,0.3,40.0,0.06,0.3326754241676559,0.26711592722176136
14,0.3,40.0,0.08,0.3222451454023795,0.26711592722176136
14,0.3,40.0,0.1,0.3048544151852856,0.26711592722176136
14,0.3,40.0,0.12,0.2881366117834835,0.26711592722176136
14,0.3,40.0,0.14,0.2695210783984568,0.26711592722176136
14,0.3,40.0,0.16,0.2553157299109764,0.26711592722176136
14,0.3,40.0,0.18,0.250191161704831,0.26711592722176136
14,0.3,40.0,0.2,0.2461299701950217,0.26711592722176136
14,0.3,40.0,0.22,0.2462047334690334,0.26711592722176136
14,0.3,40.0,0.24,0.2317692918031852,0.26711592722176136
14,0.3,40.0,0.26,0.2377947396597228,0.26711592722176136
14,0.3,40.0,0.28,0.2348426751916549,0.26711592722176136
14,0.3,40.0,0.3,0.2259298236733128,0.26711592722176136
14,0.3,40.0,0.32,0.2259081745401154,0.26711592722176136
14,0.3,40.0,0.34,0.2253596199387249,0.26711592722176136
14,0.3,40.0,0.36,0.2245293312782806,0.26711592722176136
14,0.3,40.0,0.38,0.2162723804222766,0.26711592722176136
14,0.3,40.0,0.4,0.2052857731694489,0.26711592722176136
14,0.3,40.0,0.42,0.214219802429969,0.26711592722176136
14,0.3,40.0,0.44,0.2219974945537827,0.26711592722176136
14,0.3,40.0,0.46,0.2336107904699632,0.26711592722176136
14,0.3,40.0,0.48,0.2453582675731182,0.26711592722176136
14,0.3,40.0,0.5,0.2422933734230424,0.26711592722176136
14,0.3,40.0,0.52,0.239828880925819,0.26711592722176136
14,0.3,40.0,0.54,0.2309473551041705,0.26711592722176136
14,0.3,40.0,0.56,0.2318563534215789,0.26711592722176136
14,0.3,40.0,0.58,0.242659565732797,0.26711592722176136
14,0.3,40.0,0.6,0.2426991814082666,0.26711592722176136
14,0.3,40.0,0.62,0.2479623398629642,0.26711592722176136
14,0.3,40.0,0.64,0.2450520969362537,0.26711592722176136
14,0.3,40.0,0.66,0.248815866464779,0.26711592722176136
14,0.3,40.0,0.68,0.2472595494761708,0.26711592722176136
14,0.3,40.0,0.7000000000000001,0.2499350430174992,0.26711592722176136
14,0.3,40.0,0.72,0.2546043525271001,0.26711592722176136
14,0.3,40.0,0.74,0.2505964873491529,0.26711592722176136
14,0.3,50.0,0.0,0.3344736385006352,0.28172895912251056
14,0.3,50.0,0.02,0.334930813303159,0.28172895912251056
14,0.3,50.0,0.04,0.34559667161773,0.28172895912251056
14,0.3,50.0,0.06,0.3348931739137705,0.28172895912251056
14,0.3,50.0,0.08,0.3410225506619125,0.28172895912251056
14,0.3,50.0,0.1,0.3487820713744525,0.28172895912251056
14,0.3,50.0,0.12,0.3286056231690401,0.28172895912251056
14,0.3,50.0,0.14,0.3108971738370484,0.28172895912251056
14,0.3,50.0,0.16,0.3096578463034536,0.28172895912251056
14,0.3,50.0,0.18,0.3096479516324156,0.28172895912251056
14,0.3,50.0,0.2,0.3085360160978551,0.28172895912251056
14,0.3,50.0,0.22,0.307241432563168,0.28172895912251056
14,0.3,50.0,0.24,0.3038940176582685,0.28172895912251056
14,0.3,50.0,0.26,0.2990688732011209,0.28172895912251056
14,0.3,50.0,0.28,0.295065477354864,0.28172895912251056
14,0.3,50.0,0.3,0.2936334403148932,0.28172895912251056
14,0.3,50.0,0.32,0.2913119974622375,0.28172895912251056
14,0.3,50.0,0.34,0.2886712059383095,0.28172895912251056
14,0.3,50.0,0.36,0.2889565829035602,0.28172895912251056
14,0.3,50.0,0.38,0.2926698712346552,0.28172895912251056
14,0.3,50.0,0.4,0.293735232893929,0.28172895912251056
14,0.3,50.0,0.42,0.2935502121892046,0.28172895912251056
14,0.3,50.0,0.44,0.2928871957163595,0.28172895912251056
14,0.3,50.0,0.46,0.292380011632908,0.28172895912251056
14,0.3,50.0,0.48,0.2951184567127635,0.28172895912251056
14,0.3,50.0,0.5,0.296726090389437,0.28172895912251056
14,0.3,50.0,0.52,0.2964633740575829,0.28172895912251056
14,0.3,50.0,0.54,0.3010026078184405,0.28172895912251056
14,0.3,50.0,0.56,0.3018756416043737,0.28172895912251056
14,0.3,50.0,0.58,0.3039466314788825,0.28172895912251056
14,0.3,50.0,0.6,0.3026385008895646,0.28172895912251056
14,0.3,50.0,0.62,0.3040590880734291,0.28172895912251056
14,0.3,50.0,0.64,0.3060310460528325,0.28172895912251056
14,0.3,50.0,0.66,0.3046264593526222,0.28172895912251056
14,0.3,50.0,0.68,0.30759793802761,0.28172895912251056
14,0.3,50.0,0.7000000000000001,0.3084529798532847,0.28172895912251056
14,0.3,50.0,0.72,0.3080377136310538,0.28172895912251056
14,0.3,50.0,0.74,0.3077811828674105,0.28172895912251056
14,0.3,100.0,0.0,0.3592101283887238,0.29849215875881724
14,0.3,100.0,0.02,0.3355166773276097,0.29849215875881724
14,0.3,100.0,0.04,0.3246276298479196,0.29849215875881724
14,0.3,100.0,0.06,0.3205101901268932,0.29849215875881724
14,0.3,100.0,0.08,0.2986046308796088,0.29849215875881724
14,0.3,100.0,0.1,0.2852900453520975,0.29849215875881724
14,0.3,100.0,0.12,0.2715877241940744,0.29849215875881724
14,0.3,100.0,0.14,0.2606722039086362,0.29849215875881724
14,0.3,100.0,0.16,0.2579883672536223,0.29849215875881724
14,0.3,100.0,0.18,0.2555277812912224,0.29849215875881724
14,0.3,100.0,0.2,0.2662924389882151,0.29849215875881724
14,0.3,100.0,0.22,0.2663511426279411,0.29849215875881724
14,0.3,100.0,0.24,0.2745961846234009,0.29849215875881724
14,0.3,100.0,0.26,0.2803001730921503,0.29849215875881724
14,0.3,100.0,0.28,0.2795796862798702,0.29849215875881724
14,0.3,100.0,0.3,0.2792709070709067,0.29849215875881724
14,0.3,100.0,0.32,0.2792917924385332,0.29849215875881724
14,0.3,100.0,0.34,0.2792498648854721,0.29849215875881724
14,0.3,100.0,0.36,0.2792430947615039,0.29849215875881724
14,0.3,100.0,0.38,0.2802884902164563,0.29849215875881724
14,0.3,100.0,0.4,0.282482801464224,0.29849215875881724
14,0.3,100.0,0.42,0.2783585150026416,0.29849215875881724
14,0.3,100.0,0.44,0.274063296026813,0.29849215875881724
14,0.3,100.0,0.46,0.2740430308979922,0.29849215875881724
14,0.3,100.0,0.48,0.2736336175677508,0.29849215875881724
14,0.3,100.0,0.5,0.2733658003484266,0.29849215875881724
14,0.3,100.0,0.52,0.2732312515992699,0.29849215875881724
14,0.3,100.0,0.54,0.2731977783944155,0.29849215875881724
14,0.3,100.0,0.56,0.2767085330600212,0.29849215875881724
14,0.3,100.0,0.58,0.2857432205494918,0.29849215875881724
14,0.3,100.0,0.6,0.2946219333871712,0.29849215875881724
14,0.3,100.0,0.62,0.315779864314918,0.29849215875881724
14,0.3,100.0,0.64,0.3176960822270191,0.29849215875881724
14,0.3,100.0,0.66,0.3227294493040568,0.29849215875881724
14,0.3,100.0,0.68,0.3128046328054327,0.29849215875881724
14,0.3,100.0,0.7000000000000001,0.3057851489114355,0.29849215875881724
14,0.3,100.0,0.72,0.296916282213867,0.29849215875881724
14,0.3,100.0,0.74,0.2952504521101636,0.29849215875881724
10,0.11,0.0,0.0,0.4434304951014148,0.40606825498545496
10,0.11,0.0,0.02,0.4138803129753697,0.40606825498545496
10,0.11,0.0,0.04,0.4132841953970962,0.40606825498545496
10,0.11,0.0,0.06,0.4093806577905523,0.40606825498545496
10,0.11,0.0,0.08,0.4061908102262789,0.40606825498545496
10,0.11,0.0,0.1,0.4138645562238062,0.40606825498545496
10,0.11,0.0,0.12,0.4118839588756274,0.40606825498545496
10,0.11,0.0,0.14,0.4126396083304273,0.40606825498545496
10,0.11,0.0,0.16,0.4090658307201509,0.40606825498545496
10,0.11,0.0,0.18,0.4062302069983139,0.40606825498545496
10,0.11,0.0,0.2,0.4085477516254138,0.40606825498545496
10,0.11,0.0,0.22,0.4137606338511874,0.40606825498545496
10,0.11,0.0,0.24,0.4125389230805837,0.40606825498545496
10,0.11,0.0,0.26,0.4125419811898832,0.40606825498545496
10,0.11,0.0,0.28,0.4169980344358308,0.40606825498545496
10,0.11,0.0,0.3,0.4177123359314887,0.40606825498545496
10,0.11,0.0,0.32,0.4166872378514411,0.40606825498545496
10,0.11,0.0,0.34,0.4173395501693169,0.40606825498545496
10,0.11,0.0,0.36,0.4163510154242011,0.40606825498545496
10,0.11,0.0,0.38,0.4174936383913952,0.40606825498545496
10,0.11,0.0,0.4,0.4174198130101822,0.40606825498545496
10,0.11,0.0,0.42,0.4176193898495944,0.40606825498545496
10,0.11,0.0,0.44,0.420070820700219,0.40606825498545496
10,0.11,0.0,0.46,0.4181549758911378,0.40606825498545496
10,0.11,0.0,0.48,0.414872553366759,0.40606825498545496
10,0.11,0.0,0.5,0.41573385581348,0.40606825498545496
10,0.11,0.0,0.52,0.4192869949098564,0.40606825498545496
10,0.11,0.0,0.54,0.4203763914570795,0.40606825498545496
10,0.11,0.0,0.56,0.4219792796929921,0.40606825498545496
10,0.11,0.0,0.58,0.4236081316148984,0.40606825498545496
10,0.11,0.0,0.6,0.4131456211091706,0.40606825498545496
10,0.11,0.0,0.62,0.4099626459990972,0.40606825498545496
10,0.11,0.0,0.64,0.4110277027505516,0.40606825498545496
10,0.11,0.0,0.66,0.4133971393382141,0.40606825498545496
10,0.11,0.0,0.68,0.4172300939113111,0.40606825498545496
10,0.11,0.0,0.7000000000000001,0.4183959399717811,0.40606825498545496
10,0.11,0.0,0.72,0.4201314153727936,0.40606825498545496
10,0.11,0.0,0.74,0.4135674845741681,0.40606825498545496
10,0.11,5.0,0.0,0.4581873506375208,0.3994467862203017
10,0.11,5.0,0.02,0.4202922821957662,0.3994467862203017
10,0.11,5.0,0.04,0.4090468181355415,0.3994467862203017
10,0.11,5.0,0.06,0.4010876014800847,0.3994467862203017
10,0.11,5.0,0.08,0.4093887673921725,0.3994467862203017
10,0.11,5.0,0.1,0.4244992199561742,0.3994467862203017
10,0.11,5.0,0.12,0.438096848950087,0.3994467862203017
10,0.11,5.0,0.14,0.4460196337671964,0.3994467862203017
10,0.11,5.0,0.16,0.4347980607483971,0.3994467862203017
10,0.11,5.0,0.18,0.4262634148569381,0.3994467862203017
10,0.11,5.0,0.2,0.428018345451592,0.3994467862203017
10,0.11,5.0,0.22,0.4289589005456515,0.3994467862203017
10,0.11,5.0,0.24,0.4258323305387695,0.3994467862203017
10,0.11,5.0,0.26,0.4192760951741489,0.3994467862203017
10,0.11,5.0,0.28,0.4254341226298958,0.3994467862203017
10,0.11,5.0,0.3,0.4245569624791936,0.3994467862203017
10,0.11,5.0,0.32,0.42354824889568,0.3994467862203017
10,0.11,5.0,0.34,0.4218695379590561,0.3994467862203017
10,0.11,5.0,0.36,0.4233459872589921,0.3994467862203017
10,0.11,5.0,0.38,0.439037642719727,0.3994467862203017
10,0.11,5.0,0.4,0.4259481993928923,0.3994467862203017
10,0.11,5.0,0.42,0.4197348269034804,0.3994467862203017
10,0.11,5.0,0.44,0.4107419277767563,0.3994467862203017
10,0.11,5.0,0.46,0.4092192142436399,0.3994467862203017
10,0.11,5.0,0.48,0.4099410454826604,0.3994467862203017
10,0.11,5.0,0.5,0.4195740725241251,0.3994467862203017
10,0.11,5.0,0.52,0.4204435278074002,0.3994467862203017
10,0.11,5.0,0.54,0.4116551345877343,0.3994467862203017
10,0.11,5.0,0.56,0.4078553666506336,0.3994467862203017
10,0.11,5.0,0.58,0.4035112058877265,0.3994467862203017
10,0.11,5.0,0.6,0.3975093113054293,0.3994467862203017
10,0.11,5.0,0.62,0.387782070573207,0.3994467862203017
10,0.11,5.0,0.64,0.3788498441031225,0.3994467862203017
10,0.11,5.0,0.66,0.3698375430566762,0.3994467862203017
10,0.11,5.0,0.68,0.3815210296111294,0.3994467862203017
10,0.11,5.0,0.7000000000000001,0.3830077188065627,0.3994467862203017
10,0.11,5.0,0.72,0.3759198365170975,0.3994467862203017
10,0.11,5.0,0.74,0.3742544925462375,0.3994467862203017
10,0.11,10.0,0.0,0.4531377003304571,0.41259415737444405
10,0.11,10.0,0.02,0.4351519862972085,0.41259415737444405
10,0.11,10.0,0.04,0.4459864549632404,0.41259415737444405
10,0.11,10.0,0.06,0.4460862304691004,0.41259415737444405
10,0.11,10.0,0.08,0.4357220889398573,0.41259415737444405
10,0.11,10.0,0.1,0.436321882199004,0.41259415737444405
10,0.11,10.0,0.12,0.4312246715810355,0.41259415737444405
10,0.11,10.0,0.14,0.4194907389973484,0.41259415737444405
10,0.11,10.0,0.16,0.4284108214832045,0.41259415737444405
10,0.11,10.0,0.18,0.4262099522625868,0.41259415737444405
10,0.11,10.0,0.2,0.4391417187002532,0.41259415737444405
10,0.11,10.0,0.22,0.4352638854692219,0.41259415737444405
10,0.11,10.0,0.24,0.4203022394390462,0.41259415737444405
10,0.11,10.0,0.26,0.4226378588722106,0.41259415737444405
10,0.11,10.0,0.28,0.4124903134172367,0.41259415737444405
10,0.11,10.0,0.3,0.4168628658753157,0.41259415737444405
10,0.11,10.0,0.32,0.4138118568516482,0.41259415737444405
10,0.11,10.0,0.34,0.4271985437899804,0.41259415737444405
10,0.11,10.0,0.36,0.4257114383866321,0.41259415737444405
10,0.11,10.0,0.38,0.4273038383396852,0.41259415737444405
10,0.11,10.0,0.4,0.4234824620055718,0.41259415737444405
10,0.11,10.0,0.42,0.4179002660557684,0.41259415737444405
10,0.11,10.0,0.44,0.4093066704681433,0.41259415737444405
10,0.11,10.0,0.46,0.4220854313610377,0.41259415737444405
10,0.11,10.0,0.48,0.4232186620349253,0.41259415737444405
10,0.11,10.0,0.5,0.4113295987906132,0.41259415737444405
10,0.11,10.0,0.52,0.4053844987817988,0.41259415737444405
10,0.11,10.0,0.54,0.4031786797174009,0.41259415737444405
10,0.11,10.0,0.56,0.3999946333144109,0.41259415737444405
10,0.11,10.0,0.58,0.3931683806935944,0.41259415737444405
10,0.11,10.0,0.6,0.3905680139593374,0.41259415737444405
10,0.11,10.0,0.62,0.3865545018240642,0.41259415737444405
10,0.11,10.0,0.64,0.3926649889907624,0.41259415737444405
10,0.11,10.0,0.66,0.3906339123565317,0.41259415737444405
10,0.11,10.0,0.68,0.404194405903742,0.41259415737444405
10,0.11,10.0,0.7000000000000001,0.4074919084977815,0.41259415737444405
10,0.11,10.0,0.72,0.4152245992373952,0.41259415737444405
10,0.11,10.0,0.74,0.4044173037267964,0.41259415737444405
10,0.11,15.0,0.0,0.422581133399852,0.39789052130102603
10,0.11,15.0,0.02,0.43731905077916,0.39789052130102603
10,0.11,15.0,0.04,0.4372752136785757,0.39789052130102603
10,0.11,15.0,0.06,0.428027550763186,0.39789052130102603
10,0.11,15.0,0.08,0.4269927629570657,0.39789052130102603
10,0.11,15.0,0.1,0.4229000025483804,0.39789052130102603
10,0.11,15.0,0.12,0.4201954968059199,0.39789052130102603
10,0.11,15.0,0.14,0.4286361711979811,0.39789052130102603
10,0.11,15.0,0.16,0.4313873816267499,0.39789052130102603
10,0.11,15.0,0.18,0.4256724724829938,0.39789052130102603
10,0.11,15.0,0.2,0.4201110518342208,0.39789052130102603
10,0.11,15.0,0.22,0.4166158978180564,0.39789052130102603
10,0.11,15.0,0.24,0.4091525489997913,0.39789052130102603
10,0.11,15.0,0.26,0.4063221675190304,0.39789052130102603
10,0.11,15.0,0.28,0.4023429875662029,0.39789052130102603
10,0.11,15.0,0.3,0.3944369010415336,0.39789052130102603
10,0.11,15.0,0.32,0.4036795606379205,0.39789052130102603
10,0.11,15.0,0.34,0.4048588594917342,0.39789052130102603
10,0.11,15.0,0.36,0.4078803976517136,0.39789052130102603
10,0.11,15.0,0.38,0.4124883805167235,0.39789052130102603
10,0.11,15.0,0.4,0.4025967322988475,0.39789052130102603
10,0.11,15.0,0.42,0.4054556580397633,0.39789052130102603
10,0.11,15.0,0.44,0.4049045851729831,0.39789052130102603
10,0.11,15.0,0.46,0.4036264180711405,0.39789052130102603
10,0.11,15.0,0.48,0.4004175071823832,0.39789052130102603
10,0.11,15.0,0.5,0.3943760948723621,0.39789052130102603
10,0.11,15.0,0.52,0.3907482782222363,0.39789052130102603
10,0.11,15.0,0.54,0.3907097730680599,0.39789052130102603
10,0.11,15.0,0.56,0.3913722867471069,0.39789052130102603
10,0.11,15.0,0.58,0.3876283785456518,0.39789052130102603
10,0.11,15.0,0.6,0.3869835740129339,0.39789052130102603
10,0.11,15.0,0.62,0.3894226956436003,0.39789052130102603
10,0.11,15.0,0.64,0.3868703246856992,0.39789052130102603
10,0.11,15.0,0.66,0.3718649697086571,0.39789052130102603
10,0.11,15.0,0.68,0.3591709565785436,0.39789052130102603
10,0.11,15.0,0.7000000000000001,0.3693480048040126,0.39789052130102603
10,0.11,15.0,0.72,0.3706539639702847,0.39789052130102603
10,0.11,15.0,0.74,0.3711310746655609,0.39789052130102603
10,0.11,20.0,0.0,0.4394156076400135,0.42167154619411357
10,0.11,20.0,0.02,0.4128559857421958,0.42167154619411357
10,0.11,20.0,0.04,0.4190865984129619,0.42167154619411357
10,0.11,20.0,0.06,0.4127530012677135,0.42167154619411357
10,0.11,20.0,0.08,0.4080096010503985,0.42167154619411357
10,0.11,20.0,0.1,0.4018491105254606,0.42167154619411357
10,0.11,20.0,0.12,0.4106361711487369,0.42167154619411357
10,0.11,20.0,0.14,0.4103609109359938,0.42167154619411357
10,0.11,20.0,0.16,0.3983102900988326,0.42167154619411357
10,0.11,20.0,0.18,0.3926633368538587,0.42167154619411357
10,0.11,20.0,0.2,0.3890629406563769,0.42167154619411357
10,0.11,20.0,0.22,0.3913570750087617,0.42167154619411357
10,0.11,20.0,0.24,0.3713097235983078,0.42167154619411357
10,0.11,20.0,0.26,0.3738354446395678,0.42167154619411357
10,0.11,20.0,0.28,0.3851875581304076,0.42167154619411357
10,0.11,20.0,0.3,0.3793953096464342,0.42167154619411357
10,0.11,20.0,0.32,0.3711563148939877,0.42167154619411357
10,0.11,20.0,0.34,0.3780497966496042,0.42167154619411357
10,0.11,20.0,0.36,0.3868450206018746,0.42167154619411357
10,0.11,20.0,0.38,0.3808488690184937,0.42167154619411357
10,0.11,20.0,0.4,0.3815454702396221,0.42167154619411357
10,0.11,20.0,0.42,0.3850459593672383,0.42167154619411357
10,0.11,20.0,0.44,0.3796024721964884,0.42167154619411357
10,0.11,20.0,0.46,0.379013236056501,0.42167154619411357
10,0.11,20.0,0.48,0.374969523646418,0.42167154619411357
10,0.11,20.0,0.5,0.3781856191095793,0.42167154619411357
10,0.11,20.0,0.52,0.3815180188161841,0.42167154619411357
10,0.11,20.0,0.54,0.3892653145487607,0.42167154619411357
10,0.11,20.0,0.56,0.394373056704403,0.42167154619411357
10,0.11,20.0,0.58,0.3910524513664227,0.42167154619411357
10,0.11,20.0,0.6,0.3896336387978181,0.42167154619411357
10,0.11,20.0,0.62,0.3806359604590557,0.42167154619411357
10,0.11,20.0,0.64,0.3724836679964586,0.42167154619411357
10,0.11,20.0,0.66,0.3670921268253202,0.42167154619411357
10,0.11,20.0,0.68,0.364945969478758,0.42167154619411357
10,0.11,20.0,0.7000000000000001,0.3785146521946615,0.42167154619411357
10,0.11,20.0,0.72,0.3699702280767982,0.42167154619411357
10,0.11,20.0,0.74,0.3655309914019552,0.42167154619411357
10,0.11,25.0,0.0,0.463300504751872,0.42182077670018386
10,0.11,25.0,0.02,0.45598790438424,0.42182077670018386
10,0.11,25.0,0.04,0.4440777851031899,0.42182077670018386
10,0.11,25.0,0.06,0.4283098098673514,0.42182077670018386
10,0.11,25.0,0.08,0.4324899295623901,0.42182077670018386
10,0.11,25.0,0.1,0.4456124235683256,0.42182077670018386
10,0.11,25.0,0.12,0.4359499508189154,0.42182077670018386
10,0.11,25.0,0.14,0.4482930117461682,0.42182077670018386
10,0.11,25.0,0.16,0.4488962068439077,0.42182077670018386
10,0.11,25.0,0.18,0.441633730098991,0.42182077670018386
10,0.11,25.0,0.2,0.4463900515326875,0.42182077670018386
10,0.11,25.0,0.22,0.4449505113328796,0.42182077670018386
10,0.11,25.0,0.24,0.4555150333802671,0.42182077670018386
10,0.11,25.0,0.26,0.4414212715776877,0.42182077670018386
10,0.11,25.0,0.28,0.4302152835769791,0.42182077670018386
10,0.11,25.0,0.3,0.4403079686701389,0.42182077670018386
10,0.11,25.0,0.32,0.4424347488201779,0.42182077670018386
10,0.11,25.0,0.34,0.4265363781273303,0.42182077670018386
10,0.11,25.0,0.36,0.4264166489806463,0.42182077670018386
10,0.11,25.0,0.38,0.4320739148036451,0.42182077670018386
10,0.11,25.0,0.4,0.4264899831070911,0.42182077670018386
10,0.11,25.0,0.42,0.4186928800258676,0.42182077670018386
10,0.11,25.0,0.44,0.4214632073929919,0.42182077670018386
10,0.11,25.0,0.46,0.4183319370515759,0.42182077670018386
10,0.11,25.0,0.48,0.418849431667891,0.42182077670018386
10,0.11,25.0,0.5,0.4178940069179049,0.42182077670018386
10,0.11,25.0,0.52,0.4121169831697598,0.42182077670018386
10,0.11,25.0,0.54,0.4036827855205985,0.42182077670018386
10,0.11,25.0,0.56,0.3938752006444009,0.42182077670018386
10,0.11,25.0,0.58,0.3990449121224411,0.42182077670018386
10,0.11,25.0,0.6,0.3999854469219812,0.42182077670018386
10,0.11,25.0,0.62,0.4007574853165955,0.42182077670018386
10,0.11,25.0,0.64,0.4114259540080988,0.42182077670018386
10,0.11,25.0,0.66,0.4151013849644492,0.42182077670018386
10,0.11,25.0,0.68,0.4092937703675906,0.42182077670018386
10,0.11,25.0,0.7000000000000001,0.410747949895603,0.42182077670018386
10,0.11,25.0,0.72,0.4024820656031492,0.42182077670018386
10,0.11,25.0,0.74,0.4030835220467692,0.42182077670018386
10,0.11,30.0,0.0,0.4508614681347517,0.41160415557583674
10,0.11,30.0,0.02,0.439371537489252,0.41160415557583674
10,0.11,30.0,0.04,0.4401855585526334,0.41160415557583674
10,0.11,30.0,0.06,0.4467109382632475,0.41160415557583674
10,0.11,30.0,0.08,0.4499874437504705,0.41160415557583674
10,0.11,30.0,0.1,0.4427554491826864,0.41160415557583674
10,0.11,30.0,0.12,0.4460625418252235,0.41160415557583674
10,0.11,30.0,0.14,0.4366173393093696,0.41160415557583674
10,0.11,30.0,0.16,0.4341802449607093,0.41160415557583674
10,0.11,30.0,0.18,0.4368585259089147,0.41160415557583674
10,0.11,30.0,0.2,0.436864557976308,0.41160415557583674
10,0.11,30.0,0.22,0.4334130922124635,0.41160415557583674
10,0.11,30.0,0.24,0.43538822929462,0.41160415557583674
10,0.11,30.0,0.26,0.4330266175838659,0.41160415557583674
10,0.11,30.0,0.28,0.4349580599122106,0.41160415557583674
10,0.11,30.0,0.3,0.4273474964841349,0.41160415557583674
10,0.11,30.0,0.32,0.4171730136800985,0.41160415557583674
10,0.11,30.0,0.34,0.4263293970135339,0.41160415557583674
10,0.11,30.0,0.36,0.4346439093415531,0.41160415557583674
10,0.11,30.0,0.38,0.4285445981720648,0.41160415557583674
10,0.11,30.0,0.4,0.4211834773125962,0.41160415557583674
10,0.11,30.0,0.42,0.4140982126726427,0.41160415557583674
10,0.11,30.0,0.44,0.4059010482862301,0.41160415557583674
10,0.11,30.0,0.46,0.4037869183677833,0.41160415557583674
10,0.11,30.0,0.48,0.4032508817968566,0.41160415557583674
10,0.11,30.0,0.5,0.4025356649661004,0.41160415557583674
10,0.11,30.0,0.52,0.4024930143840798,0.41160415557583674
10,0.11,30.0,0.54,0.4024317130018052,0.41160415557583674
10,0.11,30.0,0.56,0.4024130644145272,0.41160415557583674
10,0.11,30.0,0.58,0.402390442323637,0.41160415557583674
10,0.11,30.0,0.6,0.4023360537377308,0.41160415557583674
10,0.11,30.0,0.62,0.4023702797141348,0.41160415557583674
10,0.11,30.0,0.64,0.4024038887052341,0.41160415557583674
10,0.11,30.0,0.66,0.4024548613888903,0.41160415557583674
10,0.11,30.0,0.68,0.4024915355754773,0.41160415557583674
10,0.11,30.0,0.7000000000000001,0.4016609338538233,0.41160415557583674
10,0.11,30.0,0.72,0.4017974498726288,0.41160415557583674
10,0.11,30.0,0.74,0.4020418883806079,0.41160415557583674
10,0.11,40.0,0.0,0.4143929561749706,0.42984821374698656
10,0.11,40.0,0.02,0.4017316621580327,0.42984821374698656
10,0.11,40.0,0.04,0.4031714582178433,0.42984821374698656
10,0.11,40.0,0.06,0.3949474736770377,0.42984821374698656
10,0.11,40.0,0.08,0.3981847539359858,0.42984821374698656
10,0.11,40.0,0.1,0.4033999687737175,0.42984821374698656
10,0.11,40.0,0.12,0.4128985341111758,0.42984821374698656
10,0.11,40.0,0.14,0.4283376784946891,0.42984821374698656
10,0.11,40.0,0.16,0.4197324269457786,0.42984821374698656
10,0.11,40.0,0.18,0.440862047524624,0.42984821374698656
10,0.11,40.0,0.2,0.4470902934755424,0.42984821374698656
10,0.11,40.0,0.22,0.4530640680290657,0.42984821374698656
10,0.11,40.0,0.24,0.4571809667580334,0.42984821374698656
10,0.11,40.0,0.26,0.4617607731189492,0.42984821374698656
10,0.11,40.0,0.28,0.4478712792747017,0.42984821374698656
10,0.11,40.0,0.3,0.4376425551252142,0.42984821374698656
10,0.11,40.0,0.32,0.4318359043878066,0.42984821374698656
10,0.11,40.0,0.34,0.4474184910578463,0.42984821374698656
10,0.11,40.0,0.36,0.4418508498398431,0.42984821374698656
10,0.11,40.0,0.38,0.443830490114016,0.42984821374698656
10,0.11,40.0,0.4,0.4363871389135775,0.42984821374698656
10,0.11,40.0,0.42,0.4290571038601171,0.42984821374698656
10,0.11,40.0,0.44,0.4199686188288342,0.42984821374698656
10,0.11,40.0,0.46,0.4162619424660363,0.42984821374698656
10,0.11,40.0,0.48,0.4373468150179446,0.42984821374698656
10,0.11,40.0,0.5,0.4445443778160667,0.42984821374698656
10,0.11,40.0,0.52,0.4565597343371863,0.42984821374698656
10,0.11,40.0,0.54,0.4429514006912657,0.42984821374698656
10,0.11,40.0,0.56,0.4301191121274045,0.42984821374698656
10,0.11,40.0,0.58,0.4196231742106797,0.42984821374698656
10,0.11,40.0,0.6,0.4174338639578236,0.42984821374698656
10,0.11,40.0,0.62,0.4195175054647144,0.42984821374698656
10,0.11,40.0,0.64,0.4058412499756753,0.42984821374698656
10,0.11,40.0,0.66,0.4062324547577623,0.42984821374698656
10,0.11,40.0,0.68,0.4073374255819851,0.42984821374698656
10,0.11,40.0,0.7000000000000001,0.4009203018334669,0.42984821374698656
10,0.11,40.0,0.72,0.4159549254065809,0.42984821374698656
10,0.11,40.0,0.74,0.4233771058465176,0.42984821374698656
10,0.11,50.0,0.0,0.4270690566015119,0.44288448215067544
10,0.11,50.0,0.02,0.4383230682221706,0.44288448215067544
10,0.11,50.0,0.04,0.4231966918067503,0.44288448215067544
10,0.11,50.0,0.06,0.4352721215098743,0.44288448215067544
10,0.11,50.0,0.08,0.4401275128417599,0.44288448215067544
10,0.11,50.0,0.1,0.4599271136119442,0.44288448215067544
10,0.11,50.0,0.12,0.458980076547093,0.44288448215067544
10,0.11,50.0,0.14,0.4682084875358684,0.44288448215067544
10,0.11,50.0,0.16,0.4967688259202391,0.44288448215067544
10,0.11,50.0,0.18,0.4867701774501065,0.44288448215067544
10,0.11,50.0,0.2,0.4732676743639398,0.44288448215067544
10,0.11,50.0,0.22,0.4511508306107807,0.44288448215067544
10,0.11,50.0,0.24,0.4711607190421799,0.44288448215067544
10,0.11,50.0,0.26,0.4700867497913606,0.44288448215067544
10,0.11,50.0,0.28,0.4705520695440339,0.44288448215067544
10,0.11,50.0,0.3,0.4589914545995912,0.44288448215067544
10,0.11,50.0,0.32,0.4547843897900054,0.44288448215067544
10,0.11,50.0,0.34,0.451472778648351,0.44288448215067544
10,0.11,50.0,0.36,0.4538780638382063,0.44288448215067544
10,0.11,50.0,0.38,0.450940912874841,0.44288448215067544
10,0.11,50.0,0.4,0.458070438194716,0.44288448215067544
10,0.11,50.0,0.42,0.4644514809601859,0.44288448215067544
10,0.11,50.0,0.44,0.458757361728547,0.44288448215067544
10,0.11,50.0,0.46,0.4568336500693948,0.44288448215067544
10,0.11,50.0,0.48,0.456909611502697,0.44288448215067544
10,0.11,50.0,0.5,0.458509351445214,0.44288448215067544
10,0.11,50.0,0.52,0.4603293038743336,0.44288448215067544
10,0.11,50.0,0.54,0.4590111315579187,0.44288448215067544
10,0.11,50.0,0.56,0.465092374812085,0.44288448215067544
10,0.11,50.0,0.58,0.4929216457920743,0.44288448215067544
10,0.11,50.0,0.6,0.4607845396674978,0.44288448215067544
10,0.11,50.0,0.62,0.4627979455499407,0.44288448215067544
10,0.11,50.0,0.64,0.4653306176012708,0.44288448215067544
10,0.11,50.0,0.66,0.4618160294463279,0.44288448215067544
10,0.11,50.0,0.68,0.4683242493993195,0.44288448215067544
10,0.11,50.0,0.7000000000000001,0.4618409291538177,0.44288448215067544
10,0.11,50.0,0.72,0.4563471864050301,0.44288448215067544
10,0.11,50.0,0.74,0.4563857990933691,0.44288448215067544
10,0.11,100.0,0.0,0.4406745552199242,0.4493844434989687
10,0.11,100.0,0.02,0.4368681676394283,0.4493844434989687
10,0.11,100.0,0.04,0.4312208638631409,0.4493844434989687
10,0.11,100.0,0.06,0.4468535034527794,0.4493844434989687
10,0.11,100.0,0.08,0.4378160379354019,0.4493844434989687
10,0.11,100.0,0.1,0.4466849388077533,0.4493844434989687
10,0.11,100.0,0.12,0.4496507429820195,0.4493844434989687
10,0.11,100.0,0.14,0.4606524807188205,0.4493844434989687
10,0.11,100.0,0.16,0.4637875637433721,0.4493844434989687
10,0.11,100.0,0.18,0.4621564121213928,0.4493844434989687
10,0.11,100.0,0.2,0.4628974752422935,0.4493844434989687
10,0.11,100.0,0.22,0.4677033129380782,0.4493844434989687
10,0.11,100.0,0.24,0.4633430156088199,0.4493844434989687
10,0.11,100.0,0.26,0.469897539212817,0.4493844434989687
10,0.11,100.0,0.28,0.4686512761159846,0.4493844434989687
10,0.11,100.0,0.3,0.4543956850254941,0.4493844434989687
10,0.11,100.0,0.32,0.4567805505279881,0.4493844434989687
10,0.11,100.0,0.34,0.4658246277387062,0.4493844434989687
10,0.11,100.0,0.36,0.4738278851147072,0.4493844434989687
10,0.11,100.0,0.38,0.4653679706878359,0.4493844434989687
10,0.11,100.0,0.4,0.4740115981802129,0.4493844434989687
10,0.11,100.0,0.42,0.4552016818052676,0.4493844434989687
10,0.11,100.0,0.44,0.4600394262143017,0.4493844434989687
10,0.11,100.0,0.46,0.4571469071677484,0.4493844434989687
10,0.11,100.0,0.48,0.4662362734926316,0.4493844434989687
10,0.11,100.0,0.5,0.465436840416352,0.4493844434989687
10,0.11,100.0,0.52,0.4663119169522982,0.4493844434989687
10,0.11,100.0,0.54,0.4629219152260919,0.4493844434989687
10,0.11,100.0,0.56,0.4597705599326679,0.4493844434989687
10,0.11,100.0,0.58,0.4629154426052209,0.4493844434989687
10,0.11,100.0,0.6,0.4496303477852816,0.4493844434989687
10,0.11,100.0,0.62,0.4594693366073776,0.4493844434989687
10,0.11,100.0,0.64,0.4560932968263692,0.4493844434989687
10,0.11,100.0,0.66,0.4555129432285651,0.4493844434989687
10,0.11,100.0,0.68,0.4582446556482897,0.4493844434989687
10,0.11,100.0,0.7000000000000001,0.4635803324433927,0.4493844434989687
10,0.11,100.0,0.72,0.4688019718173365,0.4493844434989687
10,0.11,100.0,0.74,0.4699253919377577,0.4493844434989687
11,0.11,0.0,0.0,0.4701169754815129,0.40606825498545496
11,0.11,0.0,0.02,0.4389869352465874,0.40606825498545496
11,0.11,0.0,0.04,0.4274668506932408,0.40606825498545496
11,0.11,0.0,0.06,0.4193348586176676,0.40606825498545496
11,0.11,0.0,0.08,0.4151211594796867,0.40606825498545496
11,0.11,0.0,0.1,0.4189360156891805,0.40606825498545496
11,0.11,0.0,0.12,0.4171152662874695,0.40606825498545496
11,0.11,0.0,0.14,0.4046943000199716,0.40606825498545496
11,0.11,0.0,0.16,0.4264739890499863,0.40606825498545496
11,0.11,0.0,0.18,0.4258028648918238,0.40606825498545496
11,0.11,0.0,0.2,0.4115115222034461,0.40606825498545496
11,0.11,0.0,0.22,0.4183535097320739,0.40606825498545496
11,0.11,0.0,0.24,0.4073622165051762,0.40606825498545496
11,0.11,0.0,0.26,0.3940714007994066,0.40606825498545496
11,0.11,0.0,0.28,0.4131395137755825,0.40606825498545496
11,0.11,0.0,0.3,0.4192990626665917,0.40606825498545496
11,0.11,0.0,0.32,0.4095378999401635,0.40606825498545496
11,0.11,0.0,0.34,0.4179290853398765,0.40606825498545496
11,0.11,0.0,0.36,0.4261544670189939,0.40606825498545496
11,0.11,0.0,0.38,0.4118664268045648,0.40606825498545496
11,0.11,0.0,0.4,0.4005864227175732,0.40606825498545496
11,0.11,0.0,0.42,0.4061298535111298,0.40606825498545496
11,0.11,0.0,0.44,0.4070989955115026,0.40606825498545496
11,0.11,0.0,0.46,0.4071627486175488,0.40606825498545496
11,0.11,0.0,0.48,0.398524672845271,0.40606825498545496
11,0.11,0.0,0.5,0.4027320927721014,0.40606825498545496
11,0.11,0.0,0.52,0.4116952496224306,0.40606825498545496
11,0.11,0.0,0.54,0.4112350085663001,0.40606825498545496
11,0.11,0.0,0.56,0.4118547785808647,0.40606825498545496
11,0.11,0.0,0.58,0.4134095394397235,0.40606825498545496
11,0.11,0.0,0.6,0.4122892714644414,0.40606825498545496
11,0.11,0.0,0.62,0.4228796089602321,0.40606825498545496
11,0.11,0.0,0.64,0.4172089597025405,0.40606825498545496
11,0.11,0.0,0.66,0.4121459545774213,0.40606825498545496
11,0.11,0.0,0.68,0.4086232374012074,0.40606825498545496
11,0.11,0.0,0.7000000000000001,0.408869642995483,0.40606825498545496
11,0.11,0.0,0.72,0.4121792768636181,0.40606825498545496
11,0.11,0.0,0.74,0.4108710916823229,0.40606825498545496
11,0.11,5.0,0.0,0.4629649336689336,0.3994467862203017
11,0.11,5.0,0.02,0.4160595843753354,0.3994467862203017
11,0.11,5.0,0.04,0.4412776016451887,0.3994467862203017
11,0.11,5.0,0.06,0.4236907494855689,0.3994467862203017
11,0.11,5.0,0.08,0.4211215825718034,0.3994467862203017
11,0.11,5.0,0.1,0.4327535764339112,0.3994467862203017
11,0.11,5.0,0.12,0.4296245817680122,0.3994467862203017
11,0.11,5.0,0.14,0.4179379744242467,0.3994467862203017
11,0.11,5.0,0.16,0.4100729246285333,0.3994467862203017
11,0.11,5.0,0.18,0.4065075897076211,0.3994467862203017
11,0.11,5.0,0.2,0.4042422634113695,0.3994467862203017
11,0.11,5.0,0.22,0.4007228072537162,0.3994467862203017
11,0.11,5.0,0.24,0.3862201981144524,0.3994467862203017
11,0.11,5.0,0.26,0.3867163992097233,0.3994467862203017
11,0.11,5.0,0.28,0.3868022380688203,0.3994467862203017
11,0.11,5.0,0.3,0.3840308293070085,0.3994467862203017
11,0.11,5.0,0.32,0.3878568847026297,0.3994467862203017
11,0.11,5.0,0.34,0.3851537556750034,0.3994467862203017
11,0.11,5.0,0.36,0.3849462169543645,0.3994467862203017
11,0.11,5.0,0.38,0.3929312821678089,0.3994467862203017
11,0.11,5.0,0.4,0.3968469107102788,0.3994467862203017
11,0.11,5.0,0.42,0.4007664988046275,0.3994467862203017
11,0.11,5.0,0.44,0.4101198899679644,0.3994467862203017
11,0.11,5.0,0.46,0.3989936808029345,0.3994467862203017
11,0.11,5.0,0.48,0.3999452462479739,0.3994467862203017
11,0.11,5.0,0.5,0.3954295855844194,0.3994467862203017
11,0.11,5.0,0.52,0.3955377235791036,0.3994467862203017
11,0.11,5.0,0.54,0.384430583613478,0.3994467862203017
11,0.11,5.0,0.56,0.3814223519493681,0.3994467862203017
11,0.11,5.0,0.58,0.3829624384627524,0.3994467862203017
11,0.11,5.0,0.6,0.3765039616357111,0.3994467862203017
11,0.11,5.0,0.62,0.3650142688288433,0.3994467862203017
11,0.11,5.0,0.64,0.3573335410613377,0.3994467862203017
11,0.11,5.0,0.66,0.3562474465554301,0.3994467862203017
11,0.11,5.0,0.68,0.3538517153143031,0.3994467862203017
11,0.11,5.0,0.7000000000000001,0.3589117355449262,0.3994467862203017
11,0.11,5.0,0.72,0.359841961181403,0.3994467862203017
11,0.11,5.0,0.74,0.3601614225804967,0.3994467862203017
11,0.11,10.0,0.0,0.4830502019939986,0.41259415737444405
11,0.11,10.0,0.02,0.465778367424529,0.41259415737444405
11,0.11,10.0,0.04,0.4521510367331871,0.41259415737444405
11,0.11,10.0,0.06,0.4375788649844962,0.41259415737444405
11,0.11,10.0,0.08,0.4191431015511238,0.41259415737444405
11,0.11,10.0,0.1,0.4134009441538948,0.41259415737444405
11,0.11,10.0,0.12,0.4331295143388206,0.41259415737444405
11,0.11,10.0,0.14,0.4434871451038011,0.41259415737444405
11,0.11,10.0,0.16,0.4438210171082293,0.41259415737444405
11,0.11,10.0,0.18,0.4357893411247933,0.41259415737444405
11,0.11,10.0,0.2,0.4295152810329363,0.41259415737444405
11,0.11,10.0,0.22,0.4283730457936151,0.41259415737444405
11,0.11,10.0,0.24,0.4259244763536258,0.41259415737444405
11,0.11,10.0,0.26,0.4224291972866722,0.41259415737444405
11,0.11,10.0,0.28,0.4224837769276828,0.41259415737444405
11,0.11,10.0,0.3,0.4132958046806118,0.41259415737444405
11,0.11,10.0,0.32,0.4077498033212194,0.41259415737444405
11,0.11,10.0,0.34,0.4071109592017767,0.41259415737444405
11,0.11,10.0,0.36,0.4105053526896058,0.41259415737444405
11,0.11,10.0,0.38,0.4101034810344531,0.41259415737444405
11,0.11,10.0,0.4,0.4080339426850985,0.41259415737444405
11,0.11,10.0,0.42,0.409877446997789,0.41259415737444405
11,0.11,10.0,0.44,0.4106739884680833,0.41259415737444405
11,0.11,10.0,0.46,0.4053837543465609,0.41259415737444405
11,0.11,10.0,0.48,0.3998783140475616,0.41259415737444405
11,0.11,10.0,0.5,0.4079496648823335,0.41259415737444405
11,0.11,10.0,0.52,0.4067497967055254,0.41259415737444405
11,0.11,10.0,0.54,0.4051982629074287,0.41259415737444405
11,0.11,10.0,0.56,0.4046060233515997,0.41259415737444405
11,0.11,10.0,0.58,0.3951639248271857,0.41259415737444405
11,0.11,10.0,0.6,0.3905300077016593,0.41259415737444405
11,0.11,10.0,0.62,0.3859402954313972,0.41259415737444405
11,0.11,10.0,0.64,0.3826600214524595,0.41259415737444405
11,0.11,10.0,0.66,0.3791358193984968,0.41259415737444405
11,0.11,10.0,0.68,0.377548907980407,0.41259415737444405
11,0.11,10.0,0.7000000000000001,0.3784825220165353,0.41259415737444405
11,0.11,10.0,0.72,0.3823852751826663,0.41259415737444405
11,0.11,10.0,0.74,0.382695469658222,0.41259415737444405
11,0.11,15.0,0.0,0.4438168371923374,0.39789052130102603
11,0.11,15.0,0.02,0.447894181729753,0.39789052130102603
11,0.11,15.0,0.04,0.4451561062755373,0.39789052130102603
11,0.11,15.0,0.06,0.4576275351662487,0.39789052130102603
11,0.11,15.0,0.08,0.4502171614781399,0.39789052130102603
11,0.11,15.0,0.1,0.4474455555418724,0.39789052130102603
11,0.11,15.0,0.12,0.4294231493143941,0.39789052130102603
11,0.11,15.0,0.14,0.4162985219377427,0.39789052130102603
11,0.11,15.0,0.16,0.4133099460278361,0.39789052130102603
11,0.11,15.0,0.18,0.4051110612927426,0.39789052130102603
11,0.11,15.0,0.2,0.4041463436509295,0.39789052130102603
11,0.11,15.0,0.22,0.4039936755003243,0.39789052130102603
11,0.11,15.0,0.24,0.4099560417342606,0.39789052130102603
11,0.11,15.0,0.26,0.4122237992068344,0.39789052130102603
11,0.11,15.0,0.28,0.4181384909410404,0.39789052130102603
11,0.11,15.0,0.3,0.422396134163905,0.39789052130102603
11,0.11,15.0,0.32,0.4274530751710761,0.39789052130102603
11,0.11,15.0,0.34,0.4319918312519639,0.39789052130102603
11,0.11,15.0,0.36,0.4261557033874619,0.39789052130102603
11,0.11,15.0,0.38,0.4177169668299907,0.39789052130102603
11,0.11,15.0,0.4,0.4098684494075445,0.39789052130102603
11,0.11,15.0,0.42,0.4003907950768809,0.39789052130102603
11,0.11,15.0,0.44,0.4012781603380116,0.39789052130102603
11,0.11,15.0,0.46,0.4029262705161517,0.39789052130102603
11,0.11,15.0,0.48,0.4099919554365697,0.39789052130102603
11,0.11,15.0,0.5,0.4109153376539879,0.39789052130102603
11,0.11,15.0,0.52,0.4075255258381888,0.39789052130102603
11,0.11,15.0,0.54,0.4149557597230217,0.39789052130102603
11,0.11,15.0,0.56,0.4117961021347663,0.39789052130102603
11,0.11,15.0,0.58,0.4129918989153729,0.39789052130102603
11,0.11,15.0,0.6,0.4129865122772557,0.39789052130102603
11,0.11,15.0,0.62,0.4142778427461722,0.39789052130102603
11,0.11,15.0,0.64,0.4142585075598408,0.39789052130102603
11,0.11,15.0,0.66,0.4062466937807975,0.39789052130102603
11,0.11,15.0,0.68,0.4023828744723522,0.39789052130102603
11,0.11,15.0,0.7000000000000001,0.4023120735610155,0.39789052130102603
11,0.11,15.0,0.72,0.3980765402200209,0.39789052130102603
11,0.11,15.0,0.74,0.3972552363705913,0.39789052130102603
11,0.11,20.0,0.0,0.427167228761599,0.42167154619411357
11,0.11,20.0,0.02,0.4460919912781929,0.42167154619411357
11,0.11,20.0,0.04,0.4468160940264016,0.42167154619411357
11,0.11,20.0,0.06,0.4381902038763828,0.42167154619411357
11,0.11,20.0,0.08,0.4304349421827575,0.42167154619411357
11,0.11,20.0,0.1,0.4275924978747873,0.42167154619411357
11,0.11,20.0,0.12,0.4197577928105285,0.42167154619411357
11,0.11,20.0,0.14,0.4168102744430505,0.42167154619411357
11,0.11,20.0,0.16,0.4270242543771035,0.42167154619411357
11,0.11,20.0,0.18,0.4306830752738893,0.42167154619411357
11,0.11,20.0,0.2,0.4306862895212396,0.42167154619411357
11,0.11,20.0,0.22,0.4270746729293187,0.42167154619411357
11,0.11,20.0,0.24,0.4307550504517493,0.42167154619411357
11,0.11,20.0,0.26,0.4301460556962966,0.42167154619411357
11,0.11,20.0,0.28,0.437648857113828,0.42167154619411357
11,0.11,20.0,0.3,0.4441846822542982,0.42167154619411357
11,0.11,20.0,0.32,0.4382109727259582,0.42167154619411357
11,0.11,20.0,0.34,0.4346844270083227,0.42167154619411357
11,0.11,20.0,0.36,0.4287165278524658,0.42167154619411357
11,0.11,20.0,0.38,0.4270114564846115,0.42167154619411357
11,0.11,20.0,0.4,0.4296876704985449,0.42167154619411357
11,0.11,20.0,0.42,0.4306462383899306,0.42167154619411357
11,0.11,20.0,0.44,0.4324574464327093,0.42167154619411357
11,0.11,20.0,0.46,0.4309786577662134,0.42167154619411357
11,0.11,20.0,0.48,0.4267588422756688,0.42167154619411357
11,0.11,20.0,0.5,0.4227086173729993,0.42167154619411357
11,0.11,20.0,0.52,0.4267603252426795,0.42167154619411357
11,0.11,20.0,0.54,0.4237438842091273,0.42167154619411357
11,0.11,20.0,0.56,0.4240939631075268,0.42167154619411357
11,0.11,20.0,0.58,0.4197210064236004,0.42167154619411357
11,0.11,20.0,0.6,0.4085434083090243,0.42167154619411357
11,0.11,20.0,0.62,0.4052163435904812,0.42167154619411357
11,0.11,20.0,0.64,0.4038754179368957,0.42167154619411357
11,0.11,20.0,0.66,0.403308489486555,0.42167154619411357
11,0.11,20.0,0.68,0.3961940013733413,0.42167154619411357
11,0.11,20.0,0.7000000000000001,0.3887293111550081,0.42167154619411357
11,0.11,20.0,0.72,0.386184201804865,0.42167154619411357
11,0.11,20.0,0.74,0.3825282545480978,0.42167154619411357
11,0.11,25.0,0.0,0.4616975457846359,0.42182077670018386
11,0.11,25.0,0.02,0.4396058438584615,0.42182077670018386
11,0.11,25.0,0.04,0.4045295921084355,0.42182077670018386
11,0.11,25.0,0.06,0.3872845109259011,0.42182077670018386
11,0.11,25.0,0.08,0.3860013646364713,0.42182077670018386
11,0.11,25.0,0.1,0.4035299878640757,0.42182077670018386
11,0.11,25.0,0.12,0.4020371632233073,0.42182077670018386
11,0.11,25.0,0.14,0.4012842242001487,0.42182077670018386
11,0.11,25.0,0.16,0.4076035564638725,0.42182077670018386
11,0.11,25.0,0.18,0.4050145451433148,0.42182077670018386
11,0.11,25.0,0.2,0.3967461361675843,0.42182077670018386
11,0.11,25.0,0.22,0.3854795653060661,0.42182077670018386
11,0.11,25.0,0.24,0.3825622322223554,0.42182077670018386
11,0.11,25.0,0.26,0.3734253953709988,0.42182077670018386
11,0.11,25.0,0.28,0.3753978236708922,0.42182077670018386
11,0.11,25.0,0.3,0.3701886147770181,0.42182077670018386
11,0.11,25.0,0.32,0.3705598669268084,0.42182077670018386
11,0.11,25.0,0.34,0.3714160069805148,0.42182077670018386
11,0.11,25.0,0.36,0.3745253383849169,0.42182077670018386
11,0.11,25.0,0.38,0.3810916756666504,0.42182077670018386
11,0.11,25.0,0.4,0.3737561392796623,0.42182077670018386
11,0.11,25.0,0.42,0.3673596445994195,0.42182077670018386
11,0.11,25.0,0.44,0.3560154553669604,0.42182077670018386
11,0.11,25.0,0.46,0.3519570269089569,0.42182077670018386
11,0.11,25.0,0.48,0.3541659966006552,0.42182077670018386
11,0.11,25.0,0.5,0.3726611910152768,0.42182077670018386
11,0.11,25.0,0.52,0.3915543239367298,0.42182077670018386
11,0.11,25.0,0.54,0.3866623841560872,0.42182077670018386
11,0.11,25.0,0.56,0.38672593128905,0.42182077670018386
11,0.11,25.0,0.58,0.3880771089030583,0.42182077670018386
11,0.11,25.0,0.6,0.3723541256902893,0.42182077670018386
11,0.11,25.0,0.62,0.366734558902138,0.42182077670018386
11,0.11,25.0,0.64,0.3722879369014496,0.42182077670018386
11,0.11,25.0,0.66,0.3689052112744766,0.42182077670018386
11,0.11,25.0,0.68,0.3589914995888168,0.42182077670018386
11,0.11,25.0,0.7000000000000001,0.3575390102000376,0.42182077670018386
11,0.11,25.0,0.72,0.3583637723867559,0.42182077670018386
11,0.11,25.0,0.74,0.3564664995149472,0.42182077670018386
11,0.11,30.0,0.0,0.4541361816229465,0.41160415557583674
11,0.11,30.0,0.02,0.4473125250094602,0.41160415557583674
11,0.11,30.0,0.04,0.4558384724916931,0.41160415557583674
11,0.11,30.0,0.06,0.4579595967673804,0.41160415557583674
11,0.11,30.0,0.08,0.4576785800462964,0.41160415557583674
11,0.11,30.0,0.1,0.4543142467910357,0.41160415557583674
11,0.11,30.0,0.12,0.4439469253106701,0.41160415557583674
11,0.11,30.0,0.14,0.445013662107048,0.41160415557583674
11,0.11,30.0,0.16,0.4413937092168779,0.41160415557583674
11,0.11,30.0,0.18,0.439748816563535,0.41160415557583674
11,0.11,30.0,0.2,0.4384971109005525,0.41160415557583674
11,0.11,30.0,0.22,0.4386339808101961,0.41160415557583674
11,0.11,30.0,0.24,0.4437490243192469,0.41160415557583674
11,0.11,30.0,0.26,0.4451733194086413,0.41160415557583674
11,0.11,30.0,0.28,0.4411062274927118,0.41160415557583674
11,0.11,30.0,0.3,0.4291821542489989,0.41160415557583674
11,0.11,30.0,0.32,0.4321204029613342,0.41160415557583674
11,0.11,30.0,0.34,0.4449708698285383,0.41160415557583674
11,0.11,30.0,0.36,0.4470915959621636,0.41160415557583674
11,0.11,30.0,0.38,0.4464668273501899,0.41160415557583674
11,0.11,30.0,0.4,0.4523142403390912,0.41160415557583674
11,0.11,30.0,0.42,0.437201780958646,0.41160415557583674
11,0.11,30.0,0.44,0.4344631481243133,0.41160415557583674
11,0.11,30.0,0.46,0.4444084752209498,0.41160415557583674
11,0.11,30.0,0.48,0.4443588442301331,0.41160415557583674
11,0.11,30.0,0.5,0.4541956605502695,0.41160415557583674
11,0.11,30.0,0.52,0.4321096549030433,0.41160415557583674
11,0.11,30.0,0.54,0.4263591287522645,0.41160415557583674
11,0.11,30.0,0.56,0.4329875466876379,0.41160415557583674
11,0.11,30.0,0.58,0.430696594723685,0.41160415557583674
11,0.11,30.0,0.6,0.4168224281604207,0.41160415557583674
11,0.11,30.0,0.62,0.4155641308635789,0.41160415557583674
11,0.11,30.0,0.64,0.4179691080255106,0.41160415557583674
11,0.11,30.0,0.66,0.4253273598450184,0.41160415557583674
11,0.11,30.0,0.68,0.4046085860452522,0.41160415557583674
11,0.11,30.0,0.7000000000000001,0.4208684866213439,0.41160415557583674
11,0.11,30.0,0.72,0.4219928205024053,0.41160415557583674
11,0.11,30.0,0.74,0.4208877953064728,0.41160415557583674
11,0.11,40.0,0.0,0.4204916234720549,0.42984821374698656
11,0.11,40.0,0.02,0.435488520542002,0.42984821374698656
11,0.11,40.0,0.04,0.4498110288095628,0.42984821374698656
11,0.11,40.0,0.06,0.429182806451569,0.42984821374698656
11,0.11,40.0,0.08,0.4234782043110572,0.42984821374698656
11,0.11,40.0,0.1,0.4142767476515708,0.42984821374698656
11,0.11,40.0,0.12,0.4097762143459443,0.42984821374698656
11,0.11,40.0,0.14,0.4106875622244701,0.42984821374698656
11,0.11,40.0,0.16,0.4165093294608957,0.42984821374698656
11,0.11,40.0,0.18,0.4321581624108906,0.42984821374698656
11,0.11,40.0,0.2,0.4380180070835215,0.42984821374698656
11,0.11,40.0,0.22,0.436457813053699,0.42984821374698656
11,0.11,40.0,0.24,0.4411505826733415,0.42984821374698656
11,0.11,40.0,0.26,0.4439220108747285,0.42984821374698656
11,0.11,40.0,0.28,0.4543192889851285,0.42984821374698656
11,0.11,40.0,0.3,0.4547855139957287,0.42984821374698656
11,0.11,40.0,0.32,0.4493596155950547,0.42984821374698656
11,0.11,40.0,0.34,0.4469077732144754,0.42984821374698656
11,0.11,40.0,0.36,0.4468305582765163,0.42984821374698656
11,0.11,40.0,0.38,0.4482091056628209,0.42984821374698656
11,0.11,40.0,0.4,0.4479854952304205,0.42984821374698656
11,0.11,40.0,0.42,0.4518808976940236,0.42984821374698656
11,0.11,40.0,0.44,0.4495425252715939,0.42984821374698656
11,0.11,40.0,0.46,0.4409593192732474,0.42984821374698656
11,0.11,40.0,0.48,0.4482097620810708,0.42984821374698656
11,0.11,40.0,0.5,0.4519578062646356,0.42984821374698656
11,0.11,40.0,0.52,0.4514650641297174,0.42984821374698656
11,0.11,40.0,0.54,0.4540814407151959,0.42984821374698656
11,0.11,40.0,0.56,0.4602517753852965,0.42984821374698656
11,0.11,40.0,0.58,0.4583705561381423,0.42984821374698656
11,0.11,40.0,0.6,0.4660399988750974,0.42984821374698656
11,0.11,40.0,0.62,0.4645649810788117,0.42984821374698656
11,0.11,40.0,0.64,0.4663289772985047,0.42984821374698656
11,0.11,40.0,0.66,0.4667966397940828,0.42984821374698656
11,0.11,40.0,0.68,0.4661792837897535,0.42984821374698656
11,0.11,40.0,0.7000000000000001,0.4654357259372901,0.42984821374698656
11,0.11,40.0,0.72,0.4644941110456354,0.42984821374698656
11,0.11,40.0,0.74,0.4645462566191612,0.42984821374698656
11,0.11,50.0,0.0,0.4400990498405538,0.44288448215067544
11,0.11,50.0,0.02,0.3831031911240263,0.44288448215067544
11,0.11,50.0,0.04,0.3957109111282571,0.44288448215067544
11,0.11,50.0,0.06,0.3994446180486862,0.44288448215067544
11,0.11,50.0,0.08,0.4191434858870527,0.44288448215067544
11,0.11,50.0,0.1,0.4448667518995115,0.44288448215067544
11,0.11,50.0,0.12,0.4450514883057044,0.44288448215067544
11,0.11,50.0,0.14,0.4480381453808641,0.44288448215067544
11,0.11,50.0,0.16,0.4578719914458808,0.44288448215067544
11,0.11,50.0,0.18,0.4475389990871419,0.44288448215067544
11,0.11,50.0,0.2,0.432626818934912,0.44288448215067544
11,0.11,50.0,0.22,0.4336125485927404,0.44288448215067544
11,0.11,50.0,0.24,0.4341780506461622,0.44288448215067544
11,0.11,50.0,0.26,0.4396539867513198,0.44288448215067544
11,0.11,50.0,0.28,0.4309627832175228,0.44288448215067544
11,0.11,50.0,0.3,0.4296993863550166,0.44288448215067544
11,0.11,50.0,0.32,0.4277039633273963,0.44288448215067544
11,0.11,50.0,0.34,0.4287159647782701,0.44288448215067544
11,0.11,50.0,0.36,0.4351932791324148,0.44288448215067544
11,0.11,50.0,0.38,0.4393234095577729,0.44288448215067544
11,0.11,50.0,0.4,0.4476118516367108,0.44288448215067544
11,0.11,50.0,0.42,0.4580314578938392,0.44288448215067544
11,0.11,50.0,0.44,0.4396885259243442,0.44288448215067544
11,0.11,50.0,0.46,0.4420228274615858,0.44288448215067544
11,0.11,50.0,0.48,0.4259698471195436,0.44288448215067544
11,0.11,50.0,0.5,0.4173084283758617,0.44288448215067544
11,0.11,50.0,0.52,0.4108561070804979,0.44288448215067544
11,0.11,50.0,0.54,0.4042954927789375,0.44288448215067544
11,0.11,50.0,0.56,0.4114691224024075,0.44288448215067544
11,0.11,50.0,0.58,0.4255199969765255,0.44288448215067544
11,0.11,50.0,0.6,0.4317110754355831,0.44288448215067544
11,0.11,50.0,0.62,0.4295483207510571,0.44288448215067544
11,0.11,50.0,0.64,0.4351423424191211,0.44288448215067544
11,0.11,50.0,0.66,0.4172591326353221,0.44288448215067544
11,0.11,50.0,0.68,0.4170065843666769,0.44288448215067544
11,0.11,50.0,0.7000000000000001,0.4171097727676612,0.44288448215067544
11,0.11,50.0,0.72,0.4155687418541187,0.44288448215067544
11,0.11,50.0,0.74,0.4237108902627156,0.44288448215067544
11,0.11,100.0,0.0,0.4485706803772333,0.4493844434989687
11,0.11,100.0,0.02,0.4264571913366633,0.4493844434989687
11,0.11,100.0,0.04,0.4078979486857624,0.4493844434989687
11,0.11,100.0,0.06,0.4370265000532261,0.4493844434989687
11,0.11,100.0,0.08,0.458200042069097,0.4493844434989687
11,0.11,100.0,0.1,0.454363634791909,0.4493844434989687
11,0.11,100.0,0.12,0.4449829680637513,0.4493844434989687
11,0.11,100.0,0.14,0.4327326527649422,0.4493844434989687
11,0.11,100.0,0.16,0.4321092827700529,0.4493844434989687
11,0.11,100.0,0.18,0.4433069607414228,0.4493844434989687
11,0.11,100.0,0.2,0.442548670845218,0.4493844434989687
11,0.11,100.0,0.22,0.4553640344261485,0.4493844434989687
11,0.11,100.0,0.24,0.4615063292791982,0.4493844434989687
11,0.11,100.0,0.26,0.4510800490021531,0.4493844434989687
11,0.11,100.0,0.28,0.4453714509284656,0.4493844434989687
11,0.11,100.0,0.3,0.4484180332531653,0.4493844434989687
11,0.11,100.0,0.32,0.4496217383938615,0.4493844434989687
11,0.11,100.0,0.34,0.4568354469900371,0.4493844434989687
11,0.11,100.0,0.36,0.4396754962582268,0.4493844434989687
11,0.11,100.0,0.38,0.4378990451137585,0.4493844434989687
11,0.11,100.0,0.4,0.459916632729877,0.4493844434989687
11,0.11,100.0,0.42,0.4576934776948731,0.4493844434989687
11,0.11,100.0,0.44,0.4598760289934679,0.4493844434989687
11,0.11,100.0,0.46,0.4465035705134507,0.4493844434989687
11,0.11,100.0,0.48,0.444018992906269,0.4493844434989687
11,0.11,100.0,0.5,0.4462532193790377,0.4493844434989687
11,0.11,100.0,0.52,0.4527036471404118,0.4493844434989687
11,0.11,100.0,0.54,0.4401083731392497,0.4493844434989687
11,0.11,100.0,0.56,0.443109124698424,0.4493844434989687
11,0.11,100.0,0.58,0.4481469410880261,0.4493844434989687
11,0.11,100.0,0.6,0.4451720740081471,0.4493844434989687
11,0.11,100.0,0.62,0.4439155720139079,0.4493844434989687
11,0.11,100.0,0.64,0.4579643911128867,0.4493844434989687
11,0.11,100.0,0.66,0.4590367619391228,0.4493844434989687
11,0.11,100.0,0.68,0.4303781919753992,0.4493844434989687
11,0.11,100.0,0.7000000000000001,0.4128442345681209,0.4493844434989687
11,0.11,100.0,0.72,0.4156995970925706,0.4493844434989687
11,0.11,100.0,0.74,0.4107485894088547,0.4493844434989687
12,0.11,0.0,0.0,0.4321852068937391,0.40606825498545496
12,0.11,0.0,0.02,0.4362526213351453,0.40606825498545496
12,0.11,0.0,0.04,0.437276046571698,0.40606825498545496
12,0.11,0.0,0.06,0.4078656499706232,0.40606825498545496
12,0.11,0.0,0.08,0.3972541589161568,0.40606825498545496
12,0.11,0.0,0.1,0.3952398610336359,0.40606825498545496
12,0.11,0.0,0.12,0.3991240112464688,0.40606825498545496
12,0.11,0.0,0.14,0.3952673599604432,0.40606825498545496
12,0.11,0.0,0.16,0.3908811898154261,0.40606825498545496
12,0.11,0.0,0.18,0.3912506054733429,0.40606825498545496
12,0.11,0.0,0.2,0.3885557404958036,0.40606825498545496
12,0.11,0.0,0.22,0.3883738871943288,0.40606825498545496
12,0.11,0.0,0.24,0.3816827860372526,0.40606825498545496
12,0.11,0.0,0.26,0.3777709319099166,0.40606825498545496
12,0.11,0.0,0.28,0.3842402556828542,0.40606825498545496
12,0.11,0.0,0.3,0.3939308906744744,0.40606825498545496
12,0.11,0.0,0.32,0.3913890811724038,0.40606825498545496
12,0.11,0.0,0.34,0.3939992527581684,0.40606825498545496
12,0.11,0.0,0.36,0.387871548530419,0.40606825498545496
12,0.11,0.0,0.38,0.3830195888085739,0.40606825498545496
12,0.11,0.0,0.4,0.3833068393577632,0.40606825498545496
12,0.11,0.0,0.42,0.3826341225761618,0.40606825498545496
12,0.11,0.0,0.44,0.384163645116249,0.40606825498545496
12,0.11,0.0,0.46,0.3868933818781526,0.40606825498545496
12,0.11,0.0,0.48,0.3849391453808332,0.40606825498545496
12,0.11,0.0,0.5,0.3799220069005646,0.40606825498545496
12,0.11,0.0,0.52,0.3783886522660692,0.40606825498545496
12,0.11,0.0,0.54,0.3846987033338127,0.40606825498545496
12,0.11,0.0,0.56,0.3868134117603275,0.40606825498545496
12,0.11,0.0,0.58,0.3892112432997231,0.40606825498545496
12,0.11,0.0,0.6,0.3900347712465138,0.40606825498545496
12,0.11,0.0,0.62,0.3901625247252627,0.40606825498545496
12,0.11,0.0,0.64,0.3880680665412924,0.40606825498545496
12,0.11,0.0,0.66,0.3898860323702925,0.40606825498545496
12,0.11,0.0,0.68,0.3913907584589263,0.40606825498545496
12,0.11,0.0,0.7000000000000001,0.3833913605226869,0.40606825498545496
12,0.11,0.0,0.72,0.3832056188269688,0.40606825498545496
12,0.11,0.0,0.74,0.381262869144454,0.40606825498545496
12,0.11,5.0,0.0,0.4154995886674199,0.3994467862203017
12,0.11,5.0,0.02,0.4082435134037566,0.3994467862203017
12,0.11,5.0,0.04,0.4153824822386278,0.3994467862203017
12,0.11,5.0,0.06,0.4045527447232102,0.3994467862203017
12,0.11,5.0,0.08,0.4014045204404463,0.3994467862203017
12,0.11,5.0,0.1,0.4005099910504541,0.3994467862203017
12,0.11,5.0,0.12,0.3918660171897639,0.3994467862203017
12,0.11,5.0,0.14,0.38883203413951,0.3994467862203017
12,0.11,5.0,0.16,0.3817499692209755,0.3994467862203017
12,0.11,5.0,0.18,0.3801477750870288,0.3994467862203017
12,0.11,5.0,0.2,0.3898543457575776,0.3994467862203017
12,0.11,5.0,0.22,0.3943963478163546,0.3994467862203017
12,0.11,5.0,0.24,0.385232572038189,0.3994467862203017
12,0.11,5.0,0.26,0.3920553095037771,0.3994467862203017
12,0.11,5.0,0.28,0.4018517183672679,0.3994467862203017
12,0.11,5.0,0.3,0.3885138802914609,0.3994467862203017
12,0.11,5.0,0.32,0.3929922561040688,0.3994467862203017
12,0.11,5.0,0.34,0.3885227052186559,0.3994467862203017
12,0.11,5.0,0.36,0.3885517938713948,0.3994467862203017
12,0.11,5.0,0.38,0.392887415983926,0.3994467862203017
12,0.11,5.0,0.4,0.3918851548433281,0.3994467862203017
12,0.11,5.0,0.42,0.3972232166379627,0.3994467862203017
12,0.11,5.0,0.44,0.3896840345913067,0.3994467862203017
12,0.11,5.0,0.46,0.3748163345538038,0.3994467862203017
12,0.11,5.0,0.48,0.3706963034177481,0.3994467862203017
12,0.11,5.0,0.5,0.37551977377023,0.3994467862203017
12,0.11,5.0,0.52,0.3719277087915346,0.3994467862203017
12,0.11,5.0,0.54,0.3684582783713031,0.3994467862203017
12,0.11,5.0,0.56,0.3685855864213006,0.3994467862203017
12,0.11,5.0,0.58,0.3733587529244412,0.3994467862203017
12,0.11,5.0,0.6,0.3740186340888428,0.3994467862203017
12,0.11,5.0,0.62,0.3650925334019227,0.3994467862203017
12,0.11,5.0,0.64,0.3517915571473536,0.3994467862203017
12,0.11,5.0,0.66,0.3506213435290202,0.3994467862203017
12,0.11,5.0,0.68,0.3545150612458408,0.3994467862203017
12,0.11,5.0,0.7000000000000001,0.3570621573380785,0.3994467862203017
12,0.11,5.0,0.72,0.3605183112547131,0.3994467862203017
12,0.11,5.0,0.74,0.3637519196325516,0.3994467862203017
12,0.11,10.0,0.0,0.4549269431021671,0.41259415737444405
12,0.11,10.0,0.02,0.4223137686499728,0.41259415737444405
12,0.11,10.0,0.04,0.4041485700089198,0.41259415737444405
12,0.11,10.0,0.06,0.4000063551185226,0.41259415737444405
12,0.11,10.0,0.08,0.4089865575100739,0.41259415737444405
12,0.11,10.0,0.1,0.4267511969390724,0.41259415737444405
12,0.11,10.0,0.12,0.4283152066461471,0.41259415737444405
12,0.11,10.0,0.14,0.4319238260466845,0.41259415737444405
12,0.11,10.0,0.16,0.4255824296208025,0.41259415737444405
12,0.11,10.0,0.18,0.4191997988252302,0.41259415737444405
12,0.11,10.0,0.2,0.4194527966319344,0.41259415737444405
12,0.11,10.0,0.22,0.4213448942652891,0.41259415737444405
12,0.11,10.0,0.24,0.4159372100562062,0.41259415737444405
12,0.11,10.0,0.26,0.4090900341388221,0.41259415737444405
12,0.11,10.0,0.28,0.404408920840788,0.41259415737444405
12,0.11,10.0,0.3,0.4015508197552612,0.41259415737444405
12,0.11,10.0,0.32,0.389509024661237,0.41259415737444405
12,0.11,10.0,0.34,0.3947435211489566,0.41259415737444405
12,0.11,10.0,0.36,0.3982643787555084,0.41259415737444405
12,0.11,10.0,0.38,0.4011153091203562,0.41259415737444405
12,0.11,10.0,0.4,0.4093990969405867,0.41259415737444405
12,0.11,10.0,0.42,0.4066809931222802,0.41259415737444405
12,0.11,10.0,0.44,0.4001314110405956,0.41259415737444405
12,0.11,10.0,0.46,0.3914643525552351,0.41259415737444405
12,0.11,10.0,0.48,0.3961327433076955,0.41259415737444405
12,0.11,10.0,0.5,0.4016692644373084,0.41259415737444405
12,0.11,10.0,0.52,0.4047517629692914,0.41259415737444405
12,0.11,10.0,0.54,0.4017558829727852,0.41259415737444405
12,0.11,10.0,0.56,0.403506961662707,0.41259415737444405
12,0.11,10.0,0.58,0.3947170663317665,0.41259415737444405
12,0.11,10.0,0.6,0.3928512240810551,0.41259415737444405
12,0.11,10.0,0.62,0.3959720758703001,0.41259415737444405
12,0.11,10.0,0.64,0.4046377643949879,0.41259415737444405
12,0.11,10.0,0.66,0.4014129547575285,0.41259415737444405
12,0.11,10.0,0.68,0.4144704760853294,0.41259415737444405
12,0.11,10.0,0.7000000000000001,0.4117065839120147,0.41259415737444405
12,0.11,10.0,0.72,0.4102196044823805,0.41259415737444405
12,0.11,10.0,0.74,0.4067211822114952,0.41259415737444405
12,0.11,15.0,0.0,0.4421092717912391,0.39789052130102603
12,0.11,15.0,0.02,0.42590859605611,0.39789052130102603
12,0.11,15.0,0.04,0.4020327361583513,0.39789052130102603
12,0.11,15.0,0.06,0.3956413529099615,0.39789052130102603
12,0.11,15.0,0.08,0.3915759434782975,0.39789052130102603
12,0.11,15.0,0.1,0.3939153697185444,0.39789052130102603
12,0.11,15.0,0.12,0.4103880389394574,0.39789052130102603
12,0.11,15.0,0.14,0.3991122195058228,0.39789052130102603
12,0.11,15.0,0.16,0.3853642315268826,0.39789052130102603
12,0.11,15.0,0.18,0.384694606846934,0.39789052130102603
12,0.11,15.0,0.2,0.3970584797435652,0.39789052130102603
12,0.11,15.0,0.22,0.4014882671725187,0.39789052130102603
12,0.11,15.0,0.24,0.3923507906797083,0.39789052130102603
12,0.11,15.0,0.26,0.3855705771204084,0.39789052130102603
12,0.11,15.0,0.28,0.3739841014349259,0.39789052130102603
12,0.11,15.0,0.3,0.3649670599018078,0.39789052130102603
12,0.11,15.0,0.32,0.3769304436550826,0.39789052130102603
12,0.11,15.0,0.34,0.3861545763787249,0.39789052130102603
12,0.11,15.0,0.36,0.381858331658125,0.39789052130102603
12,0.11,15.0,0.38,0.374820814963877,0.39789052130102603
12,0.11,15.0,0.4,0.3756307534135163,0.39789052130102603
12,0.11,15.0,0.42,0.3754273187785647,0.39789052130102603
12,0.11,15.0,0.44,0.3687431588811481,0.39789052130102603
12,0.11,15.0,0.46,0.3697287417163468,0.39789052130102603
12,0.11,15.0,0.48,0.3671122558576761,0.39789052130102603
12,0.11,15.0,0.5,0.367469836036385,0.39789052130102603
12,0.11,15.0,0.52,0.3683870816889582,0.39789052130102603
12,0.11,15.0,0.54,0.3733910385171107,0.39789052130102603
12,0.11,15.0,0.56,0.3871693667777061,0.39789052130102603
12,0.11,15.0,0.58,0.3993510964715023,0.39789052130102603
12,0.11,15.0,0.6,0.3934967274424161,0.39789052130102603
12,0.11,15.0,0.62,0.3979278296560169,0.39789052130102603
12,0.11,15.0,0.64,0.4055669435597361,0.39789052130102603
12,0.11,15.0,0.66,0.4091968537532978,0.39789052130102603
12,0.11,15.0,0.68,0.4108394427664625,0.39789052130102603
12,0.11,15.0,0.7000000000000001,0.4074583119006192,0.39789052130102603
12,0.11,15.0,0.72,0.4016152531546384,0.39789052130102603
12,0.11,15.0,0.74,0.398096416517866,0.39789052130102603
12,0.11,20.0,0.0,0.4437311101795697,0.42167154619411357
12,0.11,20.0,0.02,0.4442369297324239,0.42167154619411357
12,0.11,20.0,0.04,0.455468735751877,0.42167154619411357
12,0.11,20.0,0.06,0.4568876111588058,0.42167154619411357
12,0.11,20.0,0.08,0.4634795162565612,0.42167154619411357
12,0.11,20.0,0.1,0.4456801721328027,0.42167154619411357
12,0.11,20.0,0.12,0.4432458742392204,0.42167154619411357
12,0.11,20.0,0.14,0.4248183405474753,0.42167154619411357
12,0.11,20.0,0.16,0.4217978805894258,0.42167154619411357
12,0.11,20.0,0.18,0.4057317712921835,0.42167154619411357
12,0.11,20.0,0.2,0.4177982463261798,0.42167154619411357
12,0.11,20.0,0.22,0.4148016977779809,0.42167154619411357
12,0.11,20.0,0.24,0.4130260082148612,0.42167154619411357
12,0.11,20.0,0.26,0.4161860009979855,0.42167154619411357
12,0.11,20.0,0.28,0.4085655728516225,0.42167154619411357
12,0.11,20.0,0.3,0.4079375425437984,0.42167154619411357
12,0.11,20.0,0.32,0.4130141338798224,0.42167154619411357
12,0.11,20.0,0.34,0.4132393560092547,0.42167154619411357
12,0.11,20.0,0.36,0.4225137255286871,0.42167154619411357
12,0.11,20.0,0.38,0.4218713075174852,0.42167154619411357
12,0.11,20.0,0.4,0.408738878729307,0.42167154619411357
12,0.11,20.0,0.42,0.4311079380974618,0.42167154619411357
12,0.11,20.0,0.44,0.4484021068150434,0.42167154619411357
12,0.11,20.0,0.46,0.4434710922247695,0.42167154619411357
12,0.11,20.0,0.48,0.4299347861401303,0.42167154619411357
12,0.11,20.0,0.5,0.4225586534213577,0.42167154619411357
12,0.11,20.0,0.52,0.4494512913223019,0.42167154619411357
12,0.11,20.0,0.54,0.4613215454623138,0.42167154619411357
12,0.11,20.0,0.56,0.4305688244088153,0.42167154619411357
12,0.11,20.0,0.58,0.4243906495507618,0.42167154619411357
12,0.11,20.0,0.6,0.4212306271514667,0.42167154619411357
12,0.11,20.0,0.62,0.4066009339414932,0.42167154619411357
12,0.11,20.0,0.64,0.4082843479924153,0.42167154619411357
12,0.11,20.0,0.66,0.4206035583722079,0.42167154619411357
12,0.11,20.0,0.68,0.4089251047449524,0.42167154619411357
12,0.11,20.0,0.7000000000000001,0.4197531375499195,0.42167154619411357
12,0.11,20.0,0.72,0.4235322776363964,0.42167154619411357
12,0.11,20.0,0.74,0.4157980684568489,0.42167154619411357
12,0.11,25.0,0.0,0.4779956940177326,0.42182077670018386
12,0.11,25.0,0.02,0.4539480345203459,0.42182077670018386
12,0.11,25.0,0.04,0.4477066692074584,0.42182077670018386
12,0.11,25.0,0.06,0.4408338394265657,0.42182077670018386
12,0.11,25.0,0.08,0.4274704601377311,0.42182077670018386
12,0.11,25.0,0.1,0.4204068548713289,0.42182077670018386
12,0.11,25.0,0.12,0.4259450871009397,0.42182077670018386
12,0.11,25.0,0.14,0.4428040778330849,0.42182077670018386
12,0.11,25.0,0.16,0.4492609350370129,0.42182077670018386
12,0.11,25.0,0.18,0.4409719364761943,0.42182077670018386
12,0.11,25.0,0.2,0.44031177265528,0.42182077670018386
12,0.11,25.0,0.22,0.4459322227098783,0.42182077670018386
12,0.11,25.0,0.24,0.4453350651046743,0.42182077670018386
12,0.11,25.0,0.26,0.4422351014200503,0.42182077670018386
12,0.11,25.0,0.28,0.4364846256441431,0.42182077670018386
12,0.11,25.0,0.3,0.4243769250097671,0.42182077670018386
12,0.11,25.0,0.32,0.4184035692588164,0.42182077670018386
12,0.11,25.0,0.34,0.4295999866703303,0.42182077670018386
12,0.11,25.0,0.36,0.4262984157091791,0.42182077670018386
12,0.11,25.0,0.38,0.4185237105462661,0.42182077670018386
12,0.11,25.0,0.4,0.4185977666855609,0.42182077670018386
12,0.11,25.0,0.42,0.4175550233333522,0.42182077670018386
12,0.11,25.0,0.44,0.4173120073601419,0.42182077670018386
12,0.11,25.0,0.46,0.4114139263750287,0.42182077670018386
12,0.11,25.0,0.48,0.4275022553809875,0.42182077670018386
12,0.11,25.0,0.5,0.4190309568697688,0.42182077670018386
12,0.11,25.0,0.52,0.4090749927543382,0.42182077670018386
12,0.11,25.0,0.54,0.4040315549817395,0.42182077670018386
12,0.11,25.0,0.56,0.4001383380199984,0.42182077670018386
12,0.11,25.0,0.58,0.4104093841332119,0.42182077670018386
12,0.11,25.0,0.6,0.409882299661426,0.42182077670018386
12,0.11,25.0,0.62,0.4114876055770554,0.42182077670018386
12,0.11,25.0,0.64,0.4131343802607228,0.42182077670018386
12,0.11,25.0,0.66,0.4097383048448457,0.42182077670018386
12,0.11,25.0,0.68,0.4127865160962385,0.42182077670018386
12,0.11,25.0,0.7000000000000001,0.4144958481511577,0.42182077670018386
12,0.11,25.0,0.72,0.4071042505531988,0.42182077670018386
12,0.11,25.0,0.74,0.4085838667131722,0.42182077670018386
12,0.11,30.0,0.0,0.450093304587056,0.41160415557583674
12,0.11,30.0,0.02,0.4409012680463471,0.41160415557583674
12,0.11,30.0,0.04,0.434171734732492,0.41160415557583674
12,0.11,30.0,0.06,0.4350369099867376,0.41160415557583674
12,0.11,30.0,0.08,0.4299225232593495,0.41160415557583674
12,0.11,30.0,0.1,0.4235322008538118,0.41160415557583674
12,0.11,30.0,0.12,0.4094511501384048,0.41160415557583674
12,0.11,30.0,0.14,0.3985838905435454,0.41160415557583674
12,0.11,30.0,0.16,0.4015087703420228,0.41160415557583674
12,0.11,30.0,0.18,0.3979417323720848,0.41160415557583674
12,0.11,30.0,0.2,0.3970101458611075,0.41160415557583674
12,0.11,30.0,0.22,0.3991342513074487,0.41160415557583674
12,0.11,30.0,0.24,0.3911765240315455,0.41160415557583674
12,0.11,30.0,0.26,0.3862690675863134,0.41160415557583674
12,0.11,30.0,0.28,0.3822968858051819,0.41160415557583674
12,0.11,30.0,0.3,0.3815814246703034,0.41160415557583674
12,0.11,30.0,0.32,0.3794481352594346,0.41160415557583674
12,0.11,30.0,0.34,0.3821165378395204,0.41160415557583674
12,0.11,30.0,0.36,0.376944655137896,0.41160415557583674
12,0.11,30.0,0.38,0.3730647222436017,0.41160415557583674
12,0.11,30.0,0.4,0.3823194025603609,0.41160415557583674
12,0.11,30.0,0.42,0.3919242804214937,0.41160415557583674
12,0.11,30.0,0.44,0.3920242737128644,0.41160415557583674
12,0.11,30.0,0.46,0.3989347491212827,0.41160415557583674
12,0.11,30.0,0.48,0.3826046772837314,0.41160415557583674
12,0.11,30.0,0.5,0.3749036742808272,0.41160415557583674
12,0.11,30.0,0.52,0.3771832949084512,0.41160415557583674
12,0.11,30.0,0.54,0.3788655905218878,0.41160415557583674
12,0.11,30.0,0.56,0.3910087605152942,0.41160415557583674
12,0.11,30.0,0.58,0.3917529825940551,0.41160415557583674
12,0.11,30.0,0.6,0.3891739148533719,0.41160415557583674
12,0.11,30.0,0.62,0.3910083671646206,0.41160415557583674
12,0.11,30.0,0.64,0.3817559596013745,0.41160415557583674
12,0.11,30.0,0.66,0.3817880801166436,0.41160415557583674
12,0.11,30.0,0.68,0.3787339937656758,0.41160415557583674
12,0.11,30.0,0.7000000000000001,0.3918569910363651,0.41160415557583674
12,0.11,30.0,0.72,0.4034340401932025,0.41160415557583674
12,0.11,30.0,0.74,0.3986642943926665,0.41160415557583674
12,0.11,40.0,0.0,0.4291273741266709,0.42984821374698656
12,0.11,40.0,0.02,0.3928153894992833,0.42984821374698656
12,0.11,40.0,0.04,0.397309104792557,0.42984821374698656
12,0.11,40.0,0.06,0.3841886397105639,0.42984821374698656
12,0.11,40.0,0.08,0.3688934378726988,0.42984821374698656
12,0.11,40.0,0.1,0.378274585976823,0.42984821374698656
12,0.11,40.0,0.12,0.3932547400318655,0.42984821374698656
12,0.11,40.0,0.14,0.3970930365833104,0.42984821374698656
12,0.11,40.0,0.16,0.4031195420715197,0.42984821374698656
12,0.11,40.0,0.18,0.4078694207531715,0.42984821374698656
12,0.11,40.0,0.2,0.4055967865401115,0.42984821374698656
12,0.11,40.0,0.22,0.3944387791674308,0.42984821374698656
12,0.11,40.0,0.24,0.4054983238604136,0.42984821374698656
12,0.11,40.0,0.26,0.394129171247557,0.42984821374698656
12,0.11,40.0,0.28,0.4007674727819137,0.42984821374698656
12,0.11,40.0,0.3,0.402473592350664,0.42984821374698656
12,0.11,40.0,0.32,0.4014242612700641,0.42984821374698656
12,0.11,40.0,0.34,0.3945467571745955,0.42984821374698656
12,0.11,40.0,0.36,0.3913342741361134,0.42984821374698656
12,0.11,40.0,0.38,0.3905590708762015,0.42984821374698656
12,0.11,40.0,0.4,0.38778967923278,0.42984821374698656
12,0.11,40.0,0.42,0.3893370999337453,0.42984821374698656
12,0.11,40.0,0.44,0.3910432352726787,0.42984821374698656
12,0.11,40.0,0.46,0.3928991466249298,0.42984821374698656
12,0.11,40.0,0.48,0.3961041704690083,0.42984821374698656
12,0.11,40.0,0.5,0.400988128895975,0.42984821374698656
12,0.11,40.0,0.52,0.3970496683258982,0.42984821374698656
12,0.11,40.0,0.54,0.3974508501454964,0.42984821374698656
12,0.11,40.0,0.56,0.4023742819984415,0.42984821374698656
12,0.11,40.0,0.58,0.4116756941162154,0.42984821374698656
12,0.11,40.0,0.6,0.415896052635661,0.42984821374698656
12,0.11,40.0,0.62,0.4207686607710562,0.42984821374698656
12,0.11,40.0,0.64,0.4309280411821736,0.42984821374698656
12,0.11,40.0,0.66,0.4272137532729241,0.42984821374698656
12,0.11,40.0,0.68,0.4177519911950349,0.42984821374698656
12,0.11,40.0,0.7000000000000001,0.4128516548804597,0.42984821374698656
12,0.11,40.0,0.72,0.4180225431655137,0.42984821374698656
12,0.11,40.0,0.74,0.4117082152024775,0.42984821374698656
12,0.11,50.0,0.0,0.4284232074115853,0.44288448215067544
12,0.11,50.0,0.02,0.426699464995871,0.44288448215067544
12,0.11,50.0,0.04,0.4352056941902065,0.44288448215067544
12,0.11,50.0,0.06,0.4376767480341036,0.44288448215067544
12,0.11,50.0,0.08,0.4194882366451784,0.44288448215067544
12,0.11,50.0,0.1,0.4309210219608793,0.44288448215067544
12,0.11,50.0,0.12,0.4298926712010598,0.44288448215067544
12,0.11,50.0,0.14,0.4211115333298552,0.44288448215067544
12,0.11,50.0,0.16,0.4184621155490938,0.44288448215067544
12,0.11,50.0,0.18,0.4284026522904038,0.44288448215067544
12,0.11,50.0,0.2,0.4223055045165342,0.44288448215067544
12,0.11,50.0,0.22,0.424540499119973,0.44288448215067544
12,0.11,50.0,0.24,0.4239902807886646,0.44288448215067544
12,0.11,50.0,0.26,0.4301051837992169,0.44288448215067544
12,0.11,50.0,0.28,0.4242732203187599,0.44288448215067544
12,0.11,50.0,0.3,0.4194617999273127,0.44288448215067544
12,0.11,50.0,0.32,0.4199813767576071,0.44288448215067544
12,0.11,50.0,0.34,0.426198115358038,0.44288448215067544
12,0.11,50.0,0.36,0.4272505831675418,0.44288448215067544
12,0.11,50.0,0.38,0.4213779343998582,0.44288448215067544
12,0.11,50.0,0.4,0.4139788950190163,0.44288448215067544
12,0.11,50.0,0.42,0.4153651509814027,0.44288448215067544
12,0.11,50.0,0.44,0.4425441738152531,0.44288448215067544
12,0.11,50.0,0.46,0.4627955825803956,0.44288448215067544
12,0.11,50.0,0.48,0.4245049042344221,0.44288448215067544
12,0.11,50.0,0.5,0.417625897605368,0.44288448215067544
12,0.11,50.0,0.52,0.4226772503793121,0.44288448215067544
12,0.11,50.0,0.54,0.4173058821439894,0.44288448215067544
12,0.11,50.0,0.56,0.3921411720808931,0.44288448215067544
12,0.11,50.0,0.58,0.4063766507354683,0.44288448215067544
12,0.11,50.0,0.6,0.4143071628101731,0.44288448215067544
12,0.11,50.0,0.62,0.412619228337636,0.44288448215067544
12,0.11,50.0,0.64,0.4161915769376407,0.44288448215067544
12,0.11,50.0,0.66,0.4209518968660578,0.44288448215067544
12,0.11,50.0,0.68,0.430037103222576,0.44288448215067544
12,0.11,50.0,0.7000000000000001,0.4323739068751222,0.44288448215067544
12,0.11,50.0,0.72,0.4397080664738941,0.44288448215067544
12,0.11,50.0,0.74,0.4412422483250568,0.44288448215067544
12,0.11,100.0,0.0,0.445143147690885,0.4493844434989687
12,0.11,100.0,0.02,0.4329223451274163,0.4493844434989687
12,0.11,100.0,0.04,0.4244770044466248,0.4493844434989687
12,0.11,100.0,0.06,0.4199562765058556,0.4493844434989687
12,0.11,100.0,0.08,0.4249911275398638,0.4493844434989687
12,0.11,100.0,0.1,0.4091739537903137,0.4493844434989687
12,0.11,100.0,0.12,0.4012133817848252,0.4493844434989687
12,0.11,100.0,0.14,0.426685870830816,0.4493844434989687
12,0.11,100.0,0.16,0.4331399665662982,0.4493844434989687
12,0.11,100.0,0.18,0.4308865821332691,0.4493844434989687
12,0.11,100.0,0.2,0.446165958653418,0.4493844434989687
12,0.11,100.0,0.22,0.4485342977882736,0.4493844434989687
12,0.11,100.0,0.24,0.4494845309652749,0.4493844434989687
12,0.11,100.0,0.26,0.4428449756218298,0.4493844434989687
12,0.11,100.0,0.28,0.443900383444456,0.4493844434989687
12,0.11,100.0,0.3,0.4501650715559981,0.4493844434989687
12,0.11,100.0,0.32,0.4522999876234339,0.4493844434989687
12,0.11,100.0,0.34,0.4507872091398328,0.4493844434989687
12,0.11,100.0,0.36,0.4501519744980007,0.4493844434989687
12,0.11,100.0,0.38,0.4384263491813003,0.4493844434989687
12,0.11,100.0,0.4,0.4444357478689208,0.4493844434989687
12,0.11,100.0,0.42,0.4548215887845657,0.4493844434989687
12,0.11,100.0,0.44,0.4595080787915455,0.4493844434989687
12,0.11,100.0,0.46,0.4556114704812332,0.4493844434989687
12,0.11,100.0,0.48,0.4563182362713865,0.4493844434989687
12,0.11,100.0,0.5,0.4576441018009241,0.4493844434989687
12,0.11,100.0,0.52,0.4581706728009749,0.4493844434989687
12,0.11,100.0,0.54,0.4587711225057024,0.4493844434989687
12,0.11,100.0,0.56,0.4584815989480846,0.4493844434989687
12,0.11,100.0,0.58,0.4582345264516757,0.4493844434989687
12,0.11,100.0,0.6,0.4581935380963207,0.4493844434989687
12,0.11,100.0,0.62,0.4583450741050326,0.4493844434989687
12,0.11,100.0,0.64,0.4583522770050471,0.4493844434989687
12,0.11,100.0,0.66,0.4583229034849774,0.4493844434989687
12,0.11,100.0,0.68,0.4586671623530339,0.4493844434989687
12,0.11,100.0,0.7000000000000001,0.4589978849150259,0.4493844434989687
12,0.11,100.0,0.72,0.4593252862581172,0.4493844434989687
12,0.11,100.0,0.74,0.4590577330837588,0.4493844434989687
13,0.11,0.0,0.0,0.460485891876251,0.40606825498545496
13,0.11,0.0,0.02,0.432166108471721,0.40606825498545496
13,0.11,0.0,0.04,0.4102917673250061,0.40606825498545496
13,0.11,0.0,0.06,0.4181690535205796,0.40606825498545496
13,0.11,0.0,0.08,0.4113376373443299,0.40606825498545496
13,0.11,0.0,0.1,0.4023323439101759,0.40606825498545496
13,0.11,0.0,0.12,0.3954405062367468,0.40606825498545496
13,0.11,0.0,0.14,0.3988590232332087,0.40606825498545496
13,0.11,0.0,0.16,0.3996396686688986,0.40606825498545496
13,0.11,0.0,0.18,0.3990077748332258,0.40606825498545496
13,0.11,0.0,0.2,0.3958536820846313,0.40606825498545496
13,0.11,0.0,0.22,0.4005666989028285,0.40606825498545496
13,0.11,0.0,0.24,0.3954200688722085,0.40606825498545496
13,0.11,0.0,0.26,0.3966471228657479,0.40606825498545496
13,0.11,0.0,0.28,0.4000182002704134,0.40606825498545496
13,0.11,0.0,0.3,0.3987061144138681,0.40606825498545496
13,0.11,0.0,0.32,0.3927016745979906,0.40606825498545496
13,0.11,0.0,0.34,0.3873049772710746,0.40606825498545496
13,0.11,0.0,0.36,0.3907557675102211,0.40606825498545496
13,0.11,0.0,0.38,0.3922122531174419,0.40606825498545496
13,0.11,0.0,0.4,0.3925189152022454,0.40606825498545496
13,0.11,0.0,0.42,0.4006067012769247,0.40606825498545496
13,0.11,0.0,0.44,0.3998125747975745,0.40606825498545496
13,0.11,0.0,0.46,0.3911042883256835,0.40606825498545496
13,0.11,0.0,0.48,0.3853819178348198,0.40606825498545496
13,0.11,0.0,0.5,0.3900692452244391,0.40606825498545496
13,0.11,0.0,0.52,0.3866397635459996,0.40606825498545496
13,0.11,0.0,0.54,0.3863674465340383,0.40606825498545496
13,0.11,0.0,0.56,0.3884966660307114,0.40606825498545496
13,0.11,0.0,0.58,0.3925071905620307,0.40606825498545496
13,0.11,0.0,0.6,0.3935175026687224,0.40606825498545496
13,0.11,0.0,0.62,0.3865247421593396,0.40606825498545496
13,0.11,0.0,0.64,0.3848883318689303,0.40606825498545496
13,0.11,0.0,0.66,0.3841989875700799,0.40606825498545496
13,0.11,0.0,0.68,0.3894732646630746,0.40606825498545496
13,0.11,0.0,0.7000000000000001,0.3895985832583594,0.40606825498545496
13,0.11,0.0,0.72,0.3907008186893184,0.40606825498545496
13,0.11,0.0,0.74,0.3908590921688147,0.40606825498545496
13,0.11,5.0,0.0,0.4516645352310658,0.3994467862203017
13,0.11,5.0,0.02,0.4428306911765685,0.3994467862203017
13,0.11,5.0,0.04,0.4490515586695375,0.3994467862203017
13,0.11,5.0,0.06,0.4429385646399815,0.3994467862203017
13,0.11,5.0,0.08,0.4287157259161634,0.3994467862203017
13,0.11,5.0,0.1,0.4216165716910189,0.3994467862203017
13,0.11,5.0,0.12,0.4213015650504551,0.3994467862203017
13,0.11,5.0,0.14,0.4047603313320778,0.3994467862203017
13,0.11,5.0,0.16,0.3866410996538617,0.3994467862203017
13,0.11,5.0,0.18,0.3960693342543179,0.3994467862203017
13,0.11,5.0,0.2,0.3966489963597596,0.3994467862203017
13,0.11,5.0,0.22,0.4136186723075593,0.3994467862203017
13,0.11,5.0,0.24,0.4152970928048032,0.3994467862203017
13,0.11,5.0,0.26,0.4087825754850223,0.3994467862203017
13,0.11,5.0,0.28,0.4121400933457184,0.3994467862203017
13,0.11,5.0,0.3,0.4151862845097692,0.3994467862203017
13,0.11,5.0,0.32,0.4026642393585507,0.3994467862203017
13,0.11,5.0,0.34,0.3935832536784887,0.3994467862203017
13,0.11,5.0,0.36,0.3859758277077156,0.3994467862203017
13,0.11,5.0,0.38,0.384450218855107,0.3994467862203017
13,0.11,5.0,0.4,0.3954306716223883,0.3994467862203017
13,0.11,5.0,0.42,0.3910786623747666,0.3994467862203017
13,0.11,5.0,0.44,0.3879236135136151,0.3994467862203017
13,0.11,5.0,0.46,0.3926832412781406,0.3994467862203017
13,0.11,5.0,0.48,0.3914315341505939,0.3994467862203017
13,0.11,5.0,0.5,0.3911187686333128,0.3994467862203017
13,0.11,5.0,0.52,0.3876136646973184,0.3994467862203017
13,0.11,5.0,0.54,0.3850360866690732,0.3994467862203017
13,0.11,5.0,0.56,0.382034475898276,0.3994467862203017
13,0.11,5.0,0.58,0.3881905040544586,0.3994467862203017
13,0.11,5.0,0.6,0.3836398223892355,0.3994467862203017
13,0.11,5.0,0.62,0.3813431023124121,0.3994467862203017
13,0.11,5.0,0.64,0.3795314489391554,0.3994467862203017
13,0.11,5.0,0.66,0.3886302250709345,0.3994467862203017
13,0.11,5.0,0.68,0.3884382388169043,0.3994467862203017
13,0.11,5.0,0.7000000000000001,0.3938909506805003,0.3994467862203017
13,0.11,5.0,0.72,0.391777540277462,0.3994467862203017
13,0.11,5.0,0.74,0.3835104110485491,0.3994467862203017
13,0.11,10.0,0.0,0.4285430161998553,0.41259415737444405
13,0.11,10.0,0.02,0.4405710748027296,0.41259415737444405
13,0.11,10.0,0.04,0.4303498039351591,0.41259415737444405
13,0.11,10.0,0.06,0.4261742510809877,0.41259415737444405
13,0.11,10.0,0.08,0.4079711704872725,0.41259415737444405
13,0.11,10.0,0.1,0.3897896468891198,0.41259415737444405
13,0.11,10.0,0.12,0.3945973207846394,0.41259415737444405
13,0.11,10.0,0.14,0.4019167393584004,0.41259415737444405
13,0.11,10.0,0.16,0.4043343375695046,0.41259415737444405
13,0.11,10.0,0.18,0.4307931556985793,0.41259415737444405
13,0.11,10.0,0.2,0.4363954423107115,0.41259415737444405
13,0.11,10.0,0.22,0.4265593841111496,0.41259415737444405
13,0.11,10.0,0.24,0.4297391944451005,0.41259415737444405
13,0.11,10.0,0.26,0.4177442432756841,0.41259415737444405
13,0.11,10.0,0.28,0.4189042613217107,0.41259415737444405
13,0.11,10.0,0.3,0.4131064348071226,0.41259415737444405
13,0.11,10.0,0.32,0.406438059834292,0.41259415737444405
13,0.11,10.0,0.34,0.3963101080806979,0.41259415737444405
13,0.11,10.0,0.36,0.4018113245825834,0.41259415737444405
13,0.11,10.0,0.38,0.4031085770911083,0.41259415737444405
13,0.11,10.0,0.4,0.4021207569438406,0.41259415737444405
13,0.11,10.0,0.42,0.3830931720962238,0.41259415737444405
13,0.11,10.0,0.44,0.3908691155842157,0.41259415737444405
13,0.11,10.0,0.46,0.4004347460846231,0.41259415737444405
13,0.11,10.0,0.48,0.3981774879765724,0.41259415737444405
13,0.11,10.0,0.5,0.3985325993364778,0.41259415737444405
13,0.11,10.0,0.52,0.4008870448884338,0.41259415737444405
13,0.11,10.0,0.54,0.3967512190592334,0.41259415737444405
13,0.11,10.0,0.56,0.3831953385302126,0.41259415737444405
13,0.11,10.0,0.58,0.3884367103549513,0.41259415737444405
13,0.11,10.0,0.6,0.396103785496155,0.41259415737444405
13,0.11,10.0,0.62,0.3858204222497033,0.41259415737444405
13,0.11,10.0,0.64,0.384401898637588,0.41259415737444405
13,0.11,10.0,0.66,0.3816613814255527,0.41259415737444405
13,0.11,10.0,0.68,0.3785592027882815,0.41259415737444405
13,0.11,10.0,0.7000000000000001,0.3915202607507796,0.41259415737444405
13,0.11,10.0,0.72,0.3795993532796943,0.41259415737444405
13,0.11,10.0,0.74,0.3727524365673674,0.41259415737444405
13,0.11,15.0,0.0,0.4424951923576647,0.39789052130102603
13,0.11,15.0,0.02,0.4199626924446887,0.39789052130102603
13,0.11,15.0,0.04,0.4135799181392667,0.39789052130102603
13,0.11,15.0,0.06,0.4012270160420375,0.39789052130102603
13,0.11,15.0,0.08,0.3917991219728309,0.39789052130102603
13,0.11,15.0,0.1,0.3808790668136069,0.39789052130102603
13,0.11,15.0,0.12,0.3599606632563671,0.39789052130102603
13,0.11,15.0,0.14,0.3505079285163012,0.39789052130102603
13,0.11,15.0,0.16,0.3462873527333021,0.39789052130102603
13,0.11,15.0,0.18,0.3385566789233448,0.39789052130102603
13,0.11,15.0,0.2,0.340512995888128,0.39789052130102603
13,0.11,15.0,0.22,0.3363486954183465,0.39789052130102603
13,0.11,15.0,0.24,0.3288682980228662,0.39789052130102603
13,0.11,15.0,0.26,0.3257457630664008,0.39789052130102603
13,0.11,15.0,0.28,0.3238832209912516,0.39789052130102603
13,0.11,15.0,0.3,0.321593938873163,0.39789052130102603
13,0.11,15.0,0.32,0.3260723550023015,0.39789052130102603
13,0.11,15.0,0.34,0.3248453247322204,0.39789052130102603
13,0.11,15.0,0.36,0.3321743521740385,0.39789052130102603
13,0.11,15.0,0.38,0.3559514270494215,0.39789052130102603
13,0.11,15.0,0.4,0.3689705620869914,0.39789052130102603
13,0.11,15.0,0.42,0.3859956955180352,0.39789052130102603
13,0.11,15.0,0.44,0.4143428311238397,0.39789052130102603
13,0.11,15.0,0.46,0.4348931706893034,0.39789052130102603
13,0.11,15.0,0.48,0.4329423376912943,0.39789052130102603
13,0.11,15.0,0.5,0.4432174809196788,0.39789052130102603
13,0.11,15.0,0.52,0.4608892753819557,0.39789052130102603
13,0.11,15.0,0.54,0.4539176330899248,0.39789052130102603
13,0.11,15.0,0.56,0.4633994570733373,0.39789052130102603
13,0.11,15.0,0.58,0.4583989260250025,0.39789052130102603
13,0.11,15.0,0.6,0.4563302614916436,0.39789052130102603
13,0.11,15.0,0.62,0.4549013428639091,0.39789052130102603
13,0.11,15.0,0.64,0.4540870400980385,0.39789052130102603
13,0.11,15.0,0.66,0.4484610617785319,0.39789052130102603
13,0.11,15.0,0.68,0.4495925534744808,0.39789052130102603
13,0.11,15.0,0.7000000000000001,0.4534922390627157,0.39789052130102603
13,0.11,15.0,0.72,0.4328770494861537,0.39789052130102603
13,0.11,15.0,0.74,0.4309057723340725,0.39789052130102603
13,0.11,20.0,0.0,0.4666390967854129,0.42167154619411357
13,0.11,20.0,0.02,0.4572034756563944,0.42167154619411357
13,0.11,20.0,0.04,0.4404355946446508,0.42167154619411357
13,0.11,20.0,0.06,0.4306232029058282,0.42167154619411357
13,0.11,20.0,0.08,0.4274879147396034,0.42167154619411357
13,0.11,20.0,0.1,0.4342591447293345,0.42167154619411357
13,0.11,20.0,0.12,0.4286001020726958,0.42167154619411357
13,0.11,20.0,0.14,0.4236532598592278,0.42167154619411357
13,0.11,20.0,0.16,0.4249885195482539,0.42167154619411357
13,0.11,20.0,0.18,0.4248815607129477,0.42167154619411357
13,0.11,20.0,0.2,0.4278588419619099,0.42167154619411357
13,0.11,20.0,0.22,0.4334463502051944,0.42167154619411357
13,0.11,20.0,0.24,0.4300422850461106,0.42167154619411357
13,0.11,20.0,0.26,0.4286039114117205,0.42167154619411357
13,0.11,20.0,0.28,0.4331408659854475,0.42167154619411357
13,0.11,20.0,0.3,0.4344505890979993,0.42167154619411357
13,0.11,20.0,0.32,0.4384612743267034,0.42167154619411357
13,0.11,20.0,0.34,0.4393115396361481,0.42167154619411357
13,0.11,20.0,0.36,0.4332889941216487,0.42167154619411357
13,0.11,20.0,0.38,0.42941591088225,0.42167154619411357
13,0.11,20.0,0.4,0.4305413066057695,0.42167154619411357
13,0.11,20.0,0.42,0.4259329031175711,0.42167154619411357
13,0.11,20.0,0.44,0.426048833021306,0.42167154619411357
13,0.11,20.0,0.46,0.4237176669508026,0.42167154619411357
13,0.11,20.0,0.48,0.426709108483725,0.42167154619411357
13,0.11,20.0,0.5,0.4238687090142448,0.42167154619411357
13,0.11,20.0,0.52,0.4202953879029145,0.42167154619411357
13,0.11,20.0,0.54,0.4175015829256512,0.42167154619411357
13,0.11,20.0,0.56,0.4131857280728233,0.42167154619411357
13,0.11,20.0,0.58,0.4146311398203198,0.42167154619411357
13,0.11,20.0,0.6,0.4167882407554553,0.42167154619411357
13,0.11,20.0,0.62,0.4133152324940631,0.42167154619411357
13,0.11,20.0,0.64,0.4045215946418522,0.42167154619411357
13,0.11,20.0,0.66,0.3994062552096182,0.42167154619411357
13,0.11,20.0,0.68,0.3998153866746661,0.42167154619411357
13,0.11,20.0,0.7000000000000001,0.4022016713783682,0.42167154619411357
13,0.11,20.0,0.72,0.40365288713843,0.42167154619411357
13,0.11,20.0,0.74,0.400887343749876,0.42167154619411357
13,0.11,25.0,0.0,0.4088096544897281,0.42182077670018386
13,0.11,25.0,0.02,0.4512705794212534,0.42182077670018386
13,0.11,25.0,0.04,0.4551939448415604,0.42182077670018386
13,0.11,25.0,0.06,0.4526205830883754,0.42182077670018386
13,0.11,25.0,0.08,0.449551411410335,0.42182077670018386
13,0.11,25.0,0.1,0.4464501462593933,0.42182077670018386
13,0.11,25.0,0.12,0.4492524837903743,0.42182077670018386
13,0.11,25.0,0.14,0.4519909874081145,0.42182077670018386
13,0.11,25.0,0.16,0.4583908202864656,0.42182077670018386
13,0.11,25.0,0.18,0.4483086203509721,0.42182077670018386
13,0.11,25.0,0.2,0.4653639754064489,0.42182077670018386
13,0.11,25.0,0.22,0.449595173995569,0.42182077670018386
13,0.11,25.0,0.24,0.450122835520605,0.42182077670018386
13,0.11,25.0,0.26,0.4290642770315653,0.42182077670018386
13,0.11,25.0,0.28,0.4147678976802143,0.42182077670018386
13,0.11,25.0,0.3,0.4181637431865972,0.42182077670018386
13,0.11,25.0,0.32,0.4107120770007423,0.42182077670018386
13,0.11,25.0,0.34,0.3963972187582971,0.42182077670018386
13,0.11,25.0,0.36,0.3985945002076872,0.42182077670018386
13,0.11,25.0,0.38,0.4041919428576189,0.42182077670018386
13,0.11,25.0,0.4,0.4194928258173391,0.42182077670018386
13,0.11,25.0,0.42,0.4301400284185471,0.42182077670018386
13,0.11,25.0,0.44,0.4226512613183726,0.42182077670018386
13,0.11,25.0,0.46,0.4184183250303946,0.42182077670018386
13,0.11,25.0,0.48,0.4256649970168737,0.42182077670018386
13,0.11,25.0,0.5,0.4245749874361416,0.42182077670018386
13,0.11,25.0,0.52,0.4277973984243928,0.42182077670018386
13,0.11,25.0,0.54,0.422061165002989,0.42182077670018386
13,0.11,25.0,0.56,0.417337680667672,0.42182077670018386
13,0.11,25.0,0.58,0.4188002863556229,0.42182077670018386
13,0.11,25.0,0.6,0.4250105647883461,0.42182077670018386
13,0.11,25.0,0.62,0.4239611065764394,0.42182077670018386
13,0.11,25.0,0.64,0.4209555799596451,0.42182077670018386
13,0.11,25.0,0.66,0.4225082414122608,0.42182077670018386
13,0.11,25.0,0.68,0.4210336557311488,0.42182077670018386
13,0.11,25.0,0.7000000000000001,0.4184322506925949,0.42182077670018386
13,0.11,25.0,0.72,0.4195295412039158,0.42182077670018386
13,0.11,25.0,0.74,0.4179461074837121,0.42182077670018386
13,0.11,30.0,0.0,0.4521635777857174,0.41160415557583674
13,0.11,30.0,0.02,0.446934480897545,0.41160415557583674
13,0.11,30.0,0.04,0.4416797472619846,0.41160415557583674
13,0.11,30.0,0.06,0.4311165908904105,0.41160415557583674
13,0.11,30.0,0.08,0.4365562907073382,0.41160415557583674
13,0.11,30.0,0.1,0.4397065743051486,0.41160415557583674
13,0.11,30.0,0.12,0.4606553229724431,0.41160415557583674
13,0.11,30.0,0.14,0.4507350723654575,0.41160415557583674
13,0.11,30.0,0.16,0.4423374715610328,0.41160415557583674
13,0.11,30.0,0.18,0.4464385741828207,0.41160415557583674
13,0.11,30.0,0.2,0.438175706495911,0.41160415557583674
13,0.11,30.0,0.22,0.4259333671922266,0.41160415557583674
13,0.11,30.0,0.24,0.4123462276302771,0.41160415557583674
13,0.11,30.0,0.26,0.4023697601137559,0.41160415557583674
13,0.11,30.0,0.28,0.3991979230173967,0.41160415557583674
13,0.11,30.0,0.3,0.4092907059683322,0.41160415557583674
13,0.11,30.0,0.32,0.4249420635641455,0.41160415557583674
13,0.11,30.0,0.34,0.4227110884940754,0.41160415557583674
13,0.11,30.0,0.36,0.4063568169274059,0.41160415557583674
13,0.11,30.0,0.38,0.4026143047329069,0.41160415557583674
13,0.11,30.0,0.4,0.3978111815598777,0.41160415557583674
13,0.11,30.0,0.42,0.3868727878082795,0.41160415557583674
13,0.11,30.0,0.44,0.3887204153646547,0.41160415557583674
13,0.11,30.0,0.46,0.396141860009282,0.41160415557583674
13,0.11,30.0,0.48,0.3925708137321805,0.41160415557583674
13,0.11,30.0,0.5,0.383771036568698,0.41160415557583674
13,0.11,30.0,0.52,0.3802264891800561,0.41160415557583674
13,0.11,30.0,0.54,0.3784257004062704,0.41160415557583674
13,0.11,30.0,0.56,0.3729828332961077,0.41160415557583674
13,0.11,30.0,0.58,0.3812260208838193,0.41160415557583674
13,0.11,30.0,0.6,0.3909865551068034,0.41160415557583674
13,0.11,30.0,0.62,0.3865200160798881,0.41160415557583674
13,0.11,30.0,0.64,0.3832621034366365,0.41160415557583674
13,0.11,30.0,0.66,0.3827300333612489,0.41160415557583674
13,0.11,30.0,0.68,0.395377823393125,0.41160415557583674
13,0.11,30.0,0.7000000000000001,0.4041936785543006,0.41160415557583674
13,0.11,30.0,0.72,0.4291845775844495,0.41160415557583674
13,0.11,30.0,0.74,0.4309444479317901,0.41160415557583674
13,0.11,40.0,0.0,0.4196464069834086,0.42984821374698656
13,0.11,40.0,0.02,0.44220434729258,0.42984821374698656
13,0.11,40.0,0.04,0.4572163442046821,0.42984821374698656
13,0.11,40.0,0.06,0.4602302872992849,0.42984821374698656
13,0.11,40.0,0.08,0.454914114681108,0.42984821374698656
13,0.11,40.0,0.1,0.4409119787304013,0.42984821374698656
13,0.11,40.0,0.12,0.4392808300219661,0.42984821374698656
13,0.11,40.0,0.14,0.424934796122973,0.42984821374698656
13,0.11,40.0,0.16,0.4100025367359107,0.42984821374698656
13,0.11,40.0,0.18,0.3913431034988742,0.42984821374698656
13,0.11,40.0,0.2,0.4175768440195824,0.42984821374698656
13,0.11,40.0,0.22,0.426447373813281,0.42984821374698656
13,0.11,40.0,0.24,0.4237220497069242,0.42984821374698656
13,0.11,40.0,0.26,0.4288785915854346,0.42984821374698656
13,0.11,40.0,0.28,0.434504296572231,0.42984821374698656
13,0.11,40.0,0.3,0.427481819961089,0.42984821374698656
13,0.11,40.0,0.32,0.429502167783673,0.42984821374698656
13,0.11,40.0,0.34,0.4366588058656873,0.42984821374698656
13,0.11,40.0,0.36,0.4390780028014757,0.42984821374698656
13,0.11,40.0,0.38,0.4305262339370925,0.42984821374698656
13,0.11,40.0,0.4,0.4348735142097583,0.42984821374698656
13,0.11,40.0,0.42,0.4287933308368556,0.42984821374698656
13,0.11,40.0,0.44,0.4370565024185194,0.42984821374698656
13,0.11,40.0,0.46,0.4382670890822011,0.42984821374698656
13,0.11,40.0,0.48,0.4276184272878517,0.42984821374698656
13,0.11,40.0,0.5,0.4303039911383436,0.42984821374698656
13,0.11,40.0,0.52,0.434138395429859,0.42984821374698656
13,0.11,40.0,0.54,0.4477093510426402,0.42984821374698656
13,0.11,40.0,0.56,0.4642084752357215,0.42984821374698656
13,0.11,40.0,0.58,0.4442911124140701,0.42984821374698656
13,0.11,40.0,0.6,0.4503668658663474,0.42984821374698656
13,0.11,40.0,0.62,0.4619947884945183,0.42984821374698656
13,0.11,40.0,0.64,0.4645816540372975,0.42984821374698656
13,0.11,40.0,0.66,0.4496377828869904,0.42984821374698656
13,0.11,40.0,0.68,0.4362126484218491,0.42984821374698656
13,0.11,40.0,0.7000000000000001,0.4413498159912281,0.42984821374698656
13,0.11,40.0,0.72,0.4524819040796186,0.42984821374698656
13,0.11,40.0,0.74,0.4507049275094504,0.42984821374698656
13,0.11,50.0,0.0,0.4241460525664818,0.44288448215067544
13,0.11,50.0,0.02,0.4430361150370764,0.44288448215067544
13,0.11,50.0,0.04,0.4365935885041623,0.44288448215067544
13,0.11,50.0,0.06,0.4134924776690249,0.44288448215067544
13,0.11,50.0,0.08,0.4340517267455175,0.44288448215067544
13,0.11,50.0,0.1,0.4481357747804457,0.44288448215067544
13,0.11,50.0,0.12,0.4555502157352677,0.44288448215067544
13,0.11,50.0,0.14,0.4545068178391967,0.44288448215067544
13,0.11,50.0,0.16,0.4565304876420267,0.44288448215067544
13,0.11,50.0,0.18,0.4530531072819174,0.44288448215067544
13,0.11,50.0,0.2,0.4538119900045911,0.44288448215067544
13,0.11,50.0,0.22,0.4541781187146556,0.44288448215067544
13,0.11,50.0,0.24,0.439297564572738,0.44288448215067544
13,0.11,50.0,0.26,0.453540933255223,0.44288448215067544
13,0.11,50.0,0.28,0.4528246799883335,0.44288448215067544
13,0.11,50.0,0.3,0.4539190314781735,0.44288448215067544
13,0.11,50.0,0.32,0.4501419832498127,0.44288448215067544
13,0.11,50.0,0.34,0.4446018660179994,0.44288448215067544
13,0.11,50.0,0.36,0.428700705999754,0.44288448215067544
13,0.11,50.0,0.38,0.4356552767114698,0.44288448215067544
13,0.11,50.0,0.4,0.4280365435525845,0.44288448215067544
13,0.11,50.0,0.42,0.4292024334568768,0.44288448215067544
13,0.11,50.0,0.44,0.4426505517381159,0.44288448215067544
13,0.11,50.0,0.46,0.4596658677257473,0.44288448215067544
13,0.11,50.0,0.48,0.4622040013157728,0.44288448215067544
13,0.11,50.0,0.5,0.4845026242625566,0.44288448215067544
13,0.11,50.0,0.52,0.5129424236866629,0.44288448215067544
13,0.11,50.0,0.54,0.5074628789428207,0.44288448215067544
13,0.11,50.0,0.56,0.5024284887355916,0.44288448215067544
13,0.11,50.0,0.58,0.5023300277123881,0.44288448215067544
13,0.11,50.0,0.6,0.4878714484088859,0.44288448215067544
13,0.11,50.0,0.62,0.4639775460561231,0.44288448215067544
13,0.11,50.0,0.64,0.4625661366368545,0.44288448215067544
13,0.11,50.0,0.66,0.4616602588119602,0.44288448215067544
13,0.11,50.0,0.68,0.4567746795131408,0.44288448215067544
13,0.11,50.0,0.7000000000000001,0.4570700284310412,0.44288448215067544
13,0.11,50.0,0.72,0.4585258354459515,0.44288448215067544
13,0.11,50.0,0.74,0.4385953683447219,0.44288448215067544
13,0.11,100.0,0.0,0.4334037765542244,0.4493844434989687
13,0.11,100.0,0.02,0.44084969493655,0.4493844434989687
13,0.11,100.0,0.04,0.4294355463710097,0.4493844434989687
13,0.11,100.0,0.06,0.4246137739123614,0.4493844434989687
13,0.11,100.0,0.08,0.4167459465083452,0.4493844434989687
13,0.11,100.0,0.1,0.4327013148777254,0.4493844434989687
13,0.11,100.0,0.12,0.4574373293821188,0.4493844434989687
13,0.11,100.0,0.14,0.4618613406554235,0.4493844434989687
13,0.11,100.0,0.16,0.4506098169443683,0.4493844434989687
13,0.11,100.0,0.18,0.4471336829056933,0.4493844434989687
13,0.11,100.0,0.2,0.4496659235940298,0.4493844434989687
13,0.11,100.0,0.22,0.4551792281504456,0.4493844434989687
13,0.11,100.0,0.24,0.4538413899526409,0.4493844434989687
13,0.11,100.0,0.26,0.4554791633403062,0.4493844434989687
13,0.11,100.0,0.28,0.4555760096087975,0.4493844434989687
13,0.11,100.0,0.3,0.4551829986485773,0.4493844434989687
13,0.11,100.0,0.32,0.4557145635657171,0.4493844434989687
13,0.11,100.0,0.34,0.4559312560378517,0.4493844434989687
13,0.11,100.0,0.36,0.4559220188087408,0.4493844434989687
13,0.11,100.0,0.38,0.4556539331936707,0.4493844434989687
13,0.11,100.0,0.4,0.4557407383544259,0.4493844434989687
13,0.11,100.0,0.42,0.4558240171837789,0.4493844434989687
13,0.11,100.0,0.44,0.4554447090470351,0.4493844434989687
13,0.11,100.0,0.46,0.4551112273436306,0.4493844434989687
13,0.11,100.0,0.48,0.4550292566988468,0.4493844434989687
13,0.11,100.0,0.5,0.4551449736729436,0.4493844434989687
13,0.11,100.0,0.52,0.4553902711809395,0.4493844434989687
13,0.11,100.0,0.54,0.4556616760027257,0.4493844434989687
13,0.11,100.0,0.56,0.4551716093017239,0.4493844434989687
13,0.11,100.0,0.58,0.4552064510184468,0.4493844434989687
13,0.11,100.0,0.6,0.4552978886242013,0.4493844434989687
13,0.11,100.0,0.62,0.4555159148134258,0.4493844434989687
13,0.11,100.0,0.64,0.4553474833434684,0.4493844434989687
13,0.11,100.0,0.66,0.4553924187084385,0.4493844434989687
13,0.11,100.0,0.68,0.4556851633525254,0.4493844434989687
13,0.11,100.0,0.7000000000000001,0.4553775882530652,0.4493844434989687
13,0.11,100.0,0.72,0.4551636974282189,0.4493844434989687
13,0.11,100.0,0.74,0.4551789088919096,0.4493844434989687
14,0.11,0.0,0.0,0.4537313517907025,0.40606825498545496
14,0.11,0.0,0.02,0.4309474485707616,0.40606825498545496
14,0.11,0.0,0.04,0.4342983660881554,0.40606825498545496
14,0.11,0.0,0.06,0.4260988933350557,0.40606825498545496
14,0.11,0.0,0.08,0.4167258501329974,0.40606825498545496
14,0.11,0.0,0.1,0.4112035515793522,0.40606825498545496
14,0.11,0.0,0.12,0.4117021804109353,0.40606825498545496
14,0.11,0.0,0.14,0.4156223886300794,0.40606825498545496
14,0.11,0.0,0.16,0.4141634922655413,0.40606825498545496
14,0.11,0.0,0.18,0.4127890489709352,0.40606825498545496
14,0.11,0.0,0.2,0.4117521011211785,0.40606825498545496
14,0.11,0.0,0.22,0.4114525048728847,0.40606825498545496
14,0.11,0.0,0.24,0.4102317898303023,0.40606825498545496
14,0.11,0.0,0.26,0.4085990122684246,0.40606825498545496
14,0.11,0.0,0.28,0.4117668274989157,0.40606825498545496
14,0.11,0.0,0.3,0.4103822785447538,0.40606825498545496
14,0.11,0.0,0.32,0.4106621357259956,0.40606825498545496
14,0.11,0.0,0.34,0.4106237043174519,0.40606825498545496
14,0.11,0.0,0.36,0.4133057701402422,0.40606825498545496
14,0.11,0.0,0.38,0.4082541800839003,0.40606825498545496
14,0.11,0.0,0.4,0.4037157951473842,0.40606825498545496
14,0.11,0.0,0.42,0.4043685349491553,0.40606825498545496
14,0.11,0.0,0.44,0.4052983924529607,0.40606825498545496
14,0.11,0.0,0.46,0.402067894796988,0.40606825498545496
14,0.11,0.0,0.48,0.3995492183870645,0.40606825498545496
14,0.11,0.0,0.5,0.3990359702948522,0.40606825498545496
14,0.11,0.0,0.52,0.4006932437219432,0.40606825498545496
14,0.11,0.0,0.54,0.4044244687360298,0.40606825498545496
14,0.11,0.0,0.56,0.4058468638046403,0.40606825498545496
14,0.11,0.0,0.58,0.4060207670830471,0.40606825498545496
14,0.11,0.0,0.6,0.4054129323058886,0.40606825498545496
14,0.11,0.0,0.62,0.4043952210254652,0.40606825498545496
14,0.11,0.0,0.64,0.4026157953964622,0.40606825498545496
14,0.11,0.0,0.66,0.4048288845594648,0.40606825498545496
14,0.11,0.0,0.68,0.4070516410325819,0.40606825498545496
14,0.11,0.0,0.7000000000000001,0.4029747180849936,0.40606825498545496
14,0.11,0.0,0.72,0.4013635924480092,0.40606825498545496
14,0.11,0.0,0.74,0.401432730938562,0.40606825498545496
14,0.11,5.0,0.0,0.4303531292491411,0.3994467862203017
14,0.11,5.0,0.02,0.4305758881802151,0.3994467862203017
14,0.11,5.0,0.04,0.4180936275275036,0.3994467862203017
14,0.11,5.0,0.06,0.4072017022564194,0.3994467862203017
14,0.11,5.0,0.08,0.395823684399732,0.3994467862203017
14,0.11,5.0,0.1,0.3945685493888584,0.3994467862203017
14,0.11,5.0,0.12,0.4044601850481705,0.3994467862203017
14,0.11,5.0,0.14,0.4062124087193245,0.3994467862203017
14,0.11,5.0,0.16,0.3966540316089534,0.3994467862203017
14,0.11,5.0,0.18,0.3866095208767624,0.3994467862203017
14,0.11,5.0,0.2,0.3759491595013319,0.3994467862203017
14,0.11,5.0,0.22,0.3744541562393454,0.3994467862203017
14,0.11,5.0,0.24,0.3751487963074564,0.3994467862203017
14,0.11,5.0,0.26,0.3837218577012399,0.3994467862203017
14,0.11,5.0,0.28,0.3849223390548336,0.3994467862203017
14,0.11,5.0,0.3,0.3830108710323159,0.3994467862203017
14,0.11,5.0,0.32,0.3891338688338095,0.3994467862203017
14,0.11,5.0,0.34,0.3938889163092222,0.3994467862203017
14,0.11,5.0,0.36,0.3874071191144643,0.3994467862203017
14,0.11,5.0,0.38,0.3914513137618148,0.3994467862203017
14,0.11,5.0,0.4,0.4052896416167251,0.3994467862203017
14,0.11,5.0,0.42,0.4241595212794728,0.3994467862203017
14,0.11,5.0,0.44,0.4210221990462654,0.3994467862203017
14,0.11,5.0,0.46,0.4115251200659894,0.3994467862203017
14,0.11,5.0,0.48,0.4114722773260812,0.3994467862203017
14,0.11,5.0,0.5,0.4089537971485238,0.3994467862203017
14,0.11,5.0,0.52,0.4191277109308735,0.3994467862203017
14,0.11,5.0,0.54,0.4220212902092942,0.3994467862203017
14,0.11,5.0,0.56,0.4292991820503606,0.3994467862203017
14,0.11,5.0,0.58,0.4291479794594242,0.3994467862203017
14,0.11,5.0,0.6,0.4202312798860186,0.3994467862203017
14,0.11,5.0,0.62,0.4134156766543967,0.3994467862203017
14,0.11,5.0,0.64,0.4015955074491053,0.3994467862203017
14,0.11,5.0,0.66,0.3989726723849632,0.3994467862203017
14,0.11,5.0,0.68,0.4055204585949977,0.3994467862203017
14,0.11,5.0,0.7000000000000001,0.4089880253605833,0.3994467862203017
14,0.11,5.0,0.72,0.4123141042203243,0.3994467862203017
14,0.11,5.0,0.74,0.4115584999847238,0.3994467862203017
14,0.11,10.0,0.0,0.440465041509669,0.41259415737444405
14,0.11,10.0,0.02,0.4219550816037287,0.41259415737444405
14,0.11,10.0,0.04,0.4178752037278919,0.41259415737444405
14,0.11,10.0,0.06,0.4106120968817853,0.41259415737444405
14,0.11,10.0,0.08,0.4071261269951484,0.41259415737444405
14,0.11,10.0,0.1,0.4030478636491573,0.41259415737444405
14,0.11,10.0,0.12,0.4110925107581127,0.41259415737444405
14,0.11,10.0,0.14,0.4091914059379625,0.41259415737444405
14,0.11,10.0,0.16,0.4085501532171292,0.41259415737444405
14,0.11,10.0,0.18,0.4088113343228454,0.41259415737444405
14,0.11,10.0,0.2,0.417652624113168,0.41259415737444405
14,0.11,10.0,0.22,0.4054744145694564,0.41259415737444405
14,0.11,10.0,0.24,0.4045038050411404,0.41259415737444405
14,0.11,10.0,0.26,0.4090359674258046,0.41259415737444405
14,0.11,10.0,0.28,0.420296215469762,0.41259415737444405
14,0.11,10.0,0.3,0.4182049015222947,0.41259415737444405
14,0.11,10.0,0.32,0.4129176569806805,0.41259415737444405
14,0.11,10.0,0.34,0.4057460420226638,0.41259415737444405
14,0.11,10.0,0.36,0.4109252185785488,0.41259415737444405
14,0.11,10.0,0.38,0.4136032015648618,0.41259415737444405
14,0.11,10.0,0.4,0.4146036863393578,0.41259415737444405
14,0.11,10.0,0.42,0.4111021039686022,0.41259415737444405
14,0.11,10.0,0.44,0.4066242128610355,0.41259415737444405
14,0.11,10.0,0.46,0.4066765295123811,0.41259415737444405
14,0.11,10.0,0.48,0.4191868631716232,0.41259415737444405
14,0.11,10.0,0.5,0.4233008275939088,0.41259415737444405
14,0.11,10.0,0.52,0.4242309974606233,0.41259415737444405
14,0.11,10.0,0.54,0.4369198718925244,0.41259415737444405
14,0.11,10.0,0.56,0.4544018073736854,0.41259415737444405
14,0.11,10.0,0.58,0.4381236618524031,0.41259415737444405
14,0.11,10.0,0.6,0.4278672646919104,0.41259415737444405
14,0.11,10.0,0.62,0.4208781933079036,0.41259415737444405
14,0.11,10.0,0.64,0.42111910028205,0.41259415737444405
14,0.11,10.0,0.66,0.4132956344760716,0.41259415737444405
14,0.11,10.0,0.68,0.42732743389757,0.41259415737444405
14,0.11,10.0,0.7000000000000001,0.435132479254015,0.41259415737444405
14,0.11,10.0,0.72,0.4485675164500312,0.41259415737444405
14,0.11,10.0,0.74,0.4456172539092266,0.41259415737444405
14,0.11,15.0,0.0,0.4423442428395045,0.39789052130102603
14,0.11,15.0,0.02,0.4307934235167838,0.39789052130102603
14,0.11,15.0,0.04,0.4209609730788422,0.39789052130102603
14,0.11,15.0,0.06,0.4196716288076435,0.39789052130102603
14,0.11,15.0,0.08,0.4102274576797191,0.39789052130102603
14,0.11,15.0,0.1,0.4015236220907425,0.39789052130102603
14,0.11,15.0,0.12,0.3993555182643935,0.39789052130102603
14,0.11,15.0,0.14,0.3933344491363683,0.39789052130102603
14,0.11,15.0,0.16,0.3741561394640167,0.39789052130102603
14,0.11,15.0,0.18,0.3653496163535717,0.39789052130102603
14,0.11,15.0,0.2,0.3773703010073627,0.39789052130102603
14,0.11,15.0,0.22,0.3864914739827321,0.39789052130102603
14,0.11,15.0,0.24,0.3944509436909673,0.39789052130102603
14,0.11,15.0,0.26,0.4001464054017642,0.39789052130102603
14,0.11,15.0,0.28,0.3990416561907957,0.39789052130102603
14,0.11,15.0,0.3,0.402520119341943,0.39789052130102603
14,0.11,15.0,0.32,0.3952836706386021,0.39789052130102603
14,0.11,15.0,0.34,0.3812473717725467,0.39789052130102603
14,0.11,15.0,0.36,0.3706042959027773,0.39789052130102603
14,0.11,15.0,0.38,0.3672779289501211,0.39789052130102603
14,0.11,15.0,0.4,0.367182563231511,0.39789052130102603
14,0.11,15.0,0.42,0.3646416321024024,0.39789052130102603
14,0.11,15.0,0.44,0.3712219411906645,0.39789052130102603
14,0.11,15.0,0.46,0.3737413992898148,0.39789052130102603
14,0.11,15.0,0.48,0.3792075432424704,0.39789052130102603
14,0.11,15.0,0.5,0.3800438046649707,0.39789052130102603
14,0.11,15.0,0.52,0.3693897594415571,0.39789052130102603
14,0.11,15.0,0.54,0.3559191794234599,0.39789052130102603
14,0.11,15.0,0.56,0.3461572630431606,0.39789052130102603
14,0.11,15.0,0.58,0.3379261558725022,0.39789052130102603
14,0.11,15.0,0.6,0.3483433275464706,0.39789052130102603
14,0.11,15.0,0.62,0.3687097723157442,0.39789052130102603
14,0.11,15.0,0.64,0.3733298003478224,0.39789052130102603
14,0.11,15.0,0.66,0.3720974186742699,0.39789052130102603
14,0.11,15.0,0.68,0.3682195938014145,0.39789052130102603
14,0.11,15.0,0.7000000000000001,0.3650391980348558,0.39789052130102603
14,0.11,15.0,0.72,0.3639122116731889,0.39789052130102603
14,0.11,15.0,0.74,0.3634983966211519,0.39789052130102603
14,0.11,20.0,0.0,0.4518971420738079,0.42167154619411357
14,0.11,20.0,0.02,0.4297846777449458,0.42167154619411357
14,0.11,20.0,0.04,0.4443230237456241,0.42167154619411357
14,0.11,20.0,0.06,0.4481340572172985,0.42167154619411357
14,0.11,20.0,0.08,0.4434621161470802,0.42167154619411357
14,0.11,20.0,0.1,0.4323169220736211,0.42167154619411357
14,0.11,20.0,0.12,0.4337311360250053,0.42167154619411357
14,0.11,20.0,0.14,0.4378354471311233,0.42167154619411357
14,0.11,20.0,0.16,0.43726798144858,0.42167154619411357
14,0.11,20.0,0.18,0.4537133158495613,0.42167154619411357
14,0.11,20.0,0.2,0.4630879852695905,0.42167154619411357
14,0.11,20.0,0.22,0.4506887796228644,0.42167154619411357
14,0.11,20.0,0.24,0.4444253486380489,0.42167154619411357
14,0.11,20.0,0.26,0.4474212767087624,0.42167154619411357
14,0.11,20.0,0.28,0.4427148950328263,0.42167154619411357
14,0.11,20.0,0.3,0.4392370038937178,0.42167154619411357
14,0.11,20.0,0.32,0.4408862663090147,0.42167154619411357
14,0.11,20.0,0.34,0.4422450468015245,0.42167154619411357
14,0.11,20.0,0.36,0.4498125740154378,0.42167154619411357
14,0.11,20.0,0.38,0.4486736423295195,0.42167154619411357
14,0.11,20.0,0.4,0.4405533834579855,0.42167154619411357
14,0.11,20.0,0.42,0.4466557464644322,0.42167154619411357
14,0.11,20.0,0.44,0.4499904487034747,0.42167154619411357
14,0.11,20.0,0.46,0.4570908988881063,0.42167154619411357
14,0.11,20.0,0.48,0.4603801474971485,0.42167154619411357
14,0.11,20.0,0.5,0.4558068210694794,0.42167154619411357
14,0.11,20.0,0.52,0.4525125900750005,0.42167154619411357
14,0.11,20.0,0.54,0.4375451511237038,0.42167154619411357
14,0.11,20.0,0.56,0.4309027746531624,0.42167154619411357
14,0.11,20.0,0.58,0.4334576153317701,0.42167154619411357
14,0.11,20.0,0.6,0.4395668820916891,0.42167154619411357
14,0.11,20.0,0.62,0.4518831440554311,0.42167154619411357
14,0.11,20.0,0.64,0.4680191080453337,0.42167154619411357
14,0.11,20.0,0.66,0.4462856973152818,0.42167154619411357
14,0.11,20.0,0.68,0.4399524614458549,0.42167154619411357
14,0.11,20.0,0.7000000000000001,0.4355414747562239,0.42167154619411357
14,0.11,20.0,0.72,0.4473716680948473,0.42167154619411357
14,0.11,20.0,0.74,0.4457099072332977,0.42167154619411357
14,0.11,25.0,0.0,0.4288332143575427,0.42182077670018386
14,0.11,25.0,0.02,0.4303673567867238,0.42182077670018386
14,0.11,25.0,0.04,0.4383248207066181,0.42182077670018386
14,0.11,25.0,0.06,0.4357822134002274,0.42182077670018386
14,0.11,25.0,0.08,0.4348764746755381,0.42182077670018386
14,0.11,25.0,0.1,0.4422296650986703,0.42182077670018386
14,0.11,25.0,0.12,0.4329978212140882,0.42182077670018386
14,0.11,25.0,0.14,0.41064760667729,0.42182077670018386
14,0.11,25.0,0.16,0.4308123396038417,0.42182077670018386
14,0.11,25.0,0.18,0.4537266216935487,0.42182077670018386
14,0.11,25.0,0.2,0.4591503380390763,0.42182077670018386
14,0.11,25.0,0.22,0.453105811803772,0.42182077670018386
14,0.11,25.0,0.24,0.4528790340131395,0.42182077670018386
14,0.11,25.0,0.26,0.4575708490835045,0.42182077670018386
14,0.11,25.0,0.28,0.4601222905747763,0.42182077670018386
14,0.11,25.0,0.3,0.4608237369091771,0.42182077670018386
14,0.11,25.0,0.32,0.4543842824597172,0.42182077670018386
14,0.11,25.0,0.34,0.4639614339229168,0.42182077670018386
14,0.11,25.0,0.36,0.4601796020663031,0.42182077670018386
14,0.11,25.0,0.38,0.4584296612880166,0.42182077670018386
14,0.11,25.0,0.4,0.4538242230059408,0.42182077670018386
14,0.11,25.0,0.42,0.4484546469892677,0.42182077670018386
14,0.11,25.0,0.44,0.4572012368244049,0.42182077670018386
14,0.11,25.0,0.46,0.453921756613556,0.42182077670018386
14,0.11,25.0,0.48,0.4505702202099474,0.42182077670018386
14,0.11,25.0,0.5,0.4562464159238328,0.42182077670018386
14,0.11,25.0,0.52,0.4426923750708655,0.42182077670018386
14,0.11,25.0,0.54,0.423003981171754,0.42182077670018386
14,0.11,25.0,0.56,0.4427381617926879,0.42182077670018386
14,0.11,25.0,0.58,0.4524111654049443,0.42182077670018386
14,0.11,25.0,0.6,0.4520308970311952,0.42182077670018386
14,0.11,25.0,0.62,0.4412835699605181,0.42182077670018386
14,0.11,25.0,0.64,0.4400162968773304,0.42182077670018386
14,0.11,25.0,0.66,0.4423121256311496,0.42182077670018386
14,0.11,25.0,0.68,0.440364930976992,0.42182077670018386
14,0.11,25.0,0.7000000000000001,0.4376569199948031,0.42182077670018386
14,0.11,25.0,0.72,0.4375021898229383,0.42182077670018386
14,0.11,25.0,0.74,0.4375673674315194,0.42182077670018386
14,0.11,30.0,0.0,0.4252315798718461,0.41160415557583674
14,0.11,30.0,0.02,0.4480639362994584,0.41160415557583674
14,0.11,30.0,0.04,0.4264512280893963,0.41160415557583674
14,0.11,30.0,0.06,0.3967844561001801,0.41160415557583674
14,0.11,30.0,0.08,0.3700733855943114,0.41160415557583674
14,0.11,30.0,0.1,0.3632367490252438,0.41160415557583674
14,0.11,30.0,0.12,0.3704861782041757,0.41160415557583674
14,0.11,30.0,0.14,0.3697494184703825,0.41160415557583674
14,0.11,30.0,0.16,0.3686694097757198,0.41160415557583674
14,0.11,30.0,0.18,0.3798012838242138,0.41160415557583674
14,0.11,30.0,0.2,0.3844965586357149,0.41160415557583674
14,0.11,30.0,0.22,0.3879893392218693,0.41160415557583674
14,0.11,30.0,0.24,0.3934061126539193,0.41160415557583674
14,0.11,30.0,0.26,0.3919982737592764,0.41160415557583674
14,0.11,30.0,0.28,0.3703338594428862,0.41160415557583674
14,0.11,30.0,0.3,0.3762563989834335,0.41160415557583674
14,0.11,30.0,0.32,0.3844979099051389,0.41160415557583674
14,0.11,30.0,0.34,0.3854473796229853,0.41160415557583674
14,0.11,30.0,0.36,0.3882057466135851,0.41160415557583674
14,0.11,30.0,0.38,0.3943889212232683,0.41160415557583674
14,0.11,30.0,0.4,0.3990242002309142,0.41160415557583674
14,0.11,30.0,0.42,0.3916603394585098,0.41160415557583674
14,0.11,30.0,0.44,0.3780860385715698,0.41160415557583674
14,0.11,30.0,0.46,0.3758182022865838,0.41160415557583674
14,0.11,30.0,0.48,0.3816020125604042,0.41160415557583674
14,0.11,30.0,0.5,0.3757935821930548,0.41160415557583674
14,0.11,30.0,0.52,0.3823264825259446,0.41160415557583674
14,0.11,30.0,0.54,0.396128204007113,0.41160415557583674
14,0.11,30.0,0.56,0.4053300818207428,0.41160415557583674
14,0.11,30.0,0.58,0.4088864768125819,0.41160415557583674
14,0.11,30.0,0.6,0.4013544579640833,0.41160415557583674
14,0.11,30.0,0.62,0.3977134670246128,0.41160415557583674
14,0.11,30.0,0.64,0.3968602387425693,0.41160415557583674
14,0.11,30.0,0.66,0.3942823939583381,0.41160415557583674
14,0.11,30.0,0.68,0.3994940412906636,0.41160415557583674
14,0.11,30.0,0.7000000000000001,0.4000120781655198,0.41160415557583674
14,0.11,30.0,0.72,0.4005648855244063,0.41160415557583674
14,0.11,30.0,0.74,0.395159681109738,0.41160415557583674
14,0.11,40.0,0.0,0.4451178206246401,0.42984821374698656
14,0.11,40.0,0.02,0.4487136905068032,0.42984821374698656
14,0.11,40.0,0.04,0.4539070451204169,0.42984821374698656
14,0.11,40.0,0.06,0.4403628154313601,0.42984821374698656
14,0.11,40.0,0.08,0.4558157455812187,0.42984821374698656
14,0.11,40.0,0.1,0.4571209146744346,0.42984821374698656
14,0.11,40.0,0.12,0.450055124086834,0.42984821374698656
14,0.11,40.0,0.14,0.4459485432421555,0.42984821374698656
14,0.11,40.0,0.16,0.4549424778936842,0.42984821374698656
14,0.11,40.0,0.18,0.4488450528703884,0.42984821374698656
14,0.11,40.0,0.2,0.4546119046871855,0.42984821374698656
14,0.11,40.0,0.22,0.4503834474751845,0.42984821374698656
14,0.11,40.0,0.24,0.4506924414388543,0.42984821374698656
14,0.11,40.0,0.26,0.4560756454049625,0.42984821374698656
14,0.11,40.0,0.28,0.4525344029131969,0.42984821374698656
14,0.11,40.0,0.3,0.4491144187236568,0.42984821374698656
14,0.11,40.0,0.32,0.4433486743471403,0.42984821374698656
14,0.11,40.0,0.34,0.4192221176222359,0.42984821374698656
14,0.11,40.0,0.36,0.4111500792084174,0.42984821374698656
14,0.11,40.0,0.38,0.4137849908343139,0.42984821374698656
14,0.11,40.0,0.4,0.4225076680724619,0.42984821374698656
14,0.11,40.0,0.42,0.424913828131693,0.42984821374698656
14,0.11,40.0,0.44,0.4231942281397947,0.42984821374698656
14,0.11,40.0,0.46,0.4166269300706116,0.42984821374698656
14,0.11,40.0,0.48,0.4176648067432345,0.42984821374698656
14,0.11,40.0,0.5,0.4162365056105523,0.42984821374698656
14,0.11,40.0,0.52,0.4250535299096051,0.42984821374698656
14,0.11,40.0,0.54,0.4126138932852847,0.42984821374698656
14,0.11,40.0,0.56,0.4170526931385007,0.42984821374698656
14,0.11,40.0,0.58,0.4125666917784419,0.42984821374698656
14,0.11,40.0,0.6,0.4117498587019402,0.42984821374698656
14,0.11,40.0,0.62,0.436193152273738,0.42984821374698656
14,0.11,40.0,0.64,0.4443561629353214,0.42984821374698656
14,0.11,40.0,0.66,0.4511553138080686,0.42984821374698656
14,0.11,40.0,0.68,0.4396101527530327,0.42984821374698656
14,0.11,40.0,0.7000000000000001,0.4453531422274385,0.42984821374698656
14,0.11,40.0,0.72,0.4549891954396483,0.42984821374698656
14,0.11,40.0,0.74,0.4558074020709936,0.42984821374698656
14,0.11,50.0,0.0,0.4408650408560443,0.44288448215067544
14,0.11,50.0,0.02,0.4401570770160877,0.44288448215067544
14,0.11,50.0,0.04,0.4381644900014104,0.44288448215067544
14,0.11,50.0,0.06,0.4499013221541003,0.44288448215067544
14,0.11,50.0,0.08,0.4671143841090054,0.44288448215067544
14,0.11,50.0,0.1,0.464556521040712,0.44288448215067544
14,0.11,50.0,0.12,0.4703183442327001,0.44288448215067544
14,0.11,50.0,0.14,0.440272163004151,0.44288448215067544
14,0.11,50.0,0.16,0.4637065309767486,0.44288448215067544
14,0.11,50.0,0.18,0.4429651319784893,0.44288448215067544
14,0.11,50.0,0.2,0.4553345697117218,0.44288448215067544
14,0.11,50.0,0.22,0.4542735212023706,0.44288448215067544
14,0.11,50.0,0.24,0.453208987914648,0.44288448215067544
14,0.11,50.0,0.26,0.4474172986303668,0.44288448215067544
14,0.11,50.0,0.28,0.4434793722634966,0.44288448215067544
14,0.11,50.0,0.3,0.4494156633623842,0.44288448215067544
14,0.11,50.0,0.32,0.4377424797070263,0.44288448215067544
14,0.11,50.0,0.34,0.4391192426277104,0.44288448215067544
14,0.11,50.0,0.36,0.4436184321195483,0.44288448215067544
14,0.11,50.0,0.38,0.4312012778284202,0.44288448215067544
14,0.11,50.0,0.4,0.4294605657417883,0.44288448215067544
14,0.11,50.0,0.42,0.4297297865581088,0.44288448215067544
14,0.11,50.0,0.44,0.4365300181503234,0.44288448215067544
14,0.11,50.0,0.46,0.4399358187087793,0.44288448215067544
14,0.11,50.0,0.48,0.4437418288197309,0.44288448215067544
14,0.11,50.0,0.5,0.4464243476292167,0.44288448215067544
14,0.11,50.0,0.52,0.4473981096324114,0.44288448215067544
14,0.11,50.0,0.54,0.4445359297650328,0.44288448215067544
14,0.11,50.0,0.56,0.4447409950292049,0.44288448215067544
14,0.11,50.0,0.58,0.4449723809699924,0.44288448215067544
14,0.11,50.0,0.6,0.4448940576654587,0.44288448215067544
14,0.11,50.0,0.62,0.4453646994086606,0.44288448215067544
14,0.11,50.0,0.64,0.4455456992755179,0.44288448215067544
14,0.11,50.0,0.66,0.4481193191875957,0.44288448215067544
14,0.11,50.0,0.68,0.4477151214325936,0.44288448215067544
14,0.11,50.0,0.7000000000000001,0.4483021598797952,0.44288448215067544
14,0.11,50.0,0.72,0.4489313906967843,0.44288448215067544
14,0.11,50.0,0.74,0.4483155165950553,0.44288448215067544
14,0.11,100.0,0.0,0.4155005740105452,0.4493844434989687
14,0.11,100.0,0.02,0.4316828800929073,0.4493844434989687
14,0.11,100.0,0.04,0.4555562623499593,0.4493844434989687
14,0.11,100.0,0.06,0.4543837033717348,0.4493844434989687
14,0.11,100.0,0.08,0.4563918198354139,0.4493844434989687
14,0.11,100.0,0.1,0.4603763005786711,0.4493844434989687
14,0.11,100.0,0.12,0.4444619502942921,0.4493844434989687
14,0.11,100.0,0.14,0.4626582639118413,0.4493844434989687
14,0.11,100.0,0.16,0.4384318559478335,0.4493844434989687
14,0.11,100.0,0.18,0.4285871523623873,0.4493844434989687
14,0.11,100.0,0.2,0.4316635553157636,0.4493844434989687
14,0.11,100.0,0.22,0.4349890264051938,0.4493844434989687
14,0.11,100.0,0.24,0.4223661303184394,0.4493844434989687
14,0.11,100.0,0.26,0.4323309234241625,0.4493844434989687
14,0.11,100.0,0.28,0.4285995121718105,0.4493844434989687
14,0.11,100.0,0.3,0.4495433438858112,0.4493844434989687
14,0.11,100.0,0.32,0.4481659357197656,0.4493844434989687
14,0.11,100.0,0.34,0.4344173331821038,0.4493844434989687
14,0.11,100.0,0.36,0.4368901780828566,0.4493844434989687
14,0.11,100.0,0.38,0.4399289148286397,0.4493844434989687
14,0.11,100.0,0.4,0.4452251869649384,0.4493844434989687
14,0.11,100.0,0.42,0.4575203673073039,0.4493844434989687
14,0.11,100.0,0.44,0.4626450148777938,0.4493844434989687
14,0.11,100.0,0.46,0.4600443572484131,0.4493844434989687
14,0.11,100.0,0.48,0.463134198671792,0.4493844434989687
14,0.11,100.0,0.5,0.4609924294219426,0.4493844434989687
14,0.11,100.0,0.52,0.4569880051812666,0.4493844434989687
14,0.11,100.0,0.54,0.4562837001838684,0.4493844434989687
14,0.11,100.0,0.56,0.4544530325364871,0.4493844434989687
14,0.11,100.0,0.58,0.4535187494005294,0.4493844434989687
14,0.11,100.0,0.6,0.4532922287795103,0.4493844434989687
14,0.11,100.0,0.62,0.4528960094508349,0.4493844434989687
14,0.11,100.0,0.64,0.4528580494027108,0.4493844434989687
14,0.11,100.0,0.66,0.4540273597017235,0.4493844434989687
14,0.11,100.0,0.68,0.4536106628428364,0.4493844434989687
14,0.11,100.0,0.7000000000000001,0.4539360761398941,0.4493844434989687
14,0.11,100.0,0.72,0.454176312748217,0.4493844434989687
14,0.11,100.0,0.74,0.4539217882608941,0.4493844434989687
