seed,dx,D_diff,time,abs_theta_error
10,0.05,0.0,0.0,135
10,0.05,0.0,0.02,180
10,0.05,0.0,0.04,0
10,0.05,0.0,0.06,135
10,0.05,0.0,0.08,90
10,0.05,0.0,0.1,90
10,0.05,0.0,0.12,45
10,0.05,0.0,0.14,45
10,0.05,0.0,0.16,135
10,0.05,0.0,0.18,135
10,0.05,0.0,0.2,180
10,0.05,0.0,0.22,90
10,0.05,0.0,0.24,90
10,0.05,0.0,0.26,0
10,0.05,0.0,0.28,45
10,0.05,0.0,0.3,0
10,0.05,0.0,0.32,135
10,0.05,0.0,0.34,90
10,0.05,0.0,0.36,45
10,0.05,0.0,0.38,135
10,0.05,0.0,0.4,45
10,0.05,0.0,0.42,0
10,0.05,0.0,0.44,0
10,0.05,0.0,0.46,0
10,0.05,0.0,0.48,0
10,0.05,0.0,0.5,0
10,0.05,0.0,0.52,45
10,0.05,0.0,0.54,45
10,0.05,0.0,0.56,0
10,0.05,0.0,0.58,0
10,0.05,0.0,0.6,90
10,0.05,0.0,0.62,0
10,0.05,0.0,0.64,45
10,0.05,0.0,0.66,45
10,0.05,0.0,0.68,90
10,0.05,0.0,0.7000000000000001,45
10,0.05,0.0,0.72,135
10,0.05,0.0,0.74,135
10,0.05,5.0,0.0,45
10,0.05,5.0,0.02,0
10,0.05,5.0,0.04,0
10,0.05,5.0,0.06,0
10,0.05,5.0,0.08,0
10,0.05,5.0,0.1,90
10,0.05,5.0,0.12,90
10,0.05,5.0,0.14,45
10,0.05,5.0,0.16,90
10,0.05,5.0,0.18,45
10,0.05,5.0,0.2,0
10,0.05,5.0,0.22,45
10,0.05,5.0,0.24,0
10,0.05,5.0,0.26,0
10,0.05,5.0,0.28,45
10,0.05,5.0,0.3,45
10,0.05,5.0,0.32,135
10,0.05,5.0,0.34,90
10,0.05,5.0,0.36,0
10,0.05,5.0,0.38,0
10,0.05,5.0,0.4,90
10,0.05,5.0,0.42,135
10,0.05,5.0,0.44,45
10,0.05,5.0,0.46,45
10,0.05,5.0,0.48,135
10,0.05,5.0,0.5,180
10,0.05,5.0,0.52,45
10,0.05,5.0,0.54,90
10,0.05,5.0,0.56,0
10,0.05,5.0,0.58,45
10,0.05,5.0,0.6,45
10,0.05,5.0,0.62,0
10,0.05,5.0,0.64,45
10,0.05,5.0,0.66,0
10,0.05,5.0,0.68,0
10,0.05,5.0,0.7000000000000001,0
10,0.05,5.0,0.72,90
10,0.05,5.0,0.74,135
10,0.05,10.0,0.0,0
10,0.05,10.0,0.02,135
10,0.05,10.0,0.04,135
10,0.05,10.0,0.06,0
10,0.05,10.0,0.08,0
10,0.05,10.0,0.1,135
10,0.05,10.0,0.12,0
10,0.05,10.0,0.14,90
10,0.05,10.0,0.16,45
10,0.05,10.0,0.18,0
10,0.05,10.0,0.2,90
10,0.05,10.0,0.22,0
10,0.05,10.0,0.24,135
10,0.05,10.0,0.26,45
10,0.05,10.0,0.28,0
10,0.05,10.0,0.3,45
10,0.05,10.0,0.32,45
10,0.05,10.0,0.34,0
10,0.05,10.0,0.36,45
10,0.05,10.0,0.38,0
10,0.05,10.0,0.4,0
10,0.05,10.0,0.42,45
10,0.05,10.0,0.44,0
10,0.05,10.0,0.46,45
10,0.05,10.0,0.48,45
10,0.05,10.0,0.5,135
10,0.05,10.0,0.52,45
10,0.05,10.0,0.54,90
10,0.05,10.0,0.56,0
10,0.05,10.0,0.58,0
10,0.05,10.0,0.6,0
10,0.05,10.0,0.62,0
10,0.05,10.0,0.64,180
10,0.05,10.0,0.66,45
10,0.05,10.0,0.68,0
10,0.05,10.0,0.7000000000000001,45
10,0.05,10.0,0.72,45
10,0.05,10.0,0.74,90
10,0.05,15.0,0.0,180
10,0.05,15.0,0.02,0
10,0.05,15.0,0.04,0
10,0.05,15.0,0.06,0
10,0.05,15.0,0.08,90
10,0.05,15.0,0.1,45
10,0.05,15.0,0.12,0
10,0.05,15.0,0.14,135
10,0.05,15.0,0.16,45
10,0.05,15.0,0.18,0
10,0.05,15.0,0.2,90
10,0.05,15.0,0.22,0
10,0.05,15.0,0.24,180
10,0.05,15.0,0.26,45
10,0.05,15.0,0.28,45
10,0.05,15.0,0.3,90
10,0.05,15.0,0.32,135
10,0.05,15.0,0.34,0
10,0.05,15.0,0.36,90
10,0.05,15.0,0.38,90
10,0.05,15.0,0.4,0
10,0.05,15.0,0.42,45
10,0.05,15.0,0.44,0
10,0.05,15.0,0.46,0
10,0.05,15.0,0.48,0
10,0.05,15.0,0.5,90
10,0.05,15.0,0.52,90
10,0.05,15.0,0.54,0
10,0.05,15.0,0.56,0
10,0.05,15.0,0.58,45
10,0.05,15.0,0.6,0
10,0.05,15.0,0.62,90
10,0.05,15.0,0.64,135
10,0.05,15.0,0.66,180
10,0.05,15.0,0.68,0
10,0.05,15.0,0.7000000000000001,135
10,0.05,15.0,0.72,0
10,0.05,15.0,0.74,180
10,0.05,20.0,0.0,90
10,0.05,20.0,0.02,45
10,0.05,20.0,0.04,45
10,0.05,20.0,0.06,135
10,0.05,20.0,0.08,0
10,0.05,20.0,0.1,0
10,0.05,20.0,0.12,135
10,0.05,20.0,0.14,45
10,0.05,20.0,0.16,0
10,0.05,20.0,0.18,180
10,0.05,20.0,0.2,0
10,0.05,20.0,0.22,45
10,0.05,20.0,0.24,0
10,0.05,20.0,0.26,0
10,0.05,20.0,0.28,0
10,0.05,20.0,0.3,45
10,0.05,20.0,0.32,180
10,0.05,20.0,0.34,45
10,0.05,20.0,0.36,135
10,0.05,20.0,0.38,135
10,0.05,20.0,0.4,0
10,0.05,20.0,0.42,135
10,0.05,20.0,0.44,135
10,0.05,20.0,0.46,90
10,0.05,20.0,0.48,180
10,0.05,20.0,0.5,0
10,0.05,20.0,0.52,180
10,0.05,20.0,0.54,90
10,0.05,20.0,0.56,0
10,0.05,20.0,0.58,90
10,0.05,20.0,0.6,0
10,0.05,20.0,0.62,0
10,0.05,20.0,0.64,0
10,0.05,20.0,0.66,90
10,0.05,20.0,0.68,180
10,0.05,20.0,0.7000000000000001,180
10,0.05,20.0,0.72,0
10,0.05,20.0,0.74,0
10,0.05,25.0,0.0,45
10,0.05,25.0,0.02,45
10,0.05,25.0,0.04,90
10,0.05,25.0,0.06,45
10,0.05,25.0,0.08,0
10,0.05,25.0,0.1,0
10,0.05,25.0,0.12,135
10,0.05,25.0,0.14,90
10,0.05,25.0,0.16,135
10,0.05,25.0,0.18,90
10,0.05,25.0,0.2,90
10,0.05,25.0,0.22,90
10,0.05,25.0,0.24,45
10,0.05,25.0,0.26,45
10,0.05,25.0,0.28,135
10,0.05,25.0,0.3,0
10,0.05,25.0,0.32,45
10,0.05,25.0,0.34,135
10,0.05,25.0,0.36,90
10,0.05,25.0,0.38,135
10,0.05,25.0,0.4,45
10,0.05,25.0,0.42,135
10,0.05,25.0,0.44,180
10,0.05,25.0,0.46,45
10,0.05,25.0,0.48,45
10,0.05,25.0,0.5,0
10,0.05,25.0,0.52,180
10,0.05,25.0,0.54,135
10,0.05,25.0,0.56,45
10,0.05,25.0,0.58,90
10,0.05,25.0,0.6,0
10,0.05,25.0,0.62,45
10,0.05,25.0,0.64,135
10,0.05,25.0,0.66,90
10,0.05,25.0,0.68,90
10,0.05,25.0,0.7000000000000001,135
10,0.05,25.0,0.72,135
10,0.05,25.0,0.74,0
10,0.05,30.0,0.0,0
10,0.05,30.0,0.02,180
10,0.05,30.0,0.04,90
10,0.05,30.0,0.06,45
10,0.05,30.0,0.08,135
10,0.05,30.0,0.1,0
10,0.05,30.0,0.12,90
10,0.05,30.0,0.14,90
10,0.05,30.0,0.16,135
10,0.05,30.0,0.18,135
10,0.05,30.0,0.2,180
10,0.05,30.0,0.22,90
10,0.05,30.0,0.24,180
10,0.05,30.0,0.26,45
10,0.05,30.0,0.28,0
10,0.05,30.0,0.3,135
10,0.05,30.0,0.32,90
10,0.05,30.0,0.34,0
10,0.05,30.0,0.36,45
10,0.05,30.0,0.38,0
10,0.05,30.0,0.4,0
10,0.05,30.0,0.42,90
10,0.05,30.0,0.44,180
10,0.05,30.0,0.46,180
10,0.05,30.0,0.48,180
10,0.05,30.0,0.5,135
10,0.05,30.0,0.52,0
10,0.05,30.0,0.54,90
10,0.05,30.0,0.56,45
10,0.05,30.0,0.58,0
10,0.05,30.0,0.6,0
10,0.05,30.0,0.62,135
10,0.05,30.0,0.64,135
10,0.05,30.0,0.66,45
10,0.05,30.0,0.68,45
10,0.05,30.0,0.7000000000000001,0
10,0.05,30.0,0.72,45
10,0.05,30.0,0.74,45
10,0.05,40.0,0.0,90
10,0.05,40.0,0.02,135
10,0.05,40.0,0.04,135
10,0.05,40.0,0.06,0
10,0.05,40.0,0.08,0
10,0.05,40.0,0.1,0
10,0.05,40.0,0.12,90
10,0.05,40.0,0.14,45
10,0.05,40.0,0.16,45
10,0.05,40.0,0.18,0
10,0.05,40.0,0.2,180
10,0.05,40.0,0.22,135
10,0.05,40.0,0.24,180
10,0.05,40.0,0.26,45
10,0.05,40.0,0.28,90
10,0.05,40.0,0.3,135
10,0.05,40.0,0.32,135
10,0.05,40.0,0.34,90
10,0.05,40.0,0.36,90
10,0.05,40.0,0.38,0
10,0.05,40.0,0.4,90
10,0.05,40.0,0.42,0
10,0.05,40.0,0.44,135
10,0.05,40.0,0.46,135
10,0.05,40.0,0.48,45
10,0.05,40.0,0.5,180
10,0.05,40.0,0.52,45
10,0.05,40.0,0.54,135
10,0.05,40.0,0.56,135
10,0.05,40.0,0.58,135
10,0.05,40.0,0.6,45
10,0.05,40.0,0.62,0
10,0.05,40.0,0.64,0
10,0.05,40.0,0.66,0
10,0.05,40.0,0.68,0
10,0.05,40.0,0.7000000000000001,0
10,0.05,40.0,0.72,135
10,0.05,40.0,0.74,135
10,0.05,50.0,0.0,45
10,0.05,50.0,0.02,90
10,0.05,50.0,0.04,90
10,0.05,50.0,0.06,180
10,0.05,50.0,0.08,135
10,0.05,50.0,0.1,180
10,0.05,50.0,0.12,135
10,0.05,50.0,0.14,90
10,0.05,50.0,0.16,0
10,0.05,50.0,0.18,0
10,0.05,50.0,0.2,180
10,0.05,50.0,0.22,135
10,0.05,50.0,0.24,135
10,0.05,50.0,0.26,45
10,0.05,50.0,0.28,45
10,0.05,50.0,0.3,45
10,0.05,50.0,0.32,0
10,0.05,50.0,0.34,45
10,0.05,50.0,0.36,135
10,0.05,50.0,0.38,45
10,0.05,50.0,0.4,180
10,0.05,50.0,0.42,135
10,0.05,50.0,0.44,135
10,0.05,50.0,0.46,45
10,0.05,50.0,0.48,90
10,0.05,50.0,0.5,45
10,0.05,50.0,0.52,135
10,0.05,50.0,0.54,135
10,0.05,50.0,0.56,0
10,0.05,50.0,0.58,135
10,0.05,50.0,0.6,45
10,0.05,50.0,0.62,0
10,0.05,50.0,0.64,0
10,0.05,50.0,0.66,90
10,0.05,50.0,0.68,90
10,0.05,50.0,0.7000000000000001,45
10,0.05,50.0,0.72,45
10,0.05,50.0,0.74,180
10,0.05,100.0,0.0,0
10,0.05,100.0,0.02,0
10,0.05,100.0,0.04,90
10,0.05,100.0,0.06,0
10,0.05,100.0,0.08,0
10,0.05,100.0,0.1,0
10,0.05,100.0,0.12,135
10,0.05,100.0,0.14,90
10,0.05,100.0,0.16,0
10,0.05,100.0,0.18,0
10,0.05,100.0,0.2,0
10,0.05,100.0,0.22,90
10,0.05,100.0,0.24,135
10,0.05,100.0,0.26,45
10,0.05,100.0,0.28,135
10,0.05,100.0,0.3,45
10,0.05,100.0,0.32,0
10,0.05,100.0,0.34,0
10,0.05,100.0,0.36,0
10,0.05,100.0,0.38,0
10,0.05,100.0,0.4,0
10,0.05,100.0,0.42,0
10,0.05,100.0,0.44,0
10,0.05,100.0,0.46,0
10,0.05,100.0,0.48,0
10,0.05,100.0,0.5,0
10,0.05,100.0,0.52,0
10,0.05,100.0,0.54,0
10,0.05,100.0,0.56,0
10,0.05,100.0,0.58,0
10,0.05,100.0,0.6,0
10,0.05,100.0,0.62,0
10,0.05,100.0,0.64,0
10,0.05,100.0,0.66,0
10,0.05,100.0,0.68,0
10,0.05,100.0,0.7000000000000001,0
10,0.05,100.0,0.72,0
10,0.05,100.0,0.74,0
11,0.05,0.0,0.0,45
11,0.05,0.0,0.02,0
11,0.05,0.0,0.04,45
11,0.05,0.0,0.06,0
11,0.05,0.0,0.08,135
11,0.05,0.0,0.1,0
11,0.05,0.0,0.12,45
11,0.05,0.0,0.14,45
11,0.05,0.0,0.16,0
11,0.05,0.0,0.18,0
11,0.05,0.0,0.2,45
11,0.05,0.0,0.22,0
11,0.05,0.0,0.24,0
11,0.05,0.0,0.26,0
11,0.05,0.0,0.28,135
11,0.05,0.0,0.3,45
11,0.05,0.0,0.32,0
11,0.05,0.0,0.34,0
11,0.05,0.0,0.36,0
11,0.05,0.0,0.38,45
11,0.05,0.0,0.4,45
11,0.05,0.0,0.42,135
11,0.05,0.0,0.44,90
11,0.05,0.0,0.46,0
11,0.05,0.0,0.48,90
11,0.05,0.0,0.5,0
11,0.05,0.0,0.52,0
11,0.05,0.0,0.54,90
11,0.05,0.0,0.56,0
11,0.05,0.0,0.58,0
11,0.05,0.0,0.6,135
11,0.05,0.0,0.62,0
11,0.05,0.0,0.64,45
11,0.05,0.0,0.66,45
11,0.05,0.0,0.68,0
11,0.05,0.0,0.7000000000000001,45
11,0.05,0.0,0.72,0
11,0.05,0.0,0.74,0
11,0.05,5.0,0.0,0
11,0.05,5.0,0.02,0
11,0.05,5.0,0.04,0
11,0.05,5.0,0.06,0
11,0.05,5.0,0.08,0
11,0.05,5.0,0.1,45
11,0.05,5.0,0.12,135
11,0.05,5.0,0.14,45
11,0.05,5.0,0.16,0
11,0.05,5.0,0.18,135
11,0.05,5.0,0.2,45
11,0.05,5.0,0.22,45
11,0.05,5.0,0.24,0
11,0.05,5.0,0.26,90
11,0.05,5.0,0.28,0
11,0.05,5.0,0.3,135
11,0.05,5.0,0.32,135
11,0.05,5.0,0.34,90
11,0.05,5.0,0.36,180
11,0.05,5.0,0.38,180
11,0.05,5.0,0.4,0
11,0.05,5.0,0.42,0
11,0.05,5.0,0.44,180
11,0.05,5.0,0.46,180
11,0.05,5.0,0.48,45
11,0.05,5.0,0.5,90
11,0.05,5.0,0.52,180
11,0.05,5.0,0.54,0
11,0.05,5.0,0.56,0
11,0.05,5.0,0.58,45
11,0.05,5.0,0.6,0
11,0.05,5.0,0.62,45
11,0.05,5.0,0.64,90
11,0.05,5.0,0.66,90
11,0.05,5.0,0.68,45
11,0.05,5.0,0.7000000000000001,0
11,0.05,5.0,0.72,90
11,0.05,5.0,0.74,90
11,0.05,10.0,0.0,180
11,0.05,10.0,0.02,180
11,0.05,10.0,0.04,0
11,0.05,10.0,0.06,45
11,0.05,10.0,0.08,135
11,0.05,10.0,0.1,135
11,0.05,10.0,0.12,45
11,0.05,10.0,0.14,90
11,0.05,10.0,0.16,45
11,0.05,10.0,0.18,0
11,0.05,10.0,0.2,0
11,0.05,10.0,0.22,45
11,0.05,10.0,0.24,45
11,0.05,10.0,0.26,0
11,0.05,10.0,0.28,0
11,0.05,10.0,0.3,0
11,0.05,10.0,0.32,180
11,0.05,10.0,0.34,135
11,0.05,10.0,0.36,90
11,0.05,10.0,0.38,90
11,0.05,10.0,0.4,45
11,0.05,10.0,0.42,0
11,0.05,10.0,0.44,0
11,0.05,10.0,0.46,0
11,0.05,10.0,0.48,0
11,0.05,10.0,0.5,180
11,0.05,10.0,0.52,0
11,0.05,10.0,0.54,0
11,0.05,10.0,0.56,90
11,0.05,10.0,0.58,180
11,0.05,10.0,0.6,0
11,0.05,10.0,0.62,135
11,0.05,10.0,0.64,0
11,0.05,10.0,0.66,0
11,0.05,10.0,0.68,0
11,0.05,10.0,0.7000000000000001,0
11,0.05,10.0,0.72,90
11,0.05,10.0,0.74,45
11,0.05,15.0,0.0,0
11,0.05,15.0,0.02,0
11,0.05,15.0,0.04,180
11,0.05,15.0,0.06,0
11,0.05,15.0,0.08,90
11,0.05,15.0,0.1,90
11,0.05,15.0,0.12,90
11,0.05,15.0,0.14,135
11,0.05,15.0,0.16,90
11,0.05,15.0,0.18,135
11,0.05,15.0,0.2,180
11,0.05,15.0,0.22,45
11,0.05,15.0,0.24,0
11,0.05,15.0,0.26,0
11,0.05,15.0,0.28,45
11,0.05,15.0,0.3,135
11,0.05,15.0,0.32,135
11,0.05,15.0,0.34,135
11,0.05,15.0,0.36,0
11,0.05,15.0,0.38,0
11,0.05,15.0,0.4,135
11,0.05,15.0,0.42,135
11,0.05,15.0,0.44,0
11,0.05,15.0,0.46,90
11,0.05,15.0,0.48,90
11,0.05,15.0,0.5,135
11,0.05,15.0,0.52,90
11,0.05,15.0,0.54,0
11,0.05,15.0,0.56,90
11,0.05,15.0,0.58,90
11,0.05,15.0,0.6,0
11,0.05,15.0,0.62,180
11,0.05,15.0,0.64,135
11,0.05,15.0,0.66,0
11,0.05,15.0,0.68,45
11,0.05,15.0,0.7000000000000001,45
11,0.05,15.0,0.72,90
11,0.05,15.0,0.74,45
11,0.05,20.0,0.0,0
11,0.05,20.0,0.02,0
11,0.05,20.0,0.04,180
11,0.05,20.0,0.06,0
11,0.05,20.0,0.08,135
11,0.05,20.0,0.1,45
11,0.05,20.0,0.12,0
11,0.05,20.0,0.14,135
11,0.05,20.0,0.16,135
11,0.05,20.0,0.18,90
11,0.05,20.0,0.2,180
11,0.05,20.0,0.22,135
11,0.05,20.0,0.24,0
11,0.05,20.0,0.26,90
11,0.05,20.0,0.28,45
11,0.05,20.0,0.3,180
11,0.05,20.0,0.32,180
11,0.05,20.0,0.34,45
11,0.05,20.0,0.36,90
11,0.05,20.0,0.38,135
11,0.05,20.0,0.4,45
11,0.05,20.0,0.42,0
11,0.05,20.0,0.44,0
11,0.05,20.0,0.46,0
11,0.05,20.0,0.48,45
11,0.05,20.0,0.5,0
11,0.05,20.0,0.52,0
11,0.05,20.0,0.54,90
11,0.05,20.0,0.56,45
11,0.05,20.0,0.58,0
11,0.05,20.0,0.6,45
11,0.05,20.0,0.62,45
11,0.05,20.0,0.64,90
11,0.05,20.0,0.66,0
11,0.05,20.0,0.68,45
11,0.05,20.0,0.7000000000000001,180
11,0.05,20.0,0.72,180
11,0.05,20.0,0.74,135
11,0.05,25.0,0.0,45
11,0.05,25.0,0.02,45
11,0.05,25.0,0.04,135
11,0.05,25.0,0.06,180
11,0.05,25.0,0.08,135
11,0.05,25.0,0.1,45
11,0.05,25.0,0.12,180
11,0.05,25.0,0.14,0
11,0.05,25.0,0.16,90
11,0.05,25.0,0.18,45
11,0.05,25.0,0.2,135
11,0.05,25.0,0.22,0
11,0.05,25.0,0.24,45
11,0.05,25.0,0.26,45
11,0.05,25.0,0.28,0
11,0.05,25.0,0.3,135
11,0.05,25.0,0.32,45
11,0.05,25.0,0.34,135
11,0.05,25.0,0.36,135
11,0.05,25.0,0.38,135
11,0.05,25.0,0.4,135
11,0.05,25.0,0.42,135
11,0.05,25.0,0.44,0
11,0.05,25.0,0.46,45
11,0.05,25.0,0.48,135
11,0.05,25.0,0.5,135
11,0.05,25.0,0.52,90
11,0.05,25.0,0.54,180
11,0.05,25.0,0.56,90
11,0.05,25.0,0.58,0
11,0.05,25.0,0.6,0
11,0.05,25.0,0.62,0
11,0.05,25.0,0.64,45
11,0.05,25.0,0.66,45
11,0.05,25.0,0.68,45
11,0.05,25.0,0.7000000000000001,0
11,0.05,25.0,0.72,0
11,0.05,25.0,0.74,90
11,0.05,30.0,0.0,45
11,0.05,30.0,0.02,90
11,0.05,30.0,0.04,45
11,0.05,30.0,0.06,0
11,0.05,30.0,0.08,0
11,0.05,30.0,0.1,135
11,0.05,30.0,0.12,0
11,0.05,30.0,0.14,45
11,0.05,30.0,0.16,90
11,0.05,30.0,0.18,135
11,0.05,30.0,0.2,135
11,0.05,30.0,0.22,0
11,0.05,30.0,0.24,90
11,0.05,30.0,0.26,135
11,0.05,30.0,0.28,135
11,0.05,30.0,0.3,180
11,0.05,30.0,0.32,0
11,0.05,30.0,0.34,45
11,0.05,30.0,0.36,45
11,0.05,30.0,0.38,0
11,0.05,30.0,0.4,0
11,0.05,30.0,0.42,90
11,0.05,30.0,0.44,90
11,0.05,30.0,0.46,90
11,0.05,30.0,0.48,45
11,0.05,30.0,0.5,90
11,0.05,30.0,0.52,0
11,0.05,30.0,0.54,0
11,0.05,30.0,0.56,90
11,0.05,30.0,0.58,45
11,0.05,30.0,0.6,0
11,0.05,30.0,0.62,0
11,0.05,30.0,0.64,0
11,0.05,30.0,0.66,0
11,0.05,30.0,0.68,0
11,0.05,30.0,0.7000000000000001,90
11,0.05,30.0,0.72,45
11,0.05,30.0,0.74,45
11,0.05,40.0,0.0,0
11,0.05,40.0,0.02,180
11,0.05,40.0,0.04,180
11,0.05,40.0,0.06,135
11,0.05,40.0,0.08,0
11,0.05,40.0,0.1,0
11,0.05,40.0,0.12,180
11,0.05,40.0,0.14,0
11,0.05,40.0,0.16,0
11,0.05,40.0,0.18,45
11,0.05,40.0,0.2,45
11,0.05,40.0,0.22,45
11,0.05,40.0,0.24,135
11,0.05,40.0,0.26,45
11,0.05,40.0,0.28,90
11,0.05,40.0,0.3,90
11,0.05,40.0,0.32,90
11,0.05,40.0,0.34,0
11,0.05,40.0,0.36,45
11,0.05,40.0,0.38,45
11,0.05,40.0,0.4,45
11,0.05,40.0,0.42,45
11,0.05,40.0,0.44,90
11,0.05,40.0,0.46,135
11,0.05,40.0,0.48,135
11,0.05,40.0,0.5,45
11,0.05,40.0,0.52,180
11,0.05,40.0,0.54,180
11,0.05,40.0,0.56,45
11,0.05,40.0,0.58,45
11,0.05,40.0,0.6,135
11,0.05,40.0,0.62,0
11,0.05,40.0,0.64,45
11,0.05,40.0,0.66,90
11,0.05,40.0,0.68,135
11,0.05,40.0,0.7000000000000001,45
11,0.05,40.0,0.72,135
11,0.05,40.0,0.74,45
11,0.05,50.0,0.0,45
11,0.05,50.0,0.02,135
11,0.05,50.0,0.04,45
11,0.05,50.0,0.06,135
11,0.05,50.0,0.08,135
11,0.05,50.0,0.1,180
11,0.05,50.0,0.12,180
11,0.05,50.0,0.14,45
11,0.05,50.0,0.16,0
11,0.05,50.0,0.18,90
11,0.05,50.0,0.2,135
11,0.05,50.0,0.22,45
11,0.05,50.0,0.24,0
11,0.05,50.0,0.26,0
11,0.05,50.0,0.28,0
11,0.05,50.0,0.3,45
11,0.05,50.0,0.32,45
11,0.05,50.0,0.34,45
11,0.05,50.0,0.36,0
11,0.05,50.0,0.38,45
11,0.05,50.0,0.4,180
11,0.05,50.0,0.42,135
11,0.05,50.0,0.44,45
11,0.05,50.0,0.46,135
11,0.05,50.0,0.48,45
11,0.05,50.0,0.5,45
11,0.05,50.0,0.52,135
11,0.05,50.0,0.54,135
11,0.05,50.0,0.56,135
11,0.05,50.0,0.58,45
11,0.05,50.0,0.6,135
11,0.05,50.0,0.62,180
11,0.05,50.0,0.64,180
11,0.05,50.0,0.66,45
11,0.05,50.0,0.68,0
11,0.05,50.0,0.7000000000000001,90
11,0.05,50.0,0.72,45
11,0.05,50.0,0.74,180
11,0.05,100.0,0.0,0
11,0.05,100.0,0.02,180
11,0.05,100.0,0.04,135
11,0.05,100.0,0.06,135
11,0.05,100.0,0.08,180
11,0.05,100.0,0.1,0
11,0.05,100.0,0.12,0
11,0.05,100.0,0.14,0
11,0.05,100.0,0.16,45
11,0.05,100.0,0.18,180
11,0.05,100.0,0.2,90
11,0.05,100.0,0.22,180
11,0.05,100.0,0.24,90
11,0.05,100.0,0.26,45
11,0.05,100.0,0.28,90
11,0.05,100.0,0.3,90
11,0.05,100.0,0.32,45
11,0.05,100.0,0.34,135
11,0.05,100.0,0.36,45
11,0.05,100.0,0.38,90
11,0.05,100.0,0.4,0
11,0.05,100.0,0.42,90
11,0.05,100.0,0.44,0
11,0.05,100.0,0.46,90
11,0.05,100.0,0.48,135
11,0.05,100.0,0.5,135
11,0.05,100.0,0.52,135
11,0.05,100.0,0.54,180
11,0.05,100.0,0.56,0
11,0.05,100.0,0.58,0
11,0.05,100.0,0.6,0
11,0.05,100.0,0.62,90
11,0.05,100.0,0.64,135
11,0.05,100.0,0.66,135
11,0.05,100.0,0.68,45
11,0.05,100.0,0.7000000000000001,135
11,0.05,100.0,0.72,45
11,0.05,100.0,0.74,135
12,0.05,0.0,0.0,0
12,0.05,0.0,0.02,90
12,0.05,0.0,0.04,90
12,0.05,0.0,0.06,0
12,0.05,0.0,0.08,45
12,0.05,0.0,0.1,0
12,0.05,0.0,0.12,0
12,0.05,0.0,0.14,45
12,0.05,0.0,0.16,0
12,0.05,0.0,0.18,0
12,0.05,0.0,0.2,0
12,0.05,0.0,0.22,180
12,0.05,0.0,0.24,0
12,0.05,0.0,0.26,0
12,0.05,0.0,0.28,90
12,0.05,0.0,0.3,0
12,0.05,0.0,0.32,180
12,0.05,0.0,0.34,45
12,0.05,0.0,0.36,45
12,0.05,0.0,0.38,0
12,0.05,0.0,0.4,45
12,0.05,0.0,0.42,0
12,0.05,0.0,0.44,45
12,0.05,0.0,0.46,0
12,0.05,0.0,0.48,90
12,0.05,0.0,0.5,0
12,0.05,0.0,0.52,0
12,0.05,0.0,0.54,135
12,0.05,0.0,0.56,0
12,0.05,0.0,0.58,0
12,0.05,0.0,0.6,0
12,0.05,0.0,0.62,0
12,0.05,0.0,0.64,0
12,0.05,0.0,0.66,0
12,0.05,0.0,0.68,90
12,0.05,0.0,0.7000000000000001,0
12,0.05,0.0,0.72,45
12,0.05,0.0,0.74,90
12,0.05,5.0,0.0,45
12,0.05,5.0,0.02,45
12,0.05,5.0,0.04,0
12,0.05,5.0,0.06,135
12,0.05,5.0,0.08,180
12,0.05,5.0,0.1,180
12,0.05,5.0,0.12,90
12,0.05,5.0,0.14,135
12,0.05,5.0,0.16,180
12,0.05,5.0,0.18,45
12,0.05,5.0,0.2,45
12,0.05,5.0,0.22,45
12,0.05,5.0,0.24,0
12,0.05,5.0,0.26,45
12,0.05,5.0,0.28,0
12,0.05,5.0,0.3,90
12,0.05,5.0,0.32,45
12,0.05,5.0,0.34,135
12,0.05,5.0,0.36,0
12,0.05,5.0,0.38,45
12,0.05,5.0,0.4,0
12,0.05,5.0,0.42,135
12,0.05,5.0,0.44,90
12,0.05,5.0,0.46,45
12,0.05,5.0,0.48,0
12,0.05,5.0,0.5,0
12,0.05,5.0,0.52,135
12,0.05,5.0,0.54,135
12,0.05,5.0,0.56,0
12,0.05,5.0,0.58,45
12,0.05,5.0,0.6,0
12,0.05,5.0,0.62,45
12,0.05,5.0,0.64,90
12,0.05,5.0,0.66,90
12,0.05,5.0,0.68,0
12,0.05,5.0,0.7000000000000001,135
12,0.05,5.0,0.72,0
12,0.05,5.0,0.74,135
12,0.05,10.0,0.0,90
12,0.05,10.0,0.02,90
12,0.05,10.0,0.04,90
12,0.05,10.0,0.06,90
12,0.05,10.0,0.08,180
12,0.05,10.0,0.1,90
12,0.05,10.0,0.12,0
12,0.05,10.0,0.14,135
12,0.05,10.0,0.16,90
12,0.05,10.0,0.18,45
12,0.05,10.0,0.2,90
12,0.05,10.0,0.22,90
12,0.05,10.0,0.24,135
12,0.05,10.0,0.26,0
12,0.05,10.0,0.28,90
12,0.05,10.0,0.3,135
12,0.05,10.0,0.32,90
12,0.05,10.0,0.34,90
12,0.05,10.0,0.36,0
12,0.05,10.0,0.38,45
12,0.05,10.0,0.4,45
12,0.05,10.0,0.42,45
12,0.05,10.0,0.44,0
12,0.05,10.0,0.46,45
12,0.05,10.0,0.48,45
12,0.05,10.0,0.5,90
12,0.05,10.0,0.52,0
12,0.05,10.0,0.54,45
12,0.05,10.0,0.56,135
12,0.05,10.0,0.58,45
12,0.05,10.0,0.6,0
12,0.05,10.0,0.62,180
12,0.05,10.0,0.64,90
12,0.05,10.0,0.66,45
12,0.05,10.0,0.68,90
12,0.05,10.0,0.7000000000000001,45
12,0.05,10.0,0.72,0
12,0.05,10.0,0.74,0
12,0.05,15.0,0.0,90
12,0.05,15.0,0.02,0
12,0.05,15.0,0.04,45
12,0.05,15.0,0.06,180
12,0.05,15.0,0.08,0
12,0.05,15.0,0.1,45
12,0.05,15.0,0.12,135
12,0.05,15.0,0.14,0
12,0.05,15.0,0.16,45
12,0.05,15.0,0.18,135
12,0.05,15.0,0.2,90
12,0.05,15.0,0.22,90
12,0.05,15.0,0.24,90
12,0.05,15.0,0.26,90
12,0.05,15.0,0.28,45
12,0.05,15.0,0.3,0
12,0.05,15.0,0.32,135
12,0.05,15.0,0.34,45
12,0.05,15.0,0.36,90
12,0.05,15.0,0.38,45
12,0.05,15.0,0.4,135
12,0.05,15.0,0.42,0
12,0.05,15.0,0.44,90
12,0.05,15.0,0.46,0
12,0.05,15.0,0.48,0
12,0.05,15.0,0.5,0
12,0.05,15.0,0.52,45
12,0.05,15.0,0.54,0
12,0.05,15.0,0.56,45
12,0.05,15.0,0.58,135
12,0.05,15.0,0.6,0
12,0.05,15.0,0.62,180
12,0.05,15.0,0.64,0
12,0.05,15.0,0.66,90
12,0.05,15.0,0.68,45
12,0.05,15.0,0.7000000000000001,135
12,0.05,15.0,0.72,45
12,0.05,15.0,0.74,0
12,0.05,20.0,0.0,135
12,0.05,20.0,0.02,135
12,0.05,20.0,0.04,45
12,0.05,20.0,0.06,0
12,0.05,20.0,0.08,45
12,0.05,20.0,0.1,0
12,0.05,20.0,0.12,0
12,0.05,20.0,0.14,180
12,0.05,20.0,0.16,180
12,0.05,20.0,0.18,0
12,0.05,20.0,0.2,0
12,0.05,20.0,0.22,0
12,0.05,20.0,0.24,90
12,0.05,20.0,0.26,90
12,0.05,20.0,0.28,0
12,0.05,20.0,0.3,45
12,0.05,20.0,0.32,0
12,0.05,20.0,0.34,180
12,0.05,20.0,0.36,45
12,0.05,20.0,0.38,135
12,0.05,20.0,0.4,135
12,0.05,20.0,0.42,0
12,0.05,20.0,0.44,45
12,0.05,20.0,0.46,0
12,0.05,20.0,0.48,45
12,0.05,20.0,0.5,135
12,0.05,20.0,0.52,0
12,0.05,20.0,0.54,135
12,0.05,20.0,0.56,45
12,0.05,20.0,0.58,90
12,0.05,20.0,0.6,90
12,0.05,20.0,0.62,90
12,0.05,20.0,0.64,180
12,0.05,20.0,0.66,45
12,0.05,20.0,0.68,90
12,0.05,20.0,0.7000000000000001,135
12,0.05,20.0,0.72,0
12,0.05,20.0,0.74,0
12,0.05,25.0,0.0,0
12,0.05,25.0,0.02,0
12,0.05,25.0,0.04,90
12,0.05,25.0,0.06,135
12,0.05,25.0,0.08,0
12,0.05,25.0,0.1,90
12,0.05,25.0,0.12,0
12,0.05,25.0,0.14,0
12,0.05,25.0,0.16,45
12,0.05,25.0,0.18,0
12,0.05,25.0,0.2,180
12,0.05,25.0,0.22,90
12,0.05,25.0,0.24,45
12,0.05,25.0,0.26,135
12,0.05,25.0,0.28,0
12,0.05,25.0,0.3,0
12,0.05,25.0,0.32,0
12,0.05,25.0,0.34,135
12,0.05,25.0,0.36,90
12,0.05,25.0,0.38,90
12,0.05,25.0,0.4,0
12,0.05,25.0,0.42,45
12,0.05,25.0,0.44,180
12,0.05,25.0,0.46,135
12,0.05,25.0,0.48,180
12,0.05,25.0,0.5,0
12,0.05,25.0,0.52,45
12,0.05,25.0,0.54,135
12,0.05,25.0,0.56,0
12,0.05,25.0,0.58,180
12,0.05,25.0,0.6,0
12,0.05,25.0,0.62,0
12,0.05,25.0,0.64,0
12,0.05,25.0,0.66,0
12,0.05,25.0,0.68,45
12,0.05,25.0,0.7000000000000001,0
12,0.05,25.0,0.72,0
12,0.05,25.0,0.74,180
12,0.05,30.0,0.0,0
12,0.05,30.0,0.02,135
12,0.05,30.0,0.04,45
12,0.05,30.0,0.06,45
12,0.05,30.0,0.08,0
12,0.05,30.0,0.1,0
12,0.05,30.0,0.12,0
12,0.05,30.0,0.14,180
12,0.05,30.0,0.16,180
12,0.05,30.0,0.18,180
12,0.05,30.0,0.2,45
12,0.05,30.0,0.22,135
12,0.05,30.0,0.24,90
12,0.05,30.0,0.26,90
12,0.05,30.0,0.28,135
12,0.05,30.0,0.3,0
12,0.05,30.0,0.32,135
12,0.05,30.0,0.34,45
12,0.05,30.0,0.36,0
12,0.05,30.0,0.38,135
12,0.05,30.0,0.4,90
12,0.05,30.0,0.42,90
12,0.05,30.0,0.44,90
12,0.05,30.0,0.46,0
12,0.05,30.0,0.48,45
12,0.05,30.0,0.5,135
12,0.05,30.0,0.52,90
12,0.05,30.0,0.54,135
12,0.05,30.0,0.56,135
12,0.05,30.0,0.58,135
12,0.05,30.0,0.6,135
12,0.05,30.0,0.62,45
12,0.05,30.0,0.64,0
12,0.05,30.0,0.66,0
12,0.05,30.0,0.68,0
12,0.05,30.0,0.7000000000000001,180
12,0.05,30.0,0.72,135
12,0.05,30.0,0.74,0
12,0.05,40.0,0.0,45
12,0.05,40.0,0.02,0
12,0.05,40.0,0.04,0
12,0.05,40.0,0.06,45
12,0.05,40.0,0.08,0
12,0.05,40.0,0.1,90
12,0.05,40.0,0.12,135
12,0.05,40.0,0.14,45
12,0.05,40.0,0.16,45
12,0.05,40.0,0.18,135
12,0.05,40.0,0.2,0
12,0.05,40.0,0.22,45
12,0.05,40.0,0.24,45
12,0.05,40.0,0.26,45
12,0.05,40.0,0.28,180
12,0.05,40.0,0.3,90
12,0.05,40.0,0.32,0
12,0.05,40.0,0.34,45
12,0.05,40.0,0.36,45
12,0.05,40.0,0.38,45
12,0.05,40.0,0.4,90
12,0.05,40.0,0.42,90
12,0.05,40.0,0.44,90
12,0.05,40.0,0.46,135
12,0.05,40.0,0.48,90
12,0.05,40.0,0.5,45
12,0.05,40.0,0.52,90
12,0.05,40.0,0.54,45
12,0.05,40.0,0.56,135
12,0.05,40.0,0.58,90
12,0.05,40.0,0.6,45
12,0.05,40.0,0.62,90
12,0.05,40.0,0.64,0
12,0.05,40.0,0.66,135
12,0.05,40.0,0.68,0
12,0.05,40.0,0.7000000000000001,45
12,0.05,40.0,0.72,135
12,0.05,40.0,0.74,90
12,0.05,50.0,0.0,45
12,0.05,50.0,0.02,180
12,0.05,50.0,0.04,135
12,0.05,50.0,0.06,45
12,0.05,50.0,0.08,180
12,0.05,50.0,0.1,90
12,0.05,50.0,0.12,90
12,0.05,50.0,0.14,45
12,0.05,50.0,0.16,0
12,0.05,50.0,0.18,0
12,0.05,50.0,0.2,0
12,0.05,50.0,0.22,135
12,0.05,50.0,0.24,45
12,0.05,50.0,0.26,135
12,0.05,50.0,0.28,135
12,0.05,50.0,0.3,45
12,0.05,50.0,0.32,0
12,0.05,50.0,0.34,90
12,0.05,50.0,0.36,90
12,0.05,50.0,0.38,90
12,0.05,50.0,0.4,45
12,0.05,50.0,0.42,45
12,0.05,50.0,0.44,0
12,0.05,50.0,0.46,45
12,0.05,50.0,0.48,90
12,0.05,50.0,0.5,0
12,0.05,50.0,0.52,90
12,0.05,50.0,0.54,180
12,0.05,50.0,0.56,180
12,0.05,50.0,0.58,180
12,0.05,50.0,0.6,45
12,0.05,50.0,0.62,45
12,0.05,50.0,0.64,135
12,0.05,50.0,0.66,45
12,0.05,50.0,0.68,180
12,0.05,50.0,0.7000000000000001,180
12,0.05,50.0,0.72,180
12,0.05,50.0,0.74,90
12,0.05,100.0,0.0,0
12,0.05,100.0,0.02,0
12,0.05,100.0,0.04,45
12,0.05,100.0,0.06,90
12,0.05,100.0,0.08,0
12,0.05,100.0,0.1,135
12,0.05,100.0,0.12,135
12,0.05,100.0,0.14,45
12,0.05,100.0,0.16,0
12,0.05,100.0,0.18,45
12,0.05,100.0,0.2,135
12,0.05,100.0,0.22,90
12,0.05,100.0,0.24,180
12,0.05,100.0,0.26,180
12,0.05,100.0,0.28,90
12,0.05,100.0,0.3,180
12,0.05,100.0,0.32,180
12,0.05,100.0,0.34,135
12,0.05,100.0,0.36,135
12,0.05,100.0,0.38,45
12,0.05,100.0,0.4,45
12,0.05,100.0,0.42,45
12,0.05,100.0,0.44,0
12,0.05,100.0,0.46,135
12,0.05,100.0,0.48,135
12,0.05,100.0,0.5,90
12,0.05,100.0,0.52,45
12,0.05,100.0,0.54,45
12,0.05,100.0,0.56,45
12,0.05,100.0,0.58,0
12,0.05,100.0,0.6,45
12,0.05,100.0,0.62,45
12,0.05,100.0,0.64,45
12,0.05,100.0,0.66,135
12,0.05,100.0,0.68,45
12,0.05,100.0,0.7000000000000001,45
12,0.05,100.0,0.72,0
12,0.05,100.0,0.74,45
13,0.05,0.0,0.0,0
13,0.05,0.0,0.02,0
13,0.05,0.0,0.04,0
13,0.05,0.0,0.06,90
13,0.05,0.0,0.08,45
13,0.05,0.0,0.1,0
13,0.05,0.0,0.12,45
13,0.05,0.0,0.14,0
13,0.05,0.0,0.16,90
13,0.05,0.0,0.18,45
13,0.05,0.0,0.2,0
13,0.05,0.0,0.22,45
13,0.05,0.0,0.24,0
13,0.05,0.0,0.26,0
13,0.05,0.0,0.28,45
13,0.05,0.0,0.3,45
13,0.05,0.0,0.32,45
13,0.05,0.0,0.34,45
13,0.05,0.0,0.36,0
13,0.05,0.0,0.38,0
13,0.05,0.0,0.4,0
13,0.05,0.0,0.42,0
13,0.05,0.0,0.44,45
13,0.05,0.0,0.46,0
13,0.05,0.0,0.48,0
13,0.05,0.0,0.5,0
13,0.05,0.0,0.52,90
13,0.05,0.0,0.54,0
13,0.05,0.0,0.56,0
13,0.05,0.0,0.58,45
13,0.05,0.0,0.6,0
13,0.05,0.0,0.62,90
13,0.05,0.0,0.64,90
13,0.05,0.0,0.66,45
13,0.05,0.0,0.68,0
13,0.05,0.0,0.7000000000000001,0
13,0.05,0.0,0.72,90
13,0.05,0.0,0.74,45
13,0.05,5.0,0.0,0
13,0.05,5.0,0.02,0
13,0.05,5.0,0.04,45
13,0.05,5.0,0.06,45
13,0.05,5.0,0.08,0
13,0.05,5.0,0.1,45
13,0.05,5.0,0.12,90
13,0.05,5.0,0.14,45
13,0.05,5.0,0.16,90
13,0.05,5.0,0.18,0
13,0.05,5.0,0.2,0
13,0.05,5.0,0.22,45
13,0.05,5.0,0.24,0
13,0.05,5.0,0.26,0
13,0.05,5.0,0.28,0
13,0.05,5.0,0.3,0
13,0.05,5.0,0.32,0
13,0.05,5.0,0.34,0
13,0.05,5.0,0.36,0
13,0.05,5.0,0.38,90
13,0.05,5.0,0.4,45
13,0.05,5.0,0.42,180
13,0.05,5.0,0.44,0
13,0.05,5.0,0.46,90
13,0.05,5.0,0.48,45
13,0.05,5.0,0.5,45
13,0.05,5.0,0.52,0
13,0.05,5.0,0.54,0
13,0.05,5.0,0.56,45
13,0.05,5.0,0.58,135
13,0.05,5.0,0.6,45
13,0.05,5.0,0.62,45
13,0.05,5.0,0.64,0
13,0.05,5.0,0.66,0
13,0.05,5.0,0.68,0
13,0.05,5.0,0.7000000000000001,45
13,0.05,5.0,0.72,0
13,0.05,5.0,0.74,0
13,0.05,10.0,0.0,45
13,0.05,10.0,0.02,45
13,0.05,10.0,0.04,0
13,0.05,10.0,0.06,90
13,0.05,10.0,0.08,0
13,0.05,10.0,0.1,0
13,0.05,10.0,0.12,45
13,0.05,10.0,0.14,0
13,0.05,10.0,0.16,180
13,0.05,10.0,0.18,45
13,0.05,10.0,0.2,0
13,0.05,10.0,0.22,180
13,0.05,10.0,0.24,90
13,0.05,10.0,0.26,180
13,0.05,10.0,0.28,0
13,0.05,10.0,0.3,45
13,0.05,10.0,0.32,45
13,0.05,10.0,0.34,135
13,0.05,10.0,0.36,135
13,0.05,10.0,0.38,135
13,0.05,10.0,0.4,135
13,0.05,10.0,0.42,135
13,0.05,10.0,0.44,0
13,0.05,10.0,0.46,90
13,0.05,10.0,0.48,90
13,0.05,10.0,0.5,135
13,0.05,10.0,0.52,135
13,0.05,10.0,0.54,135
13,0.05,10.0,0.56,0
13,0.05,10.0,0.58,0
13,0.05,10.0,0.6,45
13,0.05,10.0,0.62,180
13,0.05,10.0,0.64,180
13,0.05,10.0,0.66,135
13,0.05,10.0,0.68,135
13,0.05,10.0,0.7000000000000001,45
13,0.05,10.0,0.72,45
13,0.05,10.0,0.74,135
13,0.05,15.0,0.0,180
13,0.05,15.0,0.02,45
13,0.05,15.0,0.04,90
13,0.05,15.0,0.06,135
13,0.05,15.0,0.08,90
13,0.05,15.0,0.1,0
13,0.05,15.0,0.12,0
13,0.05,15.0,0.14,45
13,0.05,15.0,0.16,90
13,0.05,15.0,0.18,135
13,0.05,15.0,0.2,0
13,0.05,15.0,0.22,45
13,0.05,15.0,0.24,0
13,0.05,15.0,0.26,135
13,0.05,15.0,0.28,0
13,0.05,15.0,0.3,90
13,0.05,15.0,0.32,0
13,0.05,15.0,0.34,90
13,0.05,15.0,0.36,0
13,0.05,15.0,0.38,45
13,0.05,15.0,0.4,45
13,0.05,15.0,0.42,0
13,0.05,15.0,0.44,45
13,0.05,15.0,0.46,90
13,0.05,15.0,0.48,45
13,0.05,15.0,0.5,0
13,0.05,15.0,0.52,0
13,0.05,15.0,0.54,0
13,0.05,15.0,0.56,0
13,0.05,15.0,0.58,0
13,0.05,15.0,0.6,135
13,0.05,15.0,0.62,45
13,0.05,15.0,0.64,45
13,0.05,15.0,0.66,0
13,0.05,15.0,0.68,0
13,0.05,15.0,0.7000000000000001,0
13,0.05,15.0,0.72,0
13,0.05,15.0,0.74,180
13,0.05,20.0,0.0,0
13,0.05,20.0,0.02,0
13,0.05,20.0,0.04,135
13,0.05,20.0,0.06,90
13,0.05,20.0,0.08,45
13,0.05,20.0,0.1,0
13,0.05,20.0,0.12,180
13,0.05,20.0,0.14,45
13,0.05,20.0,0.16,45
13,0.05,20.0,0.18,45
13,0.05,20.0,0.2,0
13,0.05,20.0,0.22,45
13,0.05,20.0,0.24,90
13,0.05,20.0,0.26,135
13,0.05,20.0,0.28,135
13,0.05,20.0,0.3,90
13,0.05,20.0,0.32,180
13,0.05,20.0,0.34,45
13,0.05,20.0,0.36,45
13,0.05,20.0,0.38,90
13,0.05,20.0,0.4,90
13,0.05,20.0,0.42,180
13,0.05,20.0,0.44,0
13,0.05,20.0,0.46,90
13,0.05,20.0,0.48,45
13,0.05,20.0,0.5,45
13,0.05,20.0,0.52,90
13,0.05,20.0,0.54,180
13,0.05,20.0,0.56,135
13,0.05,20.0,0.58,90
13,0.05,20.0,0.6,90
13,0.05,20.0,0.62,180
13,0.05,20.0,0.64,135
13,0.05,20.0,0.66,90
13,0.05,20.0,0.68,135
13,0.05,20.0,0.7000000000000001,180
13,0.05,20.0,0.72,90
13,0.05,20.0,0.74,45
13,0.05,25.0,0.0,135
13,0.05,25.0,0.02,135
13,0.05,25.0,0.04,135
13,0.05,25.0,0.06,90
13,0.05,25.0,0.08,90
13,0.05,25.0,0.1,45
13,0.05,25.0,0.12,0
13,0.05,25.0,0.14,0
13,0.05,25.0,0.16,0
13,0.05,25.0,0.18,135
13,0.05,25.0,0.2,135
13,0.05,25.0,0.22,45
13,0.05,25.0,0.24,45
13,0.05,25.0,0.26,0
13,0.05,25.0,0.28,90
13,0.05,25.0,0.3,90
13,0.05,25.0,0.32,0
13,0.05,25.0,0.34,135
13,0.05,25.0,0.36,135
13,0.05,25.0,0.38,0
13,0.05,25.0,0.4,135
13,0.05,25.0,0.42,45
13,0.05,25.0,0.44,45
13,0.05,25.0,0.46,90
13,0.05,25.0,0.48,45
13,0.05,25.0,0.5,45
13,0.05,25.0,0.52,0
13,0.05,25.0,0.54,0
13,0.05,25.0,0.56,45
13,0.05,25.0,0.58,0
13,0.05,25.0,0.6,0
13,0.05,25.0,0.62,0
13,0.05,25.0,0.64,135
13,0.05,25.0,0.66,135
13,0.05,25.0,0.68,0
13,0.05,25.0,0.7000000000000001,45
13,0.05,25.0,0.72,135
13,0.05,25.0,0.74,45
13,0.05,30.0,0.0,135
13,0.05,30.0,0.02,0
13,0.05,30.0,0.04,135
13,0.05,30.0,0.06,135
13,0.05,30.0,0.08,0
13,0.05,30.0,0.1,45
13,0.05,30.0,0.12,180
13,0.05,30.0,0.14,45
13,0.05,30.0,0.16,135
13,0.05,30.0,0.18,0
13,0.05,30.0,0.2,180
13,0.05,30.0,0.22,135
13,0.05,30.0,0.24,180
13,0.05,30.0,0.26,135
13,0.05,30.0,0.28,135
13,0.05,30.0,0.3,45
13,0.05,30.0,0.32,45
13,0.05,30.0,0.34,0
13,0.05,30.0,0.36,0
13,0.05,30.0,0.38,0
13,0.05,30.0,0.4,135
13,0.05,30.0,0.42,135
13,0.05,30.0,0.44,90
13,0.05,30.0,0.46,0
13,0.05,30.0,0.48,45
13,0.05,30.0,0.5,135
13,0.05,30.0,0.52,135
13,0.05,30.0,0.54,45
13,0.05,30.0,0.56,45
13,0.05,30.0,0.58,45
13,0.05,30.0,0.6,45
13,0.05,30.0,0.62,45
13,0.05,30.0,0.64,45
13,0.05,30.0,0.66,135
13,0.05,30.0,0.68,90
13,0.05,30.0,0.7000000000000001,45
13,0.05,30.0,0.72,45
13,0.05,30.0,0.74,45
13,0.05,40.0,0.0,45
13,0.05,40.0,0.02,135
13,0.05,40.0,0.04,90
13,0.05,40.0,0.06,0
13,0.05,40.0,0.08,45
13,0.05,40.0,0.1,135
13,0.05,40.0,0.12,90
13,0.05,40.0,0.14,90
13,0.05,40.0,0.16,135
13,0.05,40.0,0.18,135
13,0.05,40.0,0.2,135
13,0.05,40.0,0.22,0
13,0.05,40.0,0.24,0
13,0.05,40.0,0.26,0
13,0.05,40.0,0.28,180
13,0.05,40.0,0.3,0
13,0.05,40.0,0.32,0
13,0.05,40.0,0.34,0
13,0.05,40.0,0.36,135
13,0.05,40.0,0.38,45
13,0.05,40.0,0.4,45
13,0.05,40.0,0.42,90
13,0.05,40.0,0.44,90
13,0.05,40.0,0.46,45
13,0.05,40.0,0.48,135
13,0.05,40.0,0.5,180
13,0.05,40.0,0.52,135
13,0.05,40.0,0.54,180
13,0.05,40.0,0.56,0
13,0.05,40.0,0.58,90
13,0.05,40.0,0.6,180
13,0.05,40.0,0.62,45
13,0.05,40.0,0.64,0
13,0.05,40.0,0.66,45
13,0.05,40.0,0.68,0
13,0.05,40.0,0.7000000000000001,0
13,0.05,40.0,0.72,135
13,0.05,40.0,0.74,0
13,0.05,50.0,0.0,90
13,0.05,50.0,0.02,135
13,0.05,50.0,0.04,0
13,0.05,50.0,0.06,180
13,0.05,50.0,0.08,180
13,0.05,50.0,0.1,45
13,0.05,50.0,0.12,45
13,0.05,50.0,0.14,0
13,0.05,50.0,0.16,0
13,0.05,50.0,0.18,90
13,0.05,50.0,0.2,90
13,0.05,50.0,0.22,180
13,0.05,50.0,0.24,90
13,0.05,50.0,0.26,0
13,0.05,50.0,0.28,0
13,0.05,50.0,0.3,0
13,0.05,50.0,0.32,45
13,0.05,50.0,0.34,45
13,0.05,50.0,0.36,90
13,0.05,50.0,0.38,45
13,0.05,50.0,0.4,135
13,0.05,50.0,0.42,45
13,0.05,50.0,0.44,0
13,0.05,50.0,0.46,90
13,0.05,50.0,0.48,45
13,0.05,50.0,0.5,90
13,0.05,50.0,0.52,180
13,0.05,50.0,0.54,0
13,0.05,50.0,0.56,45
13,0.05,50.0,0.58,45
13,0.05,50.0,0.6,0
13,0.05,50.0,0.62,0
13,0.05,50.0,0.64,135
13,0.05,50.0,0.66,180
13,0.05,50.0,0.68,180
13,0.05,50.0,0.7000000000000001,90
13,0.05,50.0,0.72,0
13,0.05,50.0,0.74,90
13,0.05,100.0,0.0,90
13,0.05,100.0,0.02,90
13,0.05,100.0,0.04,0
13,0.05,100.0,0.06,135
13,0.05,100.0,0.08,45
13,0.05,100.0,0.1,0
13,0.05,100.0,0.12,90
13,0.05,100.0,0.14,135
13,0.05,100.0,0.16,135
13,0.05,100.0,0.18,45
13,0.05,100.0,0.2,135
13,0.05,100.0,0.22,180
13,0.05,100.0,0.24,135
13,0.05,100.0,0.26,90
13,0.05,100.0,0.28,135
13,0.05,100.0,0.3,90
13,0.05,100.0,0.32,180
13,0.05,100.0,0.34,0
13,0.05,100.0,0.36,0
13,0.05,100.0,0.38,180
13,0.05,100.0,0.4,0
13,0.05,100.0,0.42,0
13,0.05,100.0,0.44,90
13,0.05,100.0,0.46,90
13,0.05,100.0,0.48,0
13,0.05,100.0,0.5,45
13,0.05,100.0,0.52,135
13,0.05,100.0,0.54,90
13,0.05,100.0,0.56,135
13,0.05,100.0,0.58,0
13,0.05,100.0,0.6,90
13,0.05,100.0,0.62,45
13,0.05,100.0,0.64,180
13,0.05,100.0,0.66,135
13,0.05,100.0,0.68,45
13,0.05,100.0,0.7000000000000001,45
13,0.05,100.0,0.72,45
13,0.05,100.0,0.74,45
14,0.05,0.0,0.0,90
14,0.05,0.0,0.02,45
14,0.05,0.0,0.04,90
14,0.05,0.0,0.06,135
14,0.05,0.0,0.08,0
14,0.05,0.0,0.1,90
14,0.05,0.0,0.12,90
14,0.05,0.0,0.14,45
14,0.05,0.0,0.16,180
14,0.05,0.0,0.18,45
14,0.05,0.0,0.2,45
14,0.05,0.0,0.22,45
14,0.05,0.0,0.24,0
14,0.05,0.0,0.26,45
14,0.05,0.0,0.28,90
14,0.05,0.0,0.3,0
14,0.05,0.0,0.32,0
14,0.05,0.0,0.34,90
14,0.05,0.0,0.36,45
14,0.05,0.0,0.38,0
14,0.05,0.0,0.4,0
14,0.05,0.0,0.42,45
14,0.05,0.0,0.44,90
14,0.05,0.0,0.46,0
14,0.05,0.0,0.48,90
14,0.05,0.0,0.5,45
14,0.05,0.0,0.52,45
14,0.05,0.0,0.54,0
14,0.05,0.0,0.56,45
14,0.05,0.0,0.58,0
14,0.05,0.0,0.6,45
14,0.05,0.0,0.62,0
14,0.05,0.0,0.64,0
14,0.05,0.0,0.66,0
14,0.05,0.0,0.68,0
14,0.05,0.0,0.7000000000000001,0
14,0.05,0.0,0.72,180
14,0.05,0.0,0.74,0
14,0.05,5.0,0.0,0
14,0.05,5.0,0.02,180
14,0.05,5.0,0.04,0
14,0.05,5.0,0.06,0
14,0.05,5.0,0.08,0
14,0.05,5.0,0.1,0
14,0.05,5.0,0.12,0
14,0.05,5.0,0.14,45
14,0.05,5.0,0.16,0
14,0.05,5.0,0.18,180
14,0.05,5.0,0.2,0
14,0.05,5.0,0.22,45
14,0.05,5.0,0.24,0
14,0.05,5.0,0.26,135
14,0.05,5.0,0.28,135
14,0.05,5.0,0.3,180
14,0.05,5.0,0.32,180
14,0.05,5.0,0.34,135
14,0.05,5.0,0.36,135
14,0.05,5.0,0.38,0
14,0.05,5.0,0.4,0
14,0.05,5.0,0.42,45
14,0.05,5.0,0.44,45
14,0.05,5.0,0.46,135
14,0.05,5.0,0.48,90
14,0.05,5.0,0.5,45
14,0.05,5.0,0.52,90
14,0.05,5.0,0.54,90
14,0.05,5.0,0.56,45
14,0.05,5.0,0.58,45
14,0.05,5.0,0.6,180
14,0.05,5.0,0.62,90
14,0.05,5.0,0.64,45
14,0.05,5.0,0.66,45
14,0.05,5.0,0.68,0
14,0.05,5.0,0.7000000000000001,45
14,0.05,5.0,0.72,135
14,0.05,5.0,0.74,180
14,0.05,10.0,0.0,0
14,0.05,10.0,0.02,135
14,0.05,10.0,0.04,135
14,0.05,10.0,0.06,45
14,0.05,10.0,0.08,45
14,0.05,10.0,0.1,45
14,0.05,10.0,0.12,0
14,0.05,10.0,0.14,0
14,0.05,10.0,0.16,90
14,0.05,10.0,0.18,45
14,0.05,10.0,0.2,0
14,0.05,10.0,0.22,0
14,0.05,10.0,0.24,0
14,0.05,10.0,0.26,90
14,0.05,10.0,0.28,0
14,0.05,10.0,0.3,0
14,0.05,10.0,0.32,0
14,0.05,10.0,0.34,180
14,0.05,10.0,0.36,0
14,0.05,10.0,0.38,0
14,0.05,10.0,0.4,90
14,0.05,10.0,0.42,45
14,0.05,10.0,0.44,90
14,0.05,10.0,0.46,45
14,0.05,10.0,0.48,45
14,0.05,10.0,0.5,90
14,0.05,10.0,0.52,0
14,0.05,10.0,0.54,0
14,0.05,10.0,0.56,135
14,0.05,10.0,0.58,0
14,0.05,10.0,0.6,0
14,0.05,10.0,0.62,0
14,0.05,10.0,0.64,45
14,0.05,10.0,0.66,90
14,0.05,10.0,0.68,135
14,0.05,10.0,0.7000000000000001,180
14,0.05,10.0,0.72,45
14,0.05,10.0,0.74,0
14,0.05,15.0,0.0,0
14,0.05,15.0,0.02,135
14,0.05,15.0,0.04,135
14,0.05,15.0,0.06,135
14,0.05,15.0,0.08,45
14,0.05,15.0,0.1,45
14,0.05,15.0,0.12,0
14,0.05,15.0,0.14,45
14,0.05,15.0,0.16,135
14,0.05,15.0,0.18,0
14,0.05,15.0,0.2,0
14,0.05,15.0,0.22,45
14,0.05,15.0,0.24,90
14,0.05,15.0,0.26,135
14,0.05,15.0,0.28,90
14,0.05,15.0,0.3,0
14,0.05,15.0,0.32,0
14,0.05,15.0,0.34,135
14,0.05,15.0,0.36,0
14,0.05,15.0,0.38,45
14,0.05,15.0,0.4,135
14,0.05,15.0,0.42,0
14,0.05,15.0,0.44,135
14,0.05,15.0,0.46,45
14,0.05,15.0,0.48,0
14,0.05,15.0,0.5,0
14,0.05,15.0,0.52,45
14,0.05,15.0,0.54,45
14,0.05,15.0,0.56,45
14,0.05,15.0,0.58,0
14,0.05,15.0,0.6,135
14,0.05,15.0,0.62,135
14,0.05,15.0,0.64,45
14,0.05,15.0,0.66,45
14,0.05,15.0,0.68,0
14,0.05,15.0,0.7000000000000001,45
14,0.05,15.0,0.72,45
14,0.05,15.0,0.74,135
14,0.05,20.0,0.0,45
14,0.05,20.0,0.02,0
14,0.05,20.0,0.04,135
14,0.05,20.0,0.06,45
14,0.05,20.0,0.08,0
14,0.05,20.0,0.1,135
14,0.05,20.0,0.12,45
14,0.05,20.0,0.14,0
14,0.05,20.0,0.16,0
14,0.05,20.0,0.18,0
14,0.05,20.0,0.2,135
14,0.05,20.0,0.22,90
14,0.05,20.0,0.24,180
14,0.05,20.0,0.26,90
14,0.05,20.0,0.28,0
14,0.05,20.0,0.3,135
14,0.05,20.0,0.32,45
14,0.05,20.0,0.34,0
14,0.05,20.0,0.36,90
14,0.05,20.0,0.38,45
14,0.05,20.0,0.4,45
14,0.05,20.0,0.42,180
14,0.05,20.0,0.44,135
14,0.05,20.0,0.46,0
14,0.05,20.0,0.48,90
14,0.05,20.0,0.5,135
14,0.05,20.0,0.52,135
14,0.05,20.0,0.54,90
14,0.05,20.0,0.56,45
14,0.05,20.0,0.58,0
14,0.05,20.0,0.6,135
14,0.05,20.0,0.62,180
14,0.05,20.0,0.64,0
14,0.05,20.0,0.66,0
14,0.05,20.0,0.68,90
14,0.05,20.0,0.7000000000000001,45
14,0.05,20.0,0.72,90
14,0.05,20.0,0.74,90
14,0.05,25.0,0.0,0
14,0.05,25.0,0.02,45
14,0.05,25.0,0.04,0
14,0.05,25.0,0.06,90
14,0.05,25.0,0.08,0
14,0.05,25.0,0.1,180
14,0.05,25.0,0.12,180
14,0.05,25.0,0.14,135
14,0.05,25.0,0.16,135
14,0.05,25.0,0.18,180
14,0.05,25.0,0.2,90
14,0.05,25.0,0.22,45
14,0.05,25.0,0.24,45
14,0.05,25.0,0.26,0
14,0.05,25.0,0.28,180
14,0.05,25.0,0.3,180
14,0.05,25.0,0.32,0
14,0.05,25.0,0.34,0
14,0.05,25.0,0.36,0
14,0.05,25.0,0.38,0
14,0.05,25.0,0.4,90
14,0.05,25.0,0.42,45
14,0.05,25.0,0.44,0
14,0.05,25.0,0.46,135
14,0.05,25.0,0.48,135
14,0.05,25.0,0.5,90
14,0.05,25.0,0.52,0
14,0.05,25.0,0.54,45
14,0.05,25.0,0.56,180
14,0.05,25.0,0.58,90
14,0.05,25.0,0.6,90
14,0.05,25.0,0.62,0
14,0.05,25.0,0.64,45
14,0.05,25.0,0.66,45
14,0.05,25.0,0.68,180
14,0.05,25.0,0.7000000000000001,135
14,0.05,25.0,0.72,90
14,0.05,25.0,0.74,0
14,0.05,30.0,0.0,45
14,0.05,30.0,0.02,90
14,0.05,30.0,0.04,45
14,0.05,30.0,0.06,45
14,0.05,30.0,0.08,0
14,0.05,30.0,0.1,0
14,0.05,30.0,0.12,45
14,0.05,30.0,0.14,135
14,0.05,30.0,0.16,0
14,0.05,30.0,0.18,0
14,0.05,30.0,0.2,135
14,0.05,30.0,0.22,45
14,0.05,30.0,0.24,0
14,0.05,30.0,0.26,45
14,0.05,30.0,0.28,0
14,0.05,30.0,0.3,45
14,0.05,30.0,0.32,135
14,0.05,30.0,0.34,45
14,0.05,30.0,0.36,135
14,0.05,30.0,0.38,135
14,0.05,30.0,0.4,45
14,0.05,30.0,0.42,0
14,0.05,30.0,0.44,0
14,0.05,30.0,0.46,90
14,0.05,30.0,0.48,0
14,0.05,30.0,0.5,45
14,0.05,30.0,0.52,90
14,0.05,30.0,0.54,180
14,0.05,30.0,0.56,45
14,0.05,30.0,0.58,0
14,0.05,30.0,0.6,135
14,0.05,30.0,0.62,45
14,0.05,30.0,0.64,90
14,0.05,30.0,0.66,135
14,0.05,30.0,0.68,45
14,0.05,30.0,0.7000000000000001,45
14,0.05,30.0,0.72,90
14,0.05,30.0,0.74,90
14,0.05,40.0,0.0,180
14,0.05,40.0,0.02,0
14,0.05,40.0,0.04,90
14,0.05,40.0,0.06,180
14,0.05,40.0,0.08,0
14,0.05,40.0,0.1,90
14,0.05,40.0,0.12,135
14,0.05,40.0,0.14,135
14,0.05,40.0,0.16,0
14,0.05,40.0,0.18,0
14,0.05,40.0,0.2,90
14,0.05,40.0,0.22,0
14,0.05,40.0,0.24,45
14,0.05,40.0,0.26,45
14,0.05,40.0,0.28,45
14,0.05,40.0,0.3,90
14,0.05,40.0,0.32,0
14,0.05,40.0,0.34,135
14,0.05,40.0,0.36,0
14,0.05,40.0,0.38,135
14,0.05,40.0,0.4,135
14,0.05,40.0,0.42,180
14,0.05,40.0,0.44,180
14,0.05,40.0,0.46,45
14,0.05,40.0,0.48,90
14,0.05,40.0,0.5,135
14,0.05,40.0,0.52,45
14,0.05,40.0,0.54,135
14,0.05,40.0,0.56,45
14,0.05,40.0,0.58,135
14,0.05,40.0,0.6,90
14,0.05,40.0,0.62,45
14,0.05,40.0,0.64,135
14,0.05,40.0,0.66,135
14,0.05,40.0,0.68,45
14,0.05,40.0,0.7000000000000001,0
14,0.05,40.0,0.72,135
14,0.05,40.0,0.74,0
14,0.05,50.0,0.0,45
14,0.05,50.0,0.02,135
14,0.05,50.0,0.04,180
14,0.05,50.0,0.06,135
14,0.05,50.0,0.08,45
14,0.05,50.0,0.1,135
14,0.05,50.0,0.12,0
14,0.05,50.0,0.14,180
14,0.05,50.0,0.16,45
14,0.05,50.0,0.18,0
14,0.05,50.0,0.2,45
14,0.05,50.0,0.22,45
14,0.05,50.0,0.24,135
14,0.05,50.0,0.26,135
14,0.05,50.0,0.28,135
14,0.05,50.0,0.3,90
14,0.05,50.0,0.32,135
14,0.05,50.0,0.34,90
14,0.05,50.0,0.36,0
14,0.05,50.0,0.38,45
14,0.05,50.0,0.4,0
14,0.05,50.0,0.42,135
14,0.05,50.0,0.44,90
14,0.05,50.0,0.46,45
14,0.05,50.0,0.48,45
14,0.05,50.0,0.5,0
14,0.05,50.0,0.52,0
14,0.05,50.0,0.54,45
14,0.05,50.0,0.56,135
14,0.05,50.0,0.58,0
14,0.05,50.0,0.6,0
14,0.05,50.0,0.62,0
14,0.05,50.0,0.64,0
14,0.05,50.0,0.66,180
14,0.05,50.0,0.68,45
14,0.05,50.0,0.7000000000000001,0
14,0.05,50.0,0.72,0
14,0.05,50.0,0.74,0
14,0.05,100.0,0.0,90
14,0.05,100.0,0.02,90
14,0.05,100.0,0.04,45
14,0.05,100.0,0.06,135
14,0.05,100.0,0.08,45
14,0.05,100.0,0.1,90
14,0.05,100.0,0.12,135
14,0.05,100.0,0.14,135
14,0.05,100.0,0.16,135
14,0.05,100.0,0.18,45
14,0.05,100.0,0.2,45
14,0.05,100.0,0.22,45
14,0.05,100.0,0.24,0
14,0.05,100.0,0.26,0
14,0.05,100.0,0.28,0
14,0.05,100.0,0.3,0
14,0.05,100.0,0.32,0
14,0.05,100.0,0.34,0
14,0.05,100.0,0.36,0
14,0.05,100.0,0.38,0
14,0.05,100.0,0.4,0
14,0.05,100.0,0.42,0
14,0.05,100.0,0.44,0
14,0.05,100.0,0.46,0
14,0.05,100.0,0.48,0
14,0.05,100.0,0.5,0
14,0.05,100.0,0.52,0
14,0.05,100.0,0.54,0
14,0.05,100.0,0.56,0
14,0.05,100.0,0.58,0
14,0.05,100.0,0.6,0
14,0.05,100.0,0.62,0
14,0.05,100.0,0.64,0
14,0.05,100.0,0.66,0
14,0.05,100.0,0.68,0
14,0.05,100.0,0.7000000000000001,0
14,0.05,100.0,0.72,0
14,0.05,100.0,0.74,0
15,0.05,0.0,0.0,90
15,0.05,0.0,0.02,45
15,0.05,0.0,0.04,90
15,0.05,0.0,0.06,0
15,0.05,0.0,0.08,0
15,0.05,0.0,0.1,0
15,0.05,0.0,0.12,45
15,0.05,0.0,0.14,90
15,0.05,0.0,0.16,90
15,0.05,0.0,0.18,0
15,0.05,0.0,0.2,0
15,0.05,0.0,0.22,0
15,0.05,0.0,0.24,0
15,0.05,0.0,0.26,135
15,0.05,0.0,0.28,45
15,0.05,0.0,0.3,0
15,0.05,0.0,0.32,0
15,0.05,0.0,0.34,45
15,0.05,0.0,0.36,90
15,0.05,0.0,0.38,90
15,0.05,0.0,0.4,180
15,0.05,0.0,0.42,90
15,0.05,0.0,0.44,0
15,0.05,0.0,0.46,0
15,0.05,0.0,0.48,0
15,0.05,0.0,0.5,0
15,0.05,0.0,0.52,90
15,0.05,0.0,0.54,0
15,0.05,0.0,0.56,0
15,0.05,0.0,0.58,0
15,0.05,0.0,0.6,90
15,0.05,0.0,0.62,135
15,0.05,0.0,0.64,0
15,0.05,0.0,0.66,45
15,0.05,0.0,0.68,0
15,0.05,0.0,0.7000000000000001,180
15,0.05,0.0,0.72,0
15,0.05,0.0,0.74,0
15,0.05,5.0,0.0,180
15,0.05,5.0,0.02,0
15,0.05,5.0,0.04,45
15,0.05,5.0,0.06,90
15,0.05,5.0,0.08,135
15,0.05,5.0,0.1,90
15,0.05,5.0,0.12,0
15,0.05,5.0,0.14,0
15,0.05,5.0,0.16,45
15,0.05,5.0,0.18,45
15,0.05,5.0,0.2,0
15,0.05,5.0,0.22,0
15,0.05,5.0,0.24,0
15,0.05,5.0,0.26,0
15,0.05,5.0,0.28,45
15,0.05,5.0,0.3,0
15,0.05,5.0,0.32,45
15,0.05,5.0,0.34,45
15,0.05,5.0,0.36,0
15,0.05,5.0,0.38,0
15,0.05,5.0,0.4,90
15,0.05,5.0,0.42,135
15,0.05,5.0,0.44,45
15,0.05,5.0,0.46,135
15,0.05,5.0,0.48,90
15,0.05,5.0,0.5,180
15,0.05,5.0,0.52,90
15,0.05,5.0,0.54,45
15,0.05,5.0,0.56,90
15,0.05,5.0,0.58,90
15,0.05,5.0,0.6,180
15,0.05,5.0,0.62,45
15,0.05,5.0,0.64,135
15,0.05,5.0,0.66,135
15,0.05,5.0,0.68,180
15,0.05,5.0,0.7000000000000001,135
15,0.05,5.0,0.72,0
15,0.05,5.0,0.74,180
15,0.05,10.0,0.0,0
15,0.05,10.0,0.02,45
15,0.05,10.0,0.04,45
15,0.05,10.0,0.06,0
15,0.05,10.0,0.08,0
15,0.05,10.0,0.1,0
15,0.05,10.0,0.12,90
15,0.05,10.0,0.14,45
15,0.05,10.0,0.16,90
15,0.05,10.0,0.18,0
15,0.05,10.0,0.2,0
15,0.05,10.0,0.22,90
15,0.05,10.0,0.24,0
15,0.05,10.0,0.26,0
15,0.05,10.0,0.28,45
15,0.05,10.0,0.3,45
15,0.05,10.0,0.32,135
15,0.05,10.0,0.34,180
15,0.05,10.0,0.36,45
15,0.05,10.0,0.38,180
15,0.05,10.0,0.4,45
15,0.05,10.0,0.42,45
15,0.05,10.0,0.44,0
15,0.05,10.0,0.46,135
15,0.05,10.0,0.48,0
15,0.05,10.0,0.5,0
15,0.05,10.0,0.52,180
15,0.05,10.0,0.54,90
15,0.05,10.0,0.56,45
15,0.05,10.0,0.58,0
15,0.05,10.0,0.6,90
15,0.05,10.0,0.62,45
15,0.05,10.0,0.64,135
15,0.05,10.0,0.66,45
15,0.05,10.0,0.68,135
15,0.05,10.0,0.7000000000000001,0
15,0.05,10.0,0.72,0
15,0.05,10.0,0.74,0
15,0.05,15.0,0.0,180
15,0.05,15.0,0.02,0
15,0.05,15.0,0.04,90
15,0.05,15.0,0.06,135
15,0.05,15.0,0.08,45
15,0.05,15.0,0.1,0
15,0.05,15.0,0.12,180
15,0.05,15.0,0.14,0
15,0.05,15.0,0.16,0
15,0.05,15.0,0.18,45
15,0.05,15.0,0.2,45
15,0.05,15.0,0.22,90
15,0.05,15.0,0.24,180
15,0.05,15.0,0.26,45
15,0.05,15.0,0.28,45
15,0.05,15.0,0.3,0
15,0.05,15.0,0.32,45
15,0.05,15.0,0.34,0
15,0.05,15.0,0.36,45
15,0.05,15.0,0.38,180
15,0.05,15.0,0.4,135
15,0.05,15.0,0.42,135
15,0.05,15.0,0.44,45
15,0.05,15.0,0.46,135
15,0.05,15.0,0.48,135
15,0.05,15.0,0.5,45
15,0.05,15.0,0.52,0
15,0.05,15.0,0.54,135
15,0.05,15.0,0.56,0
15,0.05,15.0,0.58,0
15,0.05,15.0,0.6,0
15,0.05,15.0,0.62,90
15,0.05,15.0,0.64,0
15,0.05,15.0,0.66,0
15,0.05,15.0,0.68,45
15,0.05,15.0,0.7000000000000001,45
15,0.05,15.0,0.72,135
15,0.05,15.0,0.74,45
15,0.05,20.0,0.0,0
15,0.05,20.0,0.02,0
15,0.05,20.0,0.04,45
15,0.05,20.0,0.06,135
15,0.05,20.0,0.08,0
15,0.05,20.0,0.1,180
15,0.05,20.0,0.12,0
15,0.05,20.0,0.14,180
15,0.05,20.0,0.16,135
15,0.05,20.0,0.18,135
15,0.05,20.0,0.2,90
15,0.05,20.0,0.22,0
15,0.05,20.0,0.24,0
15,0.05,20.0,0.26,45
15,0.05,20.0,0.28,135
15,0.05,20.0,0.3,45
15,0.05,20.0,0.32,0
15,0.05,20.0,0.34,0
15,0.05,20.0,0.36,0
15,0.05,20.0,0.38,45
15,0.05,20.0,0.4,90
15,0.05,20.0,0.42,0
15,0.05,20.0,0.44,180
15,0.05,20.0,0.46,135
15,0.05,20.0,0.48,45
15,0.05,20.0,0.5,45
15,0.05,20.0,0.52,0
15,0.05,20.0,0.54,45
15,0.05,20.0,0.56,0
15,0.05,20.0,0.58,180
15,0.05,20.0,0.6,0
15,0.05,20.0,0.62,0
15,0.05,20.0,0.64,90
15,0.05,20.0,0.66,0
15,0.05,20.0,0.68,0
15,0.05,20.0,0.7000000000000001,90
15,0.05,20.0,0.72,45
15,0.05,20.0,0.74,90
15,0.05,25.0,0.0,0
15,0.05,25.0,0.02,0
15,0.05,25.0,0.04,0
15,0.05,25.0,0.06,0
15,0.05,25.0,0.08,90
15,0.05,25.0,0.1,45
15,0.05,25.0,0.12,0
15,0.05,25.0,0.14,180
15,0.05,25.0,0.16,90
15,0.05,25.0,0.18,180
15,0.05,25.0,0.2,135
15,0.05,25.0,0.22,0
15,0.05,25.0,0.24,0
15,0.05,25.0,0.26,90
15,0.05,25.0,0.28,0
15,0.05,25.0,0.3,45
15,0.05,25.0,0.32,0
15,0.05,25.0,0.34,45
15,0.05,25.0,0.36,90
15,0.05,25.0,0.38,0
15,0.05,25.0,0.4,0
15,0.05,25.0,0.42,0
15,0.05,25.0,0.44,0
15,0.05,25.0,0.46,45
15,0.05,25.0,0.48,135
15,0.05,25.0,0.5,90
15,0.05,25.0,0.52,135
15,0.05,25.0,0.54,45
15,0.05,25.0,0.56,135
15,0.05,25.0,0.58,135
15,0.05,25.0,0.6,90
15,0.05,25.0,0.62,90
15,0.05,25.0,0.64,180
15,0.05,25.0,0.66,0
15,0.05,25.0,0.68,45
15,0.05,25.0,0.7000000000000001,180
15,0.05,25.0,0.72,180
15,0.05,25.0,0.74,135
15,0.05,30.0,0.0,0
15,0.05,30.0,0.02,45
15,0.05,30.0,0.04,135
15,0.05,30.0,0.06,90
15,0.05,30.0,0.08,180
15,0.05,30.0,0.1,180
15,0.05,30.0,0.12,0
15,0.05,30.0,0.14,45
15,0.05,30.0,0.16,45
15,0.05,30.0,0.18,0
15,0.05,30.0,0.2,135
15,0.05,30.0,0.22,135
15,0.05,30.0,0.24,0
15,0.05,30.0,0.26,45
15,0.05,30.0,0.28,135
15,0.05,30.0,0.3,135
15,0.05,30.0,0.32,0
15,0.05,30.0,0.34,90
15,0.05,30.0,0.36,180
15,0.05,30.0,0.38,180
15,0.05,30.0,0.4,45
15,0.05,30.0,0.42,45
15,0.05,30.0,0.44,135
15,0.05,30.0,0.46,135
15,0.05,30.0,0.48,135
15,0.05,30.0,0.5,0
15,0.05,30.0,0.52,45
15,0.05,30.0,0.54,135
15,0.05,30.0,0.56,45
15,0.05,30.0,0.58,0
15,0.05,30.0,0.6,45
15,0.05,30.0,0.62,180
15,0.05,30.0,0.64,180
15,0.05,30.0,0.66,180
15,0.05,30.0,0.68,45
15,0.05,30.0,0.7000000000000001,45
15,0.05,30.0,0.72,45
15,0.05,30.0,0.74,0
15,0.05,40.0,0.0,0
15,0.05,40.0,0.02,0
15,0.05,40.0,0.04,0
15,0.05,40.0,0.06,135
15,0.05,40.0,0.08,90
15,0.05,40.0,0.1,90
15,0.05,40.0,0.12,0
15,0.05,40.0,0.14,0
15,0.05,40.0,0.16,180
15,0.05,40.0,0.18,135
15,0.05,40.0,0.2,0
15,0.05,40.0,0.22,0
15,0.05,40.0,0.24,180
15,0.05,40.0,0.26,45
15,0.05,40.0,0.28,45
15,0.05,40.0,0.3,45
15,0.05,40.0,0.32,0
15,0.05,40.0,0.34,0
15,0.05,40.0,0.36,0
15,0.05,40.0,0.38,0
15,0.05,40.0,0.4,135
15,0.05,40.0,0.42,135
15,0.05,40.0,0.44,0
15,0.05,40.0,0.46,135
15,0.05,40.0,0.48,45
15,0.05,40.0,0.5,135
15,0.05,40.0,0.52,45
15,0.05,40.0,0.54,135
15,0.05,40.0,0.56,90
15,0.05,40.0,0.58,90
15,0.05,40.0,0.6,0
15,0.05,40.0,0.62,45
15,0.05,40.0,0.64,45
15,0.05,40.0,0.66,45
15,0.05,40.0,0.68,45
15,0.05,40.0,0.7000000000000001,45
15,0.05,40.0,0.72,45
15,0.05,40.0,0.74,90
15,0.05,50.0,0.0,0
15,0.05,50.0,0.02,45
15,0.05,50.0,0.04,90
15,0.05,50.0,0.06,45
15,0.05,50.0,0.08,180
15,0.05,50.0,0.1,0
15,0.05,50.0,0.12,0
15,0.05,50.0,0.14,135
15,0.05,50.0,0.16,135
15,0.05,50.0,0.18,180
15,0.05,50.0,0.2,0
15,0.05,50.0,0.22,45
15,0.05,50.0,0.24,0
15,0.05,50.0,0.26,45
15,0.05,50.0,0.28,135
15,0.05,50.0,0.3,90
15,0.05,50.0,0.32,90
15,0.05,50.0,0.34,0
15,0.05,50.0,0.36,45
15,0.05,50.0,0.38,45
15,0.05,50.0,0.4,45
15,0.05,50.0,0.42,0
15,0.05,50.0,0.44,0
15,0.05,50.0,0.46,90
15,0.05,50.0,0.48,135
15,0.05,50.0,0.5,135
15,0.05,50.0,0.52,90
15,0.05,50.0,0.54,45
15,0.05,50.0,0.56,0
15,0.05,50.0,0.58,45
15,0.05,50.0,0.6,90
15,0.05,50.0,0.62,0
15,0.05,50.0,0.64,90
15,0.05,50.0,0.66,0
15,0.05,50.0,0.68,135
15,0.05,50.0,0.7000000000000001,90
15,0.05,50.0,0.72,180
15,0.05,50.0,0.74,0
15,0.05,100.0,0.0,0
15,0.05,100.0,0.02,90
15,0.05,100.0,0.04,45
15,0.05,100.0,0.06,135
15,0.05,100.0,0.08,135
15,0.05,100.0,0.1,135
15,0.05,100.0,0.12,90
15,0.05,100.0,0.14,135
15,0.05,100.0,0.16,135
15,0.05,100.0,0.18,180
15,0.05,100.0,0.2,180
15,0.05,100.0,0.22,45
15,0.05,100.0,0.24,90
15,0.05,100.0,0.26,135
15,0.05,100.0,0.28,180
15,0.05,100.0,0.3,90
15,0.05,100.0,0.32,90
15,0.05,100.0,0.34,135
15,0.05,100.0,0.36,180
15,0.05,100.0,0.38,45
15,0.05,100.0,0.4,135
15,0.05,100.0,0.42,135
15,0.05,100.0,0.44,135
15,0.05,100.0,0.46,135
15,0.05,100.0,0.48,90
15,0.05,100.0,0.5,90
15,0.05,100.0,0.52,90
15,0.05,100.0,0.54,0
15,0.05,100.0,0.56,45
15,0.05,100.0,0.58,180
15,0.05,100.0,0.6,0
15,0.05,100.0,0.62,0
15,0.05,100.0,0.64,135
15,0.05,100.0,0.66,0
15,0.05,100.0,0.68,0
15,0.05,100.0,0.7000000000000001,0
15,0.05,100.0,0.72,90
15,0.05,100.0,0.74,0
16,0.05,0.0,0.0,45
16,0.05,0.0,0.02,180
16,0.05,0.0,0.04,0
16,0.05,0.0,0.06,135
16,0.05,0.0,0.08,90
16,0.05,0.0,0.1,180
16,0.05,0.0,0.12,0
16,0.05,0.0,0.14,0
16,0.05,0.0,0.16,45
16,0.05,0.0,0.18,0
16,0.05,0.0,0.2,135
16,0.05,0.0,0.22,135
16,0.05,0.0,0.24,0
16,0.05,0.0,0.26,90
16,0.05,0.0,0.28,45
16,0.05,0.0,0.3,0
16,0.05,0.0,0.32,135
16,0.05,0.0,0.34,180
16,0.05,0.0,0.36,0
16,0.05,0.0,0.38,0
16,0.05,0.0,0.4,45
16,0.05,0.0,0.42,0
16,0.05,0.0,0.44,180
16,0.05,0.0,0.46,0
16,0.05,0.0,0.48,0
16,0.05,0.0,0.5,45
16,0.05,0.0,0.52,180
16,0.05,0.0,0.54,135
16,0.05,0.0,0.56,0
16,0.05,0.0,0.58,0
16,0.05,0.0,0.6,0
16,0.05,0.0,0.62,135
16,0.05,0.0,0.64,90
16,0.05,0.0,0.66,45
16,0.05,0.0,0.68,0
16,0.05,0.0,0.7000000000000001,0
16,0.05,0.0,0.72,0
16,0.05,0.0,0.74,45
16,0.05,5.0,0.0,45
16,0.05,5.0,0.02,45
16,0.05,5.0,0.04,45
16,0.05,5.0,0.06,0
16,0.05,5.0,0.08,0
16,0.05,5.0,0.1,45
16,0.05,5.0,0.12,90
16,0.05,5.0,0.14,135
16,0.05,5.0,0.16,0
16,0.05,5.0,0.18,45
16,0.05,5.0,0.2,45
16,0.05,5.0,0.22,0
16,0.05,5.0,0.24,135
16,0.05,5.0,0.26,135
16,0.05,5.0,0.28,45
16,0.05,5.0,0.3,0
16,0.05,5.0,0.32,0
16,0.05,5.0,0.34,0
16,0.05,5.0,0.36,90
16,0.05,5.0,0.38,45
16,0.05,5.0,0.4,0
16,0.05,5.0,0.42,90
16,0.05,5.0,0.44,135
16,0.05,5.0,0.46,0
16,0.05,5.0,0.48,45
16,0.05,5.0,0.5,0
16,0.05,5.0,0.52,0
16,0.05,5.0,0.54,0
16,0.05,5.0,0.56,45
16,0.05,5.0,0.58,45
16,0.05,5.0,0.6,0
16,0.05,5.0,0.62,0
16,0.05,5.0,0.64,45
16,0.05,5.0,0.66,45
16,0.05,5.0,0.68,0
16,0.05,5.0,0.7000000000000001,135
16,0.05,5.0,0.72,135
16,0.05,5.0,0.74,0
16,0.05,10.0,0.0,0
16,0.05,10.0,0.02,0
16,0.05,10.0,0.04,0
16,0.05,10.0,0.06,0
16,0.05,10.0,0.08,0
16,0.05,10.0,0.1,90
16,0.05,10.0,0.12,45
16,0.05,10.0,0.14,135
16,0.05,10.0,0.16,45
16,0.05,10.0,0.18,0
16,0.05,10.0,0.2,0
16,0.05,10.0,0.22,45
16,0.05,10.0,0.24,45
16,0.05,10.0,0.26,90
16,0.05,10.0,0.28,45
16,0.05,10.0,0.3,180
16,0.05,10.0,0.32,0
16,0.05,10.0,0.34,90
16,0.05,10.0,0.36,180
16,0.05,10.0,0.38,0
16,0.05,10.0,0.4,135
16,0.05,10.0,0.42,0
16,0.05,10.0,0.44,135
16,0.05,10.0,0.46,180
16,0.05,10.0,0.48,90
16,0.05,10.0,0.5,90
16,0.05,10.0,0.52,0
16,0.05,10.0,0.54,0
16,0.05,10.0,0.56,0
16,0.05,10.0,0.58,0
16,0.05,10.0,0.6,135
16,0.05,10.0,0.62,90
16,0.05,10.0,0.64,45
16,0.05,10.0,0.66,135
16,0.05,10.0,0.68,180
16,0.05,10.0,0.7000000000000001,180
16,0.05,10.0,0.72,45
16,0.05,10.0,0.74,135
16,0.05,15.0,0.0,0
16,0.05,15.0,0.02,0
16,0.05,15.0,0.04,90
16,0.05,15.0,0.06,0
16,0.05,15.0,0.08,0
16,0.05,15.0,0.1,90
16,0.05,15.0,0.12,180
16,0.05,15.0,0.14,135
16,0.05,15.0,0.16,90
16,0.05,15.0,0.18,0
16,0.05,15.0,0.2,135
16,0.05,15.0,0.22,180
16,0.05,15.0,0.24,135
16,0.05,15.0,0.26,180
16,0.05,15.0,0.28,45
16,0.05,15.0,0.3,135
16,0.05,15.0,0.32,180
16,0.05,15.0,0.34,90
16,0.05,15.0,0.36,90
16,0.05,15.0,0.38,180
16,0.05,15.0,0.4,45
16,0.05,15.0,0.42,135
16,0.05,15.0,0.44,180
16,0.05,15.0,0.46,90
16,0.05,15.0,0.48,0
16,0.05,15.0,0.5,0
16,0.05,15.0,0.52,0
16,0.05,15.0,0.54,180
16,0.05,15.0,0.56,180
16,0.05,15.0,0.58,0
16,0.05,15.0,0.6,0
16,0.05,15.0,0.62,0
16,0.05,15.0,0.64,0
16,0.05,15.0,0.66,135
16,0.05,15.0,0.68,90
16,0.05,15.0,0.7000000000000001,90
16,0.05,15.0,0.72,180
16,0.05,15.0,0.74,0
16,0.05,20.0,0.0,90
16,0.05,20.0,0.02,90
16,0.05,20.0,0.04,45
16,0.05,20.0,0.06,45
16,0.05,20.0,0.08,45
16,0.05,20.0,0.1,135
16,0.05,20.0,0.12,0
16,0.05,20.0,0.14,0
16,0.05,20.0,0.16,180
16,0.05,20.0,0.18,180
16,0.05,20.0,0.2,0
16,0.05,20.0,0.22,180
16,0.05,20.0,0.24,90
16,0.05,20.0,0.26,135
16,0.05,20.0,0.28,0
16,0.05,20.0,0.3,180
16,0.05,20.0,0.32,45
16,0.05,20.0,0.34,0
16,0.05,20.0,0.36,0
16,0.05,20.0,0.38,45
16,0.05,20.0,0.4,90
16,0.05,20.0,0.42,135
16,0.05,20.0,0.44,0
16,0.05,20.0,0.46,90
16,0.05,20.0,0.48,90
16,0.05,20.0,0.5,45
16,0.05,20.0,0.52,45
16,0.05,20.0,0.54,180
16,0.05,20.0,0.56,135
16,0.05,20.0,0.58,0
16,0.05,20.0,0.6,135
16,0.05,20.0,0.62,180
16,0.05,20.0,0.64,45
16,0.05,20.0,0.66,135
16,0.05,20.0,0.68,0
16,0.05,20.0,0.7000000000000001,45
16,0.05,20.0,0.72,45
16,0.05,20.0,0.74,0
16,0.05,25.0,0.0,0
16,0.05,25.0,0.02,0
16,0.05,25.0,0.04,45
16,0.05,25.0,0.06,45
16,0.05,25.0,0.08,180
16,0.05,25.0,0.1,0
16,0.05,25.0,0.12,0
16,0.05,25.0,0.14,135
16,0.05,25.0,0.16,0
16,0.05,25.0,0.18,45
16,0.05,25.0,0.2,90
16,0.05,25.0,0.22,90
16,0.05,25.0,0.24,0
16,0.05,25.0,0.26,45
16,0.05,25.0,0.28,135
16,0.05,25.0,0.3,0
16,0.05,25.0,0.32,90
16,0.05,25.0,0.34,45
16,0.05,25.0,0.36,45
16,0.05,25.0,0.38,45
16,0.05,25.0,0.4,0
16,0.05,25.0,0.42,0
16,0.05,25.0,0.44,0
16,0.05,25.0,0.46,45
16,0.05,25.0,0.48,45
16,0.05,25.0,0.5,90
16,0.05,25.0,0.52,135
16,0.05,25.0,0.54,90
16,0.05,25.0,0.56,0
16,0.05,25.0,0.58,135
16,0.05,25.0,0.6,0
16,0.05,25.0,0.62,0
16,0.05,25.0,0.64,0
16,0.05,25.0,0.66,0
16,0.05,25.0,0.68,0
16,0.05,25.0,0.7000000000000001,90
16,0.05,25.0,0.72,0
16,0.05,25.0,0.74,135
16,0.05,30.0,0.0,0
16,0.05,30.0,0.02,135
16,0.05,30.0,0.04,135
16,0.05,30.0,0.06,45
16,0.05,30.0,0.08,0
16,0.05,30.0,0.1,90
16,0.05,30.0,0.12,0
16,0.05,30.0,0.14,180
16,0.05,30.0,0.16,135
16,0.05,30.0,0.18,135
16,0.05,30.0,0.2,0
16,0.05,30.0,0.22,0
16,0.05,30.0,0.24,0
16,0.05,30.0,0.26,0
16,0.05,30.0,0.28,90
16,0.05,30.0,0.3,45
16,0.05,30.0,0.32,135
16,0.05,30.0,0.34,135
16,0.05,30.0,0.36,135
16,0.05,30.0,0.38,135
16,0.05,30.0,0.4,90
16,0.05,30.0,0.42,180
16,0.05,30.0,0.44,135
16,0.05,30.0,0.46,90
16,0.05,30.0,0.48,0
16,0.05,30.0,0.5,45
16,0.05,30.0,0.52,45
16,0.05,30.0,0.54,45
16,0.05,30.0,0.56,0
16,0.05,30.0,0.58,135
16,0.05,30.0,0.6,90
16,0.05,30.0,0.62,0
16,0.05,30.0,0.64,180
16,0.05,30.0,0.66,135
16,0.05,30.0,0.68,180
16,0.05,30.0,0.7000000000000001,45
16,0.05,30.0,0.72,135
16,0.05,30.0,0.74,135
16,0.05,40.0,0.0,90
16,0.05,40.0,0.02,45
16,0.05,40.0,0.04,45
16,0.05,40.0,0.06,45
16,0.05,40.0,0.08,90
16,0.05,40.0,0.1,90
16,0.05,40.0,0.12,90
16,0.05,40.0,0.14,0
16,0.05,40.0,0.16,90
16,0.05,40.0,0.18,90
16,0.05,40.0,0.2,180
16,0.05,40.0,0.22,90
16,0.05,40.0,0.24,135
16,0.05,40.0,0.26,45
16,0.05,40.0,0.28,45
16,0.05,40.0,0.3,0
16,0.05,40.0,0.32,135
16,0.05,40.0,0.34,45
16,0.05,40.0,0.36,0
16,0.05,40.0,0.38,0
16,0.05,40.0,0.4,0
16,0.05,40.0,0.42,45
16,0.05,40.0,0.44,90
16,0.05,40.0,0.46,180
16,0.05,40.0,0.48,135
16,0.05,40.0,0.5,135
16,0.05,40.0,0.52,180
16,0.05,40.0,0.54,90
16,0.05,40.0,0.56,135
16,0.05,40.0,0.58,0
16,0.05,40.0,0.6,0
16,0.05,40.0,0.62,135
16,0.05,40.0,0.64,135
16,0.05,40.0,0.66,0
16,0.05,40.0,0.68,45
16,0.05,40.0,0.7000000000000001,0
16,0.05,40.0,0.72,90
16,0.05,40.0,0.74,0
16,0.05,50.0,0.0,0
16,0.05,50.0,0.02,45
16,0.05,50.0,0.04,0
16,0.05,50.0,0.06,135
16,0.05,50.0,0.08,0
16,0.05,50.0,0.1,180
16,0.05,50.0,0.12,45
16,0.05,50.0,0.14,45
16,0.05,50.0,0.16,135
16,0.05,50.0,0.18,0
16,0.05,50.0,0.2,135
16,0.05,50.0,0.22,0
16,0.05,50.0,0.24,0
16,0.05,50.0,0.26,0
16,0.05,50.0,0.28,0
16,0.05,50.0,0.3,45
16,0.05,50.0,0.32,135
16,0.05,50.0,0.34,0
16,0.05,50.0,0.36,90
16,0.05,50.0,0.38,90
16,0.05,50.0,0.4,45
16,0.05,50.0,0.42,0
16,0.05,50.0,0.44,45
16,0.05,50.0,0.46,0
16,0.05,50.0,0.48,90
16,0.05,50.0,0.5,45
16,0.05,50.0,0.52,45
16,0.05,50.0,0.54,90
16,0.05,50.0,0.56,45
16,0.05,50.0,0.58,180
16,0.05,50.0,0.6,90
16,0.05,50.0,0.62,0
16,0.05,50.0,0.64,90
16,0.05,50.0,0.66,180
16,0.05,50.0,0.68,45
16,0.05,50.0,0.7000000000000001,90
16,0.05,50.0,0.72,90
16,0.05,50.0,0.74,135
16,0.05,100.0,0.0,135
16,0.05,100.0,0.02,45
16,0.05,100.0,0.04,45
16,0.05,100.0,0.06,90
16,0.05,100.0,0.08,90
16,0.05,100.0,0.1,45
16,0.05,100.0,0.12,45
16,0.05,100.0,0.14,0
16,0.05,100.0,0.16,45
16,0.05,100.0,0.18,90
16,0.05,100.0,0.2,45
16,0.05,100.0,0.22,135
16,0.05,100.0,0.24,0
16,0.05,100.0,0.26,45
16,0.05,100.0,0.28,0
16,0.05,100.0,0.3,45
16,0.05,100.0,0.32,45
16,0.05,100.0,0.34,0
16,0.05,100.0,0.36,45
16,0.05,100.0,0.38,180
16,0.05,100.0,0.4,135
16,0.05,100.0,0.42,90
16,0.05,100.0,0.44,90
16,0.05,100.0,0.46,45
16,0.05,100.0,0.48,45
16,0.05,100.0,0.5,45
16,0.05,100.0,0.52,45
16,0.05,100.0,0.54,135
16,0.05,100.0,0.56,0
16,0.05,100.0,0.58,45
16,0.05,100.0,0.6,45
16,0.05,100.0,0.62,0
16,0.05,100.0,0.64,135
16,0.05,100.0,0.66,135
16,0.05,100.0,0.68,0
16,0.05,100.0,0.7000000000000001,0
16,0.05,100.0,0.72,90
16,0.05,100.0,0.74,90
17,0.05,0.0,0.0,45
17,0.05,0.0,0.02,90
17,0.05,0.0,0.04,0
17,0.05,0.0,0.06,135
17,0.05,0.0,0.08,0
17,0.05,0.0,0.1,90
17,0.05,0.0,0.12,135
17,0.05,0.0,0.14,135
17,0.05,0.0,0.16,135
17,0.05,0.0,0.18,0
17,0.05,0.0,0.2,0
17,0.05,0.0,0.22,180
17,0.05,0.0,0.24,135
17,0.05,0.0,0.26,90
17,0.05,0.0,0.28,0
17,0.05,0.0,0.3,45
17,0.05,0.0,0.32,0
17,0.05,0.0,0.34,90
17,0.05,0.0,0.36,0
17,0.05,0.0,0.38,90
17,0.05,0.0,0.4,90
17,0.05,0.0,0.42,135
17,0.05,0.0,0.44,180
17,0.05,0.0,0.46,0
17,0.05,0.0,0.48,0
17,0.05,0.0,0.5,0
17,0.05,0.0,0.52,45
17,0.05,0.0,0.54,180
17,0.05,0.0,0.56,180
17,0.05,0.0,0.58,0
17,0.05,0.0,0.6,0
17,0.05,0.0,0.62,0
17,0.05,0.0,0.64,0
17,0.05,0.0,0.66,45
17,0.05,0.0,0.68,0
17,0.05,0.0,0.7000000000000001,180
17,0.05,0.0,0.72,45
17,0.05,0.0,0.74,135
17,0.05,5.0,0.0,45
17,0.05,5.0,0.02,45
17,0.05,5.0,0.04,135
17,0.05,5.0,0.06,45
17,0.05,5.0,0.08,90
17,0.05,5.0,0.1,0
17,0.05,5.0,0.12,0
17,0.05,5.0,0.14,45
17,0.05,5.0,0.16,0
17,0.05,5.0,0.18,0
17,0.05,5.0,0.2,45
17,0.05,5.0,0.22,0
17,0.05,5.0,0.24,0
17,0.05,5.0,0.26,90
17,0.05,5.0,0.28,45
17,0.05,5.0,0.3,45
17,0.05,5.0,0.32,0
17,0.05,5.0,0.34,90
17,0.05,5.0,0.36,0
17,0.05,5.0,0.38,0
17,0.05,5.0,0.4,0
17,0.05,5.0,0.42,45
17,0.05,5.0,0.44,0
17,0.05,5.0,0.46,45
17,0.05,5.0,0.48,180
17,0.05,5.0,0.5,45
17,0.05,5.0,0.52,0
17,0.05,5.0,0.54,0
17,0.05,5.0,0.56,0
17,0.05,5.0,0.58,180
17,0.05,5.0,0.6,0
17,0.05,5.0,0.62,180
17,0.05,5.0,0.64,45
17,0.05,5.0,0.66,135
17,0.05,5.0,0.68,0
17,0.05,5.0,0.7000000000000001,0
17,0.05,5.0,0.72,45
17,0.05,5.0,0.74,180
17,0.05,10.0,0.0,45
17,0.05,10.0,0.02,45
17,0.05,10.0,0.04,45
17,0.05,10.0,0.06,45
17,0.05,10.0,0.08,0
17,0.05,10.0,0.1,0
17,0.05,10.0,0.12,90
17,0.05,10.0,0.14,0
17,0.05,10.0,0.16,0
17,0.05,10.0,0.18,45
17,0.05,10.0,0.2,45
17,0.05,10.0,0.22,135
17,0.05,10.0,0.24,45
17,0.05,10.0,0.26,135
17,0.05,10.0,0.28,180
17,0.05,10.0,0.3,180
17,0.05,10.0,0.32,180
17,0.05,10.0,0.34,180
17,0.05,10.0,0.36,90
17,0.05,10.0,0.38,90
17,0.05,10.0,0.4,45
17,0.05,10.0,0.42,0
17,0.05,10.0,0.44,45
17,0.05,10.0,0.46,135
17,0.05,10.0,0.48,45
17,0.05,10.0,0.5,135
17,0.05,10.0,0.52,45
17,0.05,10.0,0.54,135
17,0.05,10.0,0.56,135
17,0.05,10.0,0.58,135
17,0.05,10.0,0.6,180
17,0.05,10.0,0.62,135
17,0.05,10.0,0.64,45
17,0.05,10.0,0.66,90
17,0.05,10.0,0.68,0
17,0.05,10.0,0.7000000000000001,45
17,0.05,10.0,0.72,180
17,0.05,10.0,0.74,180
17,0.05,15.0,0.0,0
17,0.05,15.0,0.02,45
17,0.05,15.0,0.04,45
17,0.05,15.0,0.06,90
17,0.05,15.0,0.08,45
17,0.05,15.0,0.1,45
17,0.05,15.0,0.12,0
17,0.05,15.0,0.14,0
17,0.05,15.0,0.16,90
17,0.05,15.0,0.18,90
17,0.05,15.0,0.2,45
17,0.05,15.0,0.22,180
17,0.05,15.0,0.24,90
17,0.05,15.0,0.26,45
17,0.05,15.0,0.28,135
17,0.05,15.0,0.3,90
17,0.05,15.0,0.32,135
17,0.05,15.0,0.34,45
17,0.05,15.0,0.36,135
17,0.05,15.0,0.38,180
17,0.05,15.0,0.4,45
17,0.05,15.0,0.42,45
17,0.05,15.0,0.44,90
17,0.05,15.0,0.46,180
17,0.05,15.0,0.48,180
17,0.05,15.0,0.5,0
17,0.05,15.0,0.52,0
17,0.05,15.0,0.54,45
17,0.05,15.0,0.56,45
17,0.05,15.0,0.58,90
17,0.05,15.0,0.6,0
17,0.05,15.0,0.62,135
17,0.05,15.0,0.64,45
17,0.05,15.0,0.66,0
17,0.05,15.0,0.68,0
17,0.05,15.0,0.7000000000000001,90
17,0.05,15.0,0.72,135
17,0.05,15.0,0.74,0
17,0.05,20.0,0.0,180
17,0.05,20.0,0.02,45
17,0.05,20.0,0.04,180
17,0.05,20.0,0.06,45
17,0.05,20.0,0.08,0
17,0.05,20.0,0.1,45
17,0.05,20.0,0.12,0
17,0.05,20.0,0.14,0
17,0.05,20.0,0.16,90
17,0.05,20.0,0.18,90
17,0.05,20.0,0.2,90
17,0.05,20.0,0.22,180
17,0.05,20.0,0.24,180
17,0.05,20.0,0.26,0
17,0.05,20.0,0.28,45
17,0.05,20.0,0.3,135
17,0.05,20.0,0.32,0
17,0.05,20.0,0.34,180
17,0.05,20.0,0.36,180
17,0.05,20.0,0.38,135
17,0.05,20.0,0.4,0
17,0.05,20.0,0.42,0
17,0.05,20.0,0.44,45
17,0.05,20.0,0.46,45
17,0.05,20.0,0.48,135
17,0.05,20.0,0.5,135
17,0.05,20.0,0.52,90
17,0.05,20.0,0.54,180
17,0.05,20.0,0.56,90
17,0.05,20.0,0.58,135
17,0.05,20.0,0.6,90
17,0.05,20.0,0.62,45
17,0.05,20.0,0.64,45
17,0.05,20.0,0.66,45
17,0.05,20.0,0.68,180
17,0.05,20.0,0.7000000000000001,0
17,0.05,20.0,0.72,45
17,0.05,20.0,0.74,90
17,0.05,25.0,0.0,45
17,0.05,25.0,0.02,135
17,0.05,25.0,0.04,135
17,0.05,25.0,0.06,0
17,0.05,25.0,0.08,135
17,0.05,25.0,0.1,90
17,0.05,25.0,0.12,180
17,0.05,25.0,0.14,180
17,0.05,25.0,0.16,45
17,0.05,25.0,0.18,90
17,0.05,25.0,0.2,45
17,0.05,25.0,0.22,45
17,0.05,25.0,0.24,135
17,0.05,25.0,0.26,90
17,0.05,25.0,0.28,90
17,0.05,25.0,0.3,90
17,0.05,25.0,0.32,45
17,0.05,25.0,0.34,45
17,0.05,25.0,0.36,0
17,0.05,25.0,0.38,180
17,0.05,25.0,0.4,45
17,0.05,25.0,0.42,90
17,0.05,25.0,0.44,45
17,0.05,25.0,0.46,135
17,0.05,25.0,0.48,135
17,0.05,25.0,0.5,90
17,0.05,25.0,0.52,0
17,0.05,25.0,0.54,0
17,0.05,25.0,0.56,45
17,0.05,25.0,0.58,0
17,0.05,25.0,0.6,0
17,0.05,25.0,0.62,135
17,0.05,25.0,0.64,45
17,0.05,25.0,0.66,0
17,0.05,25.0,0.68,0
17,0.05,25.0,0.7000000000000001,135
17,0.05,25.0,0.72,45
17,0.05,25.0,0.74,180
17,0.05,30.0,0.0,0
17,0.05,30.0,0.02,45
17,0.05,30.0,0.04,0
17,0.05,30.0,0.06,0
17,0.05,30.0,0.08,180
17,0.05,30.0,0.1,0
17,0.05,30.0,0.12,90
17,0.05,30.0,0.14,135
17,0.05,30.0,0.16,135
17,0.05,30.0,0.18,0
17,0.05,30.0,0.2,0
17,0.05,30.0,0.22,135
17,0.05,30.0,0.24,45
17,0.05,30.0,0.26,45
17,0.05,30.0,0.28,45
17,0.05,30.0,0.3,180
17,0.05,30.0,0.32,90
17,0.05,30.0,0.34,45
17,0.05,30.0,0.36,180
17,0.05,30.0,0.38,180
17,0.05,30.0,0.4,90
17,0.05,30.0,0.42,180
17,0.05,30.0,0.44,0
17,0.05,30.0,0.46,0
17,0.05,30.0,0.48,0
17,0.05,30.0,0.5,0
17,0.05,30.0,0.52,0
17,0.05,30.0,0.54,90
17,0.05,30.0,0.56,135
17,0.05,30.0,0.58,45
17,0.05,30.0,0.6,180
17,0.05,30.0,0.62,180
17,0.05,30.0,0.64,0
17,0.05,30.0,0.66,135
17,0.05,30.0,0.68,45
17,0.05,30.0,0.7000000000000001,180
17,0.05,30.0,0.72,45
17,0.05,30.0,0.74,90
17,0.05,40.0,0.0,0
17,0.05,40.0,0.02,180
17,0.05,40.0,0.04,135
17,0.05,40.0,0.06,0
17,0.05,40.0,0.08,0
17,0.05,40.0,0.1,135
17,0.05,40.0,0.12,45
17,0.05,40.0,0.14,0
17,0.05,40.0,0.16,0
17,0.05,40.0,0.18,45
17,0.05,40.0,0.2,90
17,0.05,40.0,0.22,90
17,0.05,40.0,0.24,45
17,0.05,40.0,0.26,0
17,0.05,40.0,0.28,45
17,0.05,40.0,0.3,45
17,0.05,40.0,0.32,135
17,0.05,40.0,0.34,45
17,0.05,40.0,0.36,45
17,0.05,40.0,0.38,90
17,0.05,40.0,0.4,0
17,0.05,40.0,0.42,90
17,0.05,40.0,0.44,45
17,0.05,40.0,0.46,45
17,0.05,40.0,0.48,90
17,0.05,40.0,0.5,0
17,0.05,40.0,0.52,45
17,0.05,40.0,0.54,135
17,0.05,40.0,0.56,45
17,0.05,40.0,0.58,0
17,0.05,40.0,0.6,135
17,0.05,40.0,0.62,180
17,0.05,40.0,0.64,0
17,0.05,40.0,0.66,180
17,0.05,40.0,0.68,45
17,0.05,40.0,0.7000000000000001,90
17,0.05,40.0,0.72,0
17,0.05,40.0,0.74,45
17,0.05,50.0,0.0,45
17,0.05,50.0,0.02,135
17,0.05,50.0,0.04,45
17,0.05,50.0,0.06,135
17,0.05,50.0,0.08,180
17,0.05,50.0,0.1,135
17,0.05,50.0,0.12,135
17,0.05,50.0,0.14,135
17,0.05,50.0,0.16,0
17,0.05,50.0,0.18,90
17,0.05,50.0,0.2,45
17,0.05,50.0,0.22,0
17,0.05,50.0,0.24,0
17,0.05,50.0,0.26,135
17,0.05,50.0,0.28,45
17,0.05,50.0,0.3,135
17,0.05,50.0,0.32,0
17,0.05,50.0,0.34,0
17,0.05,50.0,0.36,45
17,0.05,50.0,0.38,135
17,0.05,50.0,0.4,0
17,0.05,50.0,0.42,45
17,0.05,50.0,0.44,0
17,0.05,50.0,0.46,90
17,0.05,50.0,0.48,0
17,0.05,50.0,0.5,90
17,0.05,50.0,0.52,45
17,0.05,50.0,0.54,135
17,0.05,50.0,0.56,0
17,0.05,50.0,0.58,90
17,0.05,50.0,0.6,135
17,0.05,50.0,0.62,0
17,0.05,50.0,0.64,0
17,0.05,50.0,0.66,45
17,0.05,50.0,0.68,135
17,0.05,50.0,0.7000000000000001,90
17,0.05,50.0,0.72,0
17,0.05,50.0,0.74,45
17,0.05,100.0,0.0,0
17,0.05,100.0,0.02,135
17,0.05,100.0,0.04,90
17,0.05,100.0,0.06,180
17,0.05,100.0,0.08,45
17,0.05,100.0,0.1,45
17,0.05,100.0,0.12,135
17,0.05,100.0,0.14,0
17,0.05,100.0,0.16,45
17,0.05,100.0,0.18,0
17,0.05,100.0,0.2,180
17,0.05,100.0,0.22,135
17,0.05,100.0,0.24,45
17,0.05,100.0,0.26,180
17,0.05,100.0,0.28,135
17,0.05,100.0,0.3,135
17,0.05,100.0,0.32,135
17,0.05,100.0,0.34,90
17,0.05,100.0,0.36,90
17,0.05,100.0,0.38,180
17,0.05,100.0,0.4,0
17,0.05,100.0,0.42,180
17,0.05,100.0,0.44,90
17,0.05,100.0,0.46,45
17,0.05,100.0,0.48,0
17,0.05,100.0,0.5,45
17,0.05,100.0,0.52,90
17,0.05,100.0,0.54,135
17,0.05,100.0,0.56,45
17,0.05,100.0,0.58,90
17,0.05,100.0,0.6,45
17,0.05,100.0,0.62,135
17,0.05,100.0,0.64,135
17,0.05,100.0,0.66,45
17,0.05,100.0,0.68,45
17,0.05,100.0,0.7000000000000001,45
17,0.05,100.0,0.72,45
17,0.05,100.0,0.74,0
18,0.05,0.0,0.0,0
18,0.05,0.0,0.02,135
18,0.05,0.0,0.04,45
18,0.05,0.0,0.06,180
18,0.05,0.0,0.08,45
18,0.05,0.0,0.1,45
18,0.05,0.0,0.12,90
18,0.05,0.0,0.14,0
18,0.05,0.0,0.16,0
18,0.05,0.0,0.18,0
18,0.05,0.0,0.2,0
18,0.05,0.0,0.22,0
18,0.05,0.0,0.24,45
18,0.05,0.0,0.26,0
18,0.05,0.0,0.28,0
18,0.05,0.0,0.3,90
18,0.05,0.0,0.32,45
18,0.05,0.0,0.34,0
18,0.05,0.0,0.36,0
18,0.05,0.0,0.38,0
18,0.05,0.0,0.4,0
18,0.05,0.0,0.42,90
18,0.05,0.0,0.44,90
18,0.05,0.0,0.46,135
18,0.05,0.0,0.48,135
18,0.05,0.0,0.5,0
18,0.05,0.0,0.52,45
18,0.05,0.0,0.54,135
18,0.05,0.0,0.56,0
18,0.05,0.0,0.58,135
18,0.05,0.0,0.6,45
18,0.05,0.0,0.62,45
18,0.05,0.0,0.64,0
18,0.05,0.0,0.66,45
18,0.05,0.0,0.68,90
18,0.05,0.0,0.7000000000000001,90
18,0.05,0.0,0.72,0
18,0.05,0.0,0.74,90
18,0.05,5.0,0.0,90
18,0.05,5.0,0.02,45
18,0.05,5.0,0.04,45
18,0.05,5.0,0.06,45
18,0.05,5.0,0.08,0
18,0.05,5.0,0.1,45
18,0.05,5.0,0.12,0
18,0.05,5.0,0.14,0
18,0.05,5.0,0.16,0
18,0.05,5.0,0.18,45
18,0.05,5.0,0.2,45
18,0.05,5.0,0.22,0
18,0.05,5.0,0.24,45
18,0.05,5.0,0.26,0
18,0.05,5.0,0.28,45
18,0.05,5.0,0.3,135
18,0.05,5.0,0.32,45
18,0.05,5.0,0.34,45
18,0.05,5.0,0.36,45
18,0.05,5.0,0.38,0
18,0.05,5.0,0.4,135
18,0.05,5.0,0.42,90
18,0.05,5.0,0.44,0
18,0.05,5.0,0.46,90
18,0.05,5.0,0.48,90
18,0.05,5.0,0.5,135
18,0.05,5.0,0.52,45
18,0.05,5.0,0.54,0
18,0.05,5.0,0.56,0
18,0.05,5.0,0.58,0
18,0.05,5.0,0.6,45
18,0.05,5.0,0.62,90
18,0.05,5.0,0.64,45
18,0.05,5.0,0.66,90
18,0.05,5.0,0.68,45
18,0.05,5.0,0.7000000000000001,135
18,0.05,5.0,0.72,180
18,0.05,5.0,0.74,0
18,0.05,10.0,0.0,0
18,0.05,10.0,0.02,90
18,0.05,10.0,0.04,0
18,0.05,10.0,0.06,0
18,0.05,10.0,0.08,0
18,0.05,10.0,0.1,90
18,0.05,10.0,0.12,135
18,0.05,10.0,0.14,135
18,0.05,10.0,0.16,90
18,0.05,10.0,0.18,0
18,0.05,10.0,0.2,135
18,0.05,10.0,0.22,180
18,0.05,10.0,0.24,45
18,0.05,10.0,0.26,0
18,0.05,10.0,0.28,90
18,0.05,10.0,0.3,0
18,0.05,10.0,0.32,90
18,0.05,10.0,0.34,0
18,0.05,10.0,0.36,0
18,0.05,10.0,0.38,90
18,0.05,10.0,0.4,0
18,0.05,10.0,0.42,0
18,0.05,10.0,0.44,0
18,0.05,10.0,0.46,0
18,0.05,10.0,0.48,45
18,0.05,10.0,0.5,135
18,0.05,10.0,0.52,90
18,0.05,10.0,0.54,90
18,0.05,10.0,0.56,180
18,0.05,10.0,0.58,90
18,0.05,10.0,0.6,0
18,0.05,10.0,0.62,180
18,0.05,10.0,0.64,45
18,0.05,10.0,0.66,45
18,0.05,10.0,0.68,45
18,0.05,10.0,0.7000000000000001,45
18,0.05,10.0,0.72,0
18,0.05,10.0,0.74,0
18,0.05,15.0,0.0,45
18,0.05,15.0,0.02,0
18,0.05,15.0,0.04,0
18,0.05,15.0,0.06,180
18,0.05,15.0,0.08,45
18,0.05,15.0,0.1,45
18,0.05,15.0,0.12,45
18,0.05,15.0,0.14,0
18,0.05,15.0,0.16,45
18,0.05,15.0,0.18,45
18,0.05,15.0,0.2,45
18,0.05,15.0,0.22,45
18,0.05,15.0,0.24,45
18,0.05,15.0,0.26,0
18,0.05,15.0,0.28,90
18,0.05,15.0,0.3,90
18,0.05,15.0,0.32,0
18,0.05,15.0,0.34,0
18,0.05,15.0,0.36,0
18,0.05,15.0,0.38,45
18,0.05,15.0,0.4,180
18,0.05,15.0,0.42,180
18,0.05,15.0,0.44,90
18,0.05,15.0,0.46,45
18,0.05,15.0,0.48,0
18,0.05,15.0,0.5,90
18,0.05,15.0,0.52,90
18,0.05,15.0,0.54,45
18,0.05,15.0,0.56,0
18,0.05,15.0,0.58,45
18,0.05,15.0,0.6,45
18,0.05,15.0,0.62,135
18,0.05,15.0,0.64,180
18,0.05,15.0,0.66,135
18,0.05,15.0,0.68,0
18,0.05,15.0,0.7000000000000001,135
18,0.05,15.0,0.72,180
18,0.05,15.0,0.74,90
18,0.05,20.0,0.0,0
18,0.05,20.0,0.02,180
18,0.05,20.0,0.04,135
18,0.05,20.0,0.06,45
18,0.05,20.0,0.08,180
18,0.05,20.0,0.1,45
18,0.05,20.0,0.12,90
18,0.05,20.0,0.14,45
18,0.05,20.0,0.16,45
18,0.05,20.0,0.18,0
18,0.05,20.0,0.2,0
18,0.05,20.0,0.22,180
18,0.05,20.0,0.24,135
18,0.05,20.0,0.26,45
18,0.05,20.0,0.28,0
18,0.05,20.0,0.3,180
18,0.05,20.0,0.32,90
18,0.05,20.0,0.34,90
18,0.05,20.0,0.36,45
18,0.05,20.0,0.38,180
18,0.05,20.0,0.4,135
18,0.05,20.0,0.42,180
18,0.05,20.0,0.44,90
18,0.05,20.0,0.46,135
18,0.05,20.0,0.48,135
18,0.05,20.0,0.5,45
18,0.05,20.0,0.52,45
18,0.05,20.0,0.54,0
18,0.05,20.0,0.56,0
18,0.05,20.0,0.58,135
18,0.05,20.0,0.6,180
18,0.05,20.0,0.62,0
18,0.05,20.0,0.64,90
18,0.05,20.0,0.66,45
18,0.05,20.0,0.68,0
18,0.05,20.0,0.7000000000000001,45
18,0.05,20.0,0.72,0
18,0.05,20.0,0.74,45
18,0.05,25.0,0.0,45
18,0.05,25.0,0.02,90
18,0.05,25.0,0.04,90
18,0.05,25.0,0.06,45
18,0.05,25.0,0.08,45
18,0.05,25.0,0.1,45
18,0.05,25.0,0.12,45
18,0.05,25.0,0.14,0
18,0.05,25.0,0.16,0
18,0.05,25.0,0.18,135
18,0.05,25.0,0.2,45
18,0.05,25.0,0.22,45
18,0.05,25.0,0.24,90
18,0.05,25.0,0.26,90
18,0.05,25.0,0.28,90
18,0.05,25.0,0.3,90
18,0.05,25.0,0.32,135
18,0.05,25.0,0.34,0
18,0.05,25.0,0.36,90
18,0.05,25.0,0.38,90
18,0.05,25.0,0.4,135
18,0.05,25.0,0.42,90
18,0.05,25.0,0.44,0
18,0.05,25.0,0.46,0
18,0.05,25.0,0.48,90
18,0.05,25.0,0.5,0
18,0.05,25.0,0.52,135
18,0.05,25.0,0.54,180
18,0.05,25.0,0.56,0
18,0.05,25.0,0.58,135
18,0.05,25.0,0.6,45
18,0.05,25.0,0.62,135
18,0.05,25.0,0.64,180
18,0.05,25.0,0.66,180
18,0.05,25.0,0.68,180
18,0.05,25.0,0.7000000000000001,135
18,0.05,25.0,0.72,45
18,0.05,25.0,0.74,0
18,0.05,30.0,0.0,0
18,0.05,30.0,0.02,90
18,0.05,30.0,0.04,180
18,0.05,30.0,0.06,135
18,0.05,30.0,0.08,90
18,0.05,30.0,0.1,45
18,0.05,30.0,0.12,45
18,0.05,30.0,0.14,135
18,0.05,30.0,0.16,90
18,0.05,30.0,0.18,180
18,0.05,30.0,0.2,45
18,0.05,30.0,0.22,180
18,0.05,30.0,0.24,135
18,0.05,30.0,0.26,45
18,0.05,30.0,0.28,180
18,0.05,30.0,0.3,0
18,0.05,30.0,0.32,45
18,0.05,30.0,0.34,0
18,0.05,30.0,0.36,45
18,0.05,30.0,0.38,135
18,0.05,30.0,0.4,90
18,0.05,30.0,0.42,45
18,0.05,30.0,0.44,45
18,0.05,30.0,0.46,180
18,0.05,30.0,0.48,0
18,0.05,30.0,0.5,0
18,0.05,30.0,0.52,90
18,0.05,30.0,0.54,45
18,0.05,30.0,0.56,0
18,0.05,30.0,0.58,0
18,0.05,30.0,0.6,45
18,0.05,30.0,0.62,0
18,0.05,30.0,0.64,0
18,0.05,30.0,0.66,45
18,0.05,30.0,0.68,90
18,0.05,30.0,0.7000000000000001,45
18,0.05,30.0,0.72,45
18,0.05,30.0,0.74,45
18,0.05,40.0,0.0,90
18,0.05,40.0,0.02,135
18,0.05,40.0,0.04,135
18,0.05,40.0,0.06,135
18,0.05,40.0,0.08,135
18,0.05,40.0,0.1,90
18,0.05,40.0,0.12,45
18,0.05,40.0,0.14,45
18,0.05,40.0,0.16,90
18,0.05,40.0,0.18,135
18,0.05,40.0,0.2,180
18,0.05,40.0,0.22,45
18,0.05,40.0,0.24,0
18,0.05,40.0,0.26,45
18,0.05,40.0,0.28,135
18,0.05,40.0,0.3,45
18,0.05,40.0,0.32,135
18,0.05,40.0,0.34,90
18,0.05,40.0,0.36,45
18,0.05,40.0,0.38,0
18,0.05,40.0,0.4,135
18,0.05,40.0,0.42,45
18,0.05,40.0,0.44,180
18,0.05,40.0,0.46,0
18,0.05,40.0,0.48,135
18,0.05,40.0,0.5,135
18,0.05,40.0,0.52,45
18,0.05,40.0,0.54,45
18,0.05,40.0,0.56,45
18,0.05,40.0,0.58,135
18,0.05,40.0,0.6,90
18,0.05,40.0,0.62,45
18,0.05,40.0,0.64,90
18,0.05,40.0,0.66,45
18,0.05,40.0,0.68,135
18,0.05,40.0,0.7000000000000001,0
18,0.05,40.0,0.72,0
18,0.05,40.0,0.74,135
18,0.05,50.0,0.0,0
18,0.05,50.0,0.02,180
18,0.05,50.0,0.04,90
18,0.05,50.0,0.06,45
18,0.05,50.0,0.08,90
18,0.05,50.0,0.1,90
18,0.05,50.0,0.12,0
18,0.05,50.0,0.14,180
18,0.05,50.0,0.16,135
18,0.05,50.0,0.18,135
18,0.05,50.0,0.2,0
18,0.05,50.0,0.22,0
18,0.05,50.0,0.24,45
18,0.05,50.0,0.26,135
18,0.05,50.0,0.28,135
18,0.05,50.0,0.3,180
18,0.05,50.0,0.32,180
18,0.05,50.0,0.34,90
18,0.05,50.0,0.36,0
18,0.05,50.0,0.38,0
18,0.05,50.0,0.4,45
18,0.05,50.0,0.42,45
18,0.05,50.0,0.44,0
18,0.05,50.0,0.46,0
18,0.05,50.0,0.48,45
18,0.05,50.0,0.5,135
18,0.05,50.0,0.52,0
18,0.05,50.0,0.54,0
18,0.05,50.0,0.56,45
18,0.05,50.0,0.58,135
18,0.05,50.0,0.6,0
18,0.05,50.0,0.62,45
18,0.05,50.0,0.64,0
18,0.05,50.0,0.66,180
18,0.05,50.0,0.68,135
18,0.05,50.0,0.7000000000000001,135
18,0.05,50.0,0.72,135
18,0.05,50.0,0.74,45
18,0.05,100.0,0.0,0
18,0.05,100.0,0.02,45
18,0.05,100.0,0.04,90
18,0.05,100.0,0.06,45
18,0.05,100.0,0.08,45
18,0.05,100.0,0.1,45
18,0.05,100.0,0.12,0
18,0.05,100.0,0.14,45
18,0.05,100.0,0.16,0
18,0.05,100.0,0.18,90
18,0.05,100.0,0.2,45
18,0.05,100.0,0.22,135
18,0.05,100.0,0.24,180
18,0.05,100.0,0.26,135
18,0.05,100.0,0.28,135
18,0.05,100.0,0.3,135
18,0.05,100.0,0.32,45
18,0.05,100.0,0.34,0
18,0.05,100.0,0.36,0
18,0.05,100.0,0.38,90
18,0.05,100.0,0.4,180
18,0.05,100.0,0.42,45
18,0.05,100.0,0.44,45
18,0.05,100.0,0.46,45
18,0.05,100.0,0.48,45
18,0.05,100.0,0.5,45
18,0.05,100.0,0.52,45
18,0.05,100.0,0.54,90
18,0.05,100.0,0.56,135
18,0.05,100.0,0.58,45
18,0.05,100.0,0.6,0
18,0.05,100.0,0.62,90
18,0.05,100.0,0.64,90
18,0.05,100.0,0.66,135
18,0.05,100.0,0.68,0
18,0.05,100.0,0.7000000000000001,180
18,0.05,100.0,0.72,0
18,0.05,100.0,0.74,45
19,0.05,0.0,0.0,0
19,0.05,0.0,0.02,45
19,0.05,0.0,0.04,0
19,0.05,0.0,0.06,0
19,0.05,0.0,0.08,0
19,0.05,0.0,0.1,0
19,0.05,0.0,0.12,45
19,0.05,0.0,0.14,135
19,0.05,0.0,0.16,0
19,0.05,0.0,0.18,90
19,0.05,0.0,0.2,45
19,0.05,0.0,0.22,90
19,0.05,0.0,0.24,180
19,0.05,0.0,0.26,45
19,0.05,0.0,0.28,135
19,0.05,0.0,0.3,135
19,0.05,0.0,0.32,90
19,0.05,0.0,0.34,45
19,0.05,0.0,0.36,0
19,0.05,0.0,0.38,45
19,0.05,0.0,0.4,0
19,0.05,0.0,0.42,0
19,0.05,0.0,0.44,90
19,0.05,0.0,0.46,0
19,0.05,0.0,0.48,45
19,0.05,0.0,0.5,0
19,0.05,0.0,0.52,0
19,0.05,0.0,0.54,45
19,0.05,0.0,0.56,90
19,0.05,0.0,0.58,0
19,0.05,0.0,0.6,135
19,0.05,0.0,0.62,0
19,0.05,0.0,0.64,135
19,0.05,0.0,0.66,0
19,0.05,0.0,0.68,0
19,0.05,0.0,0.7000000000000001,90
19,0.05,0.0,0.72,45
19,0.05,0.0,0.74,135
19,0.05,5.0,0.0,135
19,0.05,5.0,0.02,0
19,0.05,5.0,0.04,45
19,0.05,5.0,0.06,180
19,0.05,5.0,0.08,0
19,0.05,5.0,0.1,0
19,0.05,5.0,0.12,45
19,0.05,5.0,0.14,0
19,0.05,5.0,0.16,90
19,0.05,5.0,0.18,135
19,0.05,5.0,0.2,135
19,0.05,5.0,0.22,45
19,0.05,5.0,0.24,0
19,0.05,5.0,0.26,0
19,0.05,5.0,0.28,45
19,0.05,5.0,0.3,0
19,0.05,5.0,0.32,90
19,0.05,5.0,0.34,45
19,0.05,5.0,0.36,0
19,0.05,5.0,0.38,0
19,0.05,5.0,0.4,0
19,0.05,5.0,0.42,0
19,0.05,5.0,0.44,0
19,0.05,5.0,0.46,0
19,0.05,5.0,0.48,0
19,0.05,5.0,0.5,45
19,0.05,5.0,0.52,0
19,0.05,5.0,0.54,0
19,0.05,5.0,0.56,0
19,0.05,5.0,0.58,0
19,0.05,5.0,0.6,90
19,0.05,5.0,0.62,0
19,0.05,5.0,0.64,45
19,0.05,5.0,0.66,0
19,0.05,5.0,0.68,0
19,0.05,5.0,0.7000000000000001,135
19,0.05,5.0,0.72,45
19,0.05,5.0,0.74,135
19,0.05,10.0,0.0,135
19,0.05,10.0,0.02,135
19,0.05,10.0,0.04,45
19,0.05,10.0,0.06,0
19,0.05,10.0,0.08,0
19,0.05,10.0,0.1,90
19,0.05,10.0,0.12,45
19,0.05,10.0,0.14,45
19,0.05,10.0,0.16,45
19,0.05,10.0,0.18,45
19,0.05,10.0,0.2,0
19,0.05,10.0,0.22,135
19,0.05,10.0,0.24,90
19,0.05,10.0,0.26,90
19,0.05,10.0,0.28,0
19,0.05,10.0,0.3,0
19,0.05,10.0,0.32,90
19,0.05,10.0,0.34,0
19,0.05,10.0,0.36,0
19,0.05,10.0,0.38,0
19,0.05,10.0,0.4,0
19,0.05,10.0,0.42,90
19,0.05,10.0,0.44,90
19,0.05,10.0,0.46,45
19,0.05,10.0,0.48,45
19,0.05,10.0,0.5,0
19,0.05,10.0,0.52,0
19,0.05,10.0,0.54,135
19,0.05,10.0,0.56,180
19,0.05,10.0,0.58,45
19,0.05,10.0,0.6,0
19,0.05,10.0,0.62,45
19,0.05,10.0,0.64,45
19,0.05,10.0,0.66,45
19,0.05,10.0,0.68,180
19,0.05,10.0,0.7000000000000001,0
19,0.05,10.0,0.72,45
19,0.05,10.0,0.74,90
19,0.05,15.0,0.0,135
19,0.05,15.0,0.02,45
19,0.05,15.0,0.04,45
19,0.05,15.0,0.06,90
19,0.05,15.0,0.08,90
19,0.05,15.0,0.1,0
19,0.05,15.0,0.12,135
19,0.05,15.0,0.14,0
19,0.05,15.0,0.16,45
19,0.05,15.0,0.18,180
19,0.05,15.0,0.2,0
19,0.05,15.0,0.22,90
19,0.05,15.0,0.24,45
19,0.05,15.0,0.26,45
19,0.05,15.0,0.28,45
19,0.05,15.0,0.3,45
19,0.05,15.0,0.32,45
19,0.05,15.0,0.34,0
19,0.05,15.0,0.36,0
19,0.05,15.0,0.38,45
19,0.05,15.0,0.4,0
19,0.05,15.0,0.42,45
19,0.05,15.0,0.44,0
19,0.05,15.0,0.46,180
19,0.05,15.0,0.48,135
19,0.05,15.0,0.5,180
19,0.05,15.0,0.52,0
19,0.05,15.0,0.54,0
19,0.05,15.0,0.56,0
19,0.05,15.0,0.58,0
19,0.05,15.0,0.6,180
19,0.05,15.0,0.62,90
19,0.05,15.0,0.64,45
19,0.05,15.0,0.66,135
19,0.05,15.0,0.68,135
19,0.05,15.0,0.7000000000000001,0
19,0.05,15.0,0.72,45
19,0.05,15.0,0.74,45
19,0.05,20.0,0.0,45
19,0.05,20.0,0.02,90
19,0.05,20.0,0.04,45
19,0.05,20.0,0.06,45
19,0.05,20.0,0.08,135
19,0.05,20.0,0.1,180
19,0.05,20.0,0.12,0
19,0.05,20.0,0.14,45
19,0.05,20.0,0.16,0
19,0.05,20.0,0.18,0
19,0.05,20.0,0.2,45
19,0.05,20.0,0.22,45
19,0.05,20.0,0.24,90
19,0.05,20.0,0.26,135
19,0.05,20.0,0.28,45
19,0.05,20.0,0.3,45
19,0.05,20.0,0.32,0
19,0.05,20.0,0.34,0
19,0.05,20.0,0.36,45
19,0.05,20.0,0.38,0
19,0.05,20.0,0.4,45
19,0.05,20.0,0.42,0
19,0.05,20.0,0.44,0
19,0.05,20.0,0.46,90
19,0.05,20.0,0.48,45
19,0.05,20.0,0.5,45
19,0.05,20.0,0.52,135
19,0.05,20.0,0.54,135
19,0.05,20.0,0.56,90
19,0.05,20.0,0.58,180
19,0.05,20.0,0.6,0
19,0.05,20.0,0.62,45
19,0.05,20.0,0.64,0
19,0.05,20.0,0.66,135
19,0.05,20.0,0.68,90
19,0.05,20.0,0.7000000000000001,0
19,0.05,20.0,0.72,135
19,0.05,20.0,0.74,180
19,0.05,25.0,0.0,0
19,0.05,25.0,0.02,0
19,0.05,25.0,0.04,0
19,0.05,25.0,0.06,0
19,0.05,25.0,0.08,90
19,0.05,25.0,0.1,0
19,0.05,25.0,0.12,0
19,0.05,25.0,0.14,45
19,0.05,25.0,0.16,90
19,0.05,25.0,0.18,45
19,0.05,25.0,0.2,45
19,0.05,25.0,0.22,90
19,0.05,25.0,0.24,135
19,0.05,25.0,0.26,0
19,0.05,25.0,0.28,135
19,0.05,25.0,0.3,135
19,0.05,25.0,0.32,135
19,0.05,25.0,0.34,45
19,0.05,25.0,0.36,180
19,0.05,25.0,0.38,135
19,0.05,25.0,0.4,45
19,0.05,25.0,0.42,90
19,0.05,25.0,0.44,0
19,0.05,25.0,0.46,45
19,0.05,25.0,0.48,45
19,0.05,25.0,0.5,45
19,0.05,25.0,0.52,135
19,0.05,25.0,0.54,0
19,0.05,25.0,0.56,0
19,0.05,25.0,0.58,45
19,0.05,25.0,0.6,180
19,0.05,25.0,0.62,180
19,0.05,25.0,0.64,0
19,0.05,25.0,0.66,0
19,0.05,25.0,0.68,45
19,0.05,25.0,0.7000000000000001,45
19,0.05,25.0,0.72,135
19,0.05,25.0,0.74,180
19,0.05,30.0,0.0,0
19,0.05,30.0,0.02,0
19,0.05,30.0,0.04,45
19,0.05,30.0,0.06,0
19,0.05,30.0,0.08,180
19,0.05,30.0,0.1,135
19,0.05,30.0,0.12,0
19,0.05,30.0,0.14,45
19,0.05,30.0,0.16,135
19,0.05,30.0,0.18,180
19,0.05,30.0,0.2,45
19,0.05,30.0,0.22,45
19,0.05,30.0,0.24,45
19,0.05,30.0,0.26,45
19,0.05,30.0,0.28,0
19,0.05,30.0,0.3,180
19,0.05,30.0,0.32,135
19,0.05,30.0,0.34,135
19,0.05,30.0,0.36,90
19,0.05,30.0,0.38,180
19,0.05,30.0,0.4,90
19,0.05,30.0,0.42,135
19,0.05,30.0,0.44,135
19,0.05,30.0,0.46,135
19,0.05,30.0,0.48,0
19,0.05,30.0,0.5,0
19,0.05,30.0,0.52,180
19,0.05,30.0,0.54,180
19,0.05,30.0,0.56,180
19,0.05,30.0,0.58,135
19,0.05,30.0,0.6,135
19,0.05,30.0,0.62,0
19,0.05,30.0,0.64,0
19,0.05,30.0,0.66,0
19,0.05,30.0,0.68,180
19,0.05,30.0,0.7000000000000001,45
19,0.05,30.0,0.72,135
19,0.05,30.0,0.74,180
19,0.05,40.0,0.0,45
19,0.05,40.0,0.02,90
19,0.05,40.0,0.04,45
19,0.05,40.0,0.06,0
19,0.05,40.0,0.08,90
19,0.05,40.0,0.1,45
19,0.05,40.0,0.12,180
19,0.05,40.0,0.14,180
19,0.05,40.0,0.16,90
19,0.05,40.0,0.18,135
19,0.05,40.0,0.2,135
19,0.05,40.0,0.22,135
19,0.05,40.0,0.24,45
19,0.05,40.0,0.26,0
19,0.05,40.0,0.28,45
19,0.05,40.0,0.3,90
19,0.05,40.0,0.32,90
19,0.05,40.0,0.34,135
19,0.05,40.0,0.36,45
19,0.05,40.0,0.38,90
19,0.05,40.0,0.4,0
19,0.05,40.0,0.42,0
19,0.05,40.0,0.44,45
19,0.05,40.0,0.46,135
19,0.05,40.0,0.48,135
19,0.05,40.0,0.5,0
19,0.05,40.0,0.52,0
19,0.05,40.0,0.54,135
19,0.05,40.0,0.56,180
19,0.05,40.0,0.58,90
19,0.05,40.0,0.6,90
19,0.05,40.0,0.62,90
19,0.05,40.0,0.64,45
19,0.05,40.0,0.66,90
19,0.05,40.0,0.68,135
19,0.05,40.0,0.7000000000000001,0
19,0.05,40.0,0.72,0
19,0.05,40.0,0.74,0
19,0.05,50.0,0.0,0
19,0.05,50.0,0.02,45
19,0.05,50.0,0.04,90
19,0.05,50.0,0.06,45
19,0.05,50.0,0.08,0
19,0.05,50.0,0.1,0
19,0.05,50.0,0.12,0
19,0.05,50.0,0.14,135
19,0.05,50.0,0.16,135
19,0.05,50.0,0.18,135
19,0.05,50.0,0.2,180
19,0.05,50.0,0.22,180
19,0.05,50.0,0.24,45
19,0.05,50.0,0.26,0
19,0.05,50.0,0.28,90
19,0.05,50.0,0.3,135
19,0.05,50.0,0.32,180
19,0.05,50.0,0.34,135
19,0.05,50.0,0.36,0
19,0.05,50.0,0.38,90
19,0.05,50.0,0.4,0
19,0.05,50.0,0.42,90
19,0.05,50.0,0.44,45
19,0.05,50.0,0.46,0
19,0.05,50.0,0.48,45
19,0.05,50.0,0.5,45
19,0.05,50.0,0.52,45
19,0.05,50.0,0.54,45
19,0.05,50.0,0.56,135
19,0.05,50.0,0.58,180
19,0.05,50.0,0.6,135
19,0.05,50.0,0.62,135
19,0.05,50.0,0.64,45
19,0.05,50.0,0.66,0
19,0.05,50.0,0.68,0
19,0.05,50.0,0.7000000000000001,135
19,0.05,50.0,0.72,0
19,0.05,50.0,0.74,0
19,0.05,100.0,0.0,0
19,0.05,100.0,0.02,135
19,0.05,100.0,0.04,45
19,0.05,100.0,0.06,45
19,0.05,100.0,0.08,90
19,0.05,100.0,0.1,90
19,0.05,100.0,0.12,90
19,0.05,100.0,0.14,45
19,0.05,100.0,0.16,135
19,0.05,100.0,0.18,45
19,0.05,100.0,0.2,180
19,0.05,100.0,0.22,135
19,0.05,100.0,0.24,135
19,0.05,100.0,0.26,135
19,0.05,100.0,0.28,90
19,0.05,100.0,0.3,45
19,0.05,100.0,0.32,135
19,0.05,100.0,0.34,45
19,0.05,100.0,0.36,45
19,0.05,100.0,0.38,180
19,0.05,100.0,0.4,45
19,0.05,100.0,0.42,180
19,0.05,100.0,0.44,180
19,0.05,100.0,0.46,135
19,0.05,100.0,0.48,135
19,0.05,100.0,0.5,0
19,0.05,100.0,0.52,45
19,0.05,100.0,0.54,135
19,0.05,100.0,0.56,90
19,0.05,100.0,0.58,45
19,0.05,100.0,0.6,45
19,0.05,100.0,0.62,135
19,0.05,100.0,0.64,90
19,0.05,100.0,0.66,90
19,0.05,100.0,0.68,90
19,0.05,100.0,0.7000000000000001,135
19,0.05,100.0,0.72,180
19,0.05,100.0,0.74,180
10,0.1,0.0,0.0,0
10,0.1,0.0,0.02,0
10,0.1,0.0,0.04,0
10,0.1,0.0,0.06,135
10,0.1,0.0,0.08,0
10,0.1,0.0,0.1,0
10,0.1,0.0,0.12,0
10,0.1,0.0,0.14,0
10,0.1,0.0,0.16,0
10,0.1,0.0,0.18,0
10,0.1,0.0,0.2,0
10,0.1,0.0,0.22,0
10,0.1,0.0,0.24,0
10,0.1,0.0,0.26,0
10,0.1,0.0,0.28,0
10,0.1,0.0,0.3,0
10,0.1,0.0,0.32,0
10,0.1,0.0,0.34,0
10,0.1,0.0,0.36,0
10,0.1,0.0,0.38,0
10,0.1,0.0,0.4,0
10,0.1,0.0,0.42,0
10,0.1,0.0,0.44,0
10,0.1,0.0,0.46,0
10,0.1,0.0,0.48,90
10,0.1,0.0,0.5,0
10,0.1,0.0,0.52,0
10,0.1,0.0,0.54,0
10,0.1,0.0,0.56,0
10,0.1,0.0,0.58,0
10,0.1,0.0,0.6,0
10,0.1,0.0,0.62,0
10,0.1,0.0,0.64,0
10,0.1,0.0,0.66,0
10,0.1,0.0,0.68,0
10,0.1,0.0,0.7000000000000001,0
10,0.1,0.0,0.72,0
10,0.1,0.0,0.74,0
10,0.1,5.0,0.0,0
10,0.1,5.0,0.02,0
10,0.1,5.0,0.04,0
10,0.1,5.0,0.06,0
10,0.1,5.0,0.08,0
10,0.1,5.0,0.1,0
10,0.1,5.0,0.12,0
10,0.1,5.0,0.14,0
10,0.1,5.0,0.16,0
10,0.1,5.0,0.18,0
10,0.1,5.0,0.2,0
10,0.1,5.0,0.22,0
10,0.1,5.0,0.24,0
10,0.1,5.0,0.26,0
10,0.1,5.0,0.28,0
10,0.1,5.0,0.3,0
10,0.1,5.0,0.32,45
10,0.1,5.0,0.34,0
10,0.1,5.0,0.36,0
10,0.1,5.0,0.38,0
10,0.1,5.0,0.4,0
10,0.1,5.0,0.42,0
10,0.1,5.0,0.44,0
10,0.1,5.0,0.46,0
10,0.1,5.0,0.48,0
10,0.1,5.0,0.5,0
10,0.1,5.0,0.52,0
10,0.1,5.0,0.54,0
10,0.1,5.0,0.56,0
10,0.1,5.0,0.58,0
10,0.1,5.0,0.6,180
10,0.1,5.0,0.62,135
10,0.1,5.0,0.64,135
10,0.1,5.0,0.66,90
10,0.1,5.0,0.68,0
10,0.1,5.0,0.7000000000000001,45
10,0.1,5.0,0.72,0
10,0.1,5.0,0.74,90
10,0.1,10.0,0.0,0
10,0.1,10.0,0.02,0
10,0.1,10.0,0.04,45
10,0.1,10.0,0.06,0
10,0.1,10.0,0.08,0
10,0.1,10.0,0.1,135
10,0.1,10.0,0.12,180
10,0.1,10.0,0.14,180
10,0.1,10.0,0.16,0
10,0.1,10.0,0.18,0
10,0.1,10.0,0.2,0
10,0.1,10.0,0.22,0
10,0.1,10.0,0.24,0
10,0.1,10.0,0.26,0
10,0.1,10.0,0.28,0
10,0.1,10.0,0.3,135
10,0.1,10.0,0.32,135
10,0.1,10.0,0.34,135
10,0.1,10.0,0.36,135
10,0.1,10.0,0.38,0
10,0.1,10.0,0.4,0
10,0.1,10.0,0.42,0
10,0.1,10.0,0.44,135
10,0.1,10.0,0.46,90
10,0.1,10.0,0.48,135
10,0.1,10.0,0.5,45
10,0.1,10.0,0.52,0
10,0.1,10.0,0.54,90
10,0.1,10.0,0.56,0
10,0.1,10.0,0.58,0
10,0.1,10.0,0.6,0
10,0.1,10.0,0.62,45
10,0.1,10.0,0.64,0
10,0.1,10.0,0.66,0
10,0.1,10.0,0.68,0
10,0.1,10.0,0.7000000000000001,0
10,0.1,10.0,0.72,0
10,0.1,10.0,0.74,0
10,0.1,15.0,0.0,0
10,0.1,15.0,0.02,45
10,0.1,15.0,0.04,45
10,0.1,15.0,0.06,0
10,0.1,15.0,0.08,0
10,0.1,15.0,0.1,45
10,0.1,15.0,0.12,0
10,0.1,15.0,0.14,0
10,0.1,15.0,0.16,0
10,0.1,15.0,0.18,0
10,0.1,15.0,0.2,45
10,0.1,15.0,0.22,0
10,0.1,15.0,0.24,0
10,0.1,15.0,0.26,90
10,0.1,15.0,0.28,0
10,0.1,15.0,0.3,0
10,0.1,15.0,0.32,90
10,0.1,15.0,0.34,0
10,0.1,15.0,0.36,0
10,0.1,15.0,0.38,0
10,0.1,15.0,0.4,45
10,0.1,15.0,0.42,0
10,0.1,15.0,0.44,0
10,0.1,15.0,0.46,0
10,0.1,15.0,0.48,0
10,0.1,15.0,0.5,0
10,0.1,15.0,0.52,0
10,0.1,15.0,0.54,45
10,0.1,15.0,0.56,0
10,0.1,15.0,0.58,0
10,0.1,15.0,0.6,0
10,0.1,15.0,0.62,0
10,0.1,15.0,0.64,135
10,0.1,15.0,0.66,135
10,0.1,15.0,0.68,0
10,0.1,15.0,0.7000000000000001,0
10,0.1,15.0,0.72,0
10,0.1,15.0,0.74,90
10,0.1,20.0,0.0,0
10,0.1,20.0,0.02,0
10,0.1,20.0,0.04,0
10,0.1,20.0,0.06,0
10,0.1,20.0,0.08,180
10,0.1,20.0,0.1,135
10,0.1,20.0,0.12,135
10,0.1,20.0,0.14,0
10,0.1,20.0,0.16,0
10,0.1,20.0,0.18,0
10,0.1,20.0,0.2,135
10,0.1,20.0,0.22,0
10,0.1,20.0,0.24,0
10,0.1,20.0,0.26,0
10,0.1,20.0,0.28,0
10,0.1,20.0,0.3,45
10,0.1,20.0,0.32,0
10,0.1,20.0,0.34,0
10,0.1,20.0,0.36,0
10,0.1,20.0,0.38,0
10,0.1,20.0,0.4,0
10,0.1,20.0,0.42,0
10,0.1,20.0,0.44,90
10,0.1,20.0,0.46,135
10,0.1,20.0,0.48,135
10,0.1,20.0,0.5,90
10,0.1,20.0,0.52,0
10,0.1,20.0,0.54,0
10,0.1,20.0,0.56,0
10,0.1,20.0,0.58,0
10,0.1,20.0,0.6,0
10,0.1,20.0,0.62,0
10,0.1,20.0,0.64,0
10,0.1,20.0,0.66,0
10,0.1,20.0,0.68,45
10,0.1,20.0,0.7000000000000001,135
10,0.1,20.0,0.72,135
10,0.1,20.0,0.74,90
10,0.1,25.0,0.0,0
10,0.1,25.0,0.02,0
10,0.1,25.0,0.04,0
10,0.1,25.0,0.06,0
10,0.1,25.0,0.08,0
10,0.1,25.0,0.1,135
10,0.1,25.0,0.12,135
10,0.1,25.0,0.14,0
10,0.1,25.0,0.16,135
10,0.1,25.0,0.18,90
10,0.1,25.0,0.2,135
10,0.1,25.0,0.22,90
10,0.1,25.0,0.24,0
10,0.1,25.0,0.26,180
10,0.1,25.0,0.28,90
10,0.1,25.0,0.3,0
10,0.1,25.0,0.32,0
10,0.1,25.0,0.34,0
10,0.1,25.0,0.36,0
10,0.1,25.0,0.38,135
10,0.1,25.0,0.4,135
10,0.1,25.0,0.42,180
10,0.1,25.0,0.44,45
10,0.1,25.0,0.46,90
10,0.1,25.0,0.48,0
10,0.1,25.0,0.5,0
10,0.1,25.0,0.52,0
10,0.1,25.0,0.54,180
10,0.1,25.0,0.56,45
10,0.1,25.0,0.58,135
10,0.1,25.0,0.6,135
10,0.1,25.0,0.62,0
10,0.1,25.0,0.64,45
10,0.1,25.0,0.66,0
10,0.1,25.0,0.68,180
10,0.1,25.0,0.7000000000000001,0
10,0.1,25.0,0.72,0
10,0.1,25.0,0.74,45
10,0.1,30.0,0.0,0
10,0.1,30.0,0.02,0
10,0.1,30.0,0.04,90
10,0.1,30.0,0.06,0
10,0.1,30.0,0.08,0
10,0.1,30.0,0.1,0
10,0.1,30.0,0.12,90
10,0.1,30.0,0.14,0
10,0.1,30.0,0.16,0
10,0.1,30.0,0.18,0
10,0.1,30.0,0.2,45
10,0.1,30.0,0.22,90
10,0.1,30.0,0.24,180
10,0.1,30.0,0.26,135
10,0.1,30.0,0.28,135
10,0.1,30.0,0.3,0
10,0.1,30.0,0.32,135
10,0.1,30.0,0.34,90
10,0.1,30.0,0.36,135
10,0.1,30.0,0.38,90
10,0.1,30.0,0.4,45
10,0.1,30.0,0.42,135
10,0.1,30.0,0.44,45
10,0.1,30.0,0.46,0
10,0.1,30.0,0.48,45
10,0.1,30.0,0.5,0
10,0.1,30.0,0.52,0
10,0.1,30.0,0.54,90
10,0.1,30.0,0.56,135
10,0.1,30.0,0.58,135
10,0.1,30.0,0.6,135
10,0.1,30.0,0.62,0
10,0.1,30.0,0.64,0
10,0.1,30.0,0.66,0
10,0.1,30.0,0.68,0
10,0.1,30.0,0.7000000000000001,0
10,0.1,30.0,0.72,0
10,0.1,30.0,0.74,90
10,0.1,40.0,0.0,0
10,0.1,40.0,0.02,90
10,0.1,40.0,0.04,0
10,0.1,40.0,0.06,0
10,0.1,40.0,0.08,90
10,0.1,40.0,0.1,45
10,0.1,40.0,0.12,0
10,0.1,40.0,0.14,90
10,0.1,40.0,0.16,0
10,0.1,40.0,0.18,0
10,0.1,40.0,0.2,0
10,0.1,40.0,0.22,0
10,0.1,40.0,0.24,135
10,0.1,40.0,0.26,135
10,0.1,40.0,0.28,90
10,0.1,40.0,0.3,135
10,0.1,40.0,0.32,45
10,0.1,40.0,0.34,90
10,0.1,40.0,0.36,90
10,0.1,40.0,0.38,135
10,0.1,40.0,0.4,0
10,0.1,40.0,0.42,0
10,0.1,40.0,0.44,45
10,0.1,40.0,0.46,0
10,0.1,40.0,0.48,0
10,0.1,40.0,0.5,0
10,0.1,40.0,0.52,135
10,0.1,40.0,0.54,45
10,0.1,40.0,0.56,0
10,0.1,40.0,0.58,0
10,0.1,40.0,0.6,180
10,0.1,40.0,0.62,180
10,0.1,40.0,0.64,135
10,0.1,40.0,0.66,0
10,0.1,40.0,0.68,0
10,0.1,40.0,0.7000000000000001,90
10,0.1,40.0,0.72,0
10,0.1,40.0,0.74,0
10,0.1,50.0,0.0,0
10,0.1,50.0,0.02,0
10,0.1,50.0,0.04,0
10,0.1,50.0,0.06,90
10,0.1,50.0,0.08,45
10,0.1,50.0,0.1,135
10,0.1,50.0,0.12,0
10,0.1,50.0,0.14,0
10,0.1,50.0,0.16,180
10,0.1,50.0,0.18,180
10,0.1,50.0,0.2,0
10,0.1,50.0,0.22,135
10,0.1,50.0,0.24,0
10,0.1,50.0,0.26,135
10,0.1,50.0,0.28,135
10,0.1,50.0,0.3,135
10,0.1,50.0,0.32,135
10,0.1,50.0,0.34,135
10,0.1,50.0,0.36,45
10,0.1,50.0,0.38,0
10,0.1,50.0,0.4,0
10,0.1,50.0,0.42,45
10,0.1,50.0,0.44,135
10,0.1,50.0,0.46,45
10,0.1,50.0,0.48,90
10,0.1,50.0,0.5,90
10,0.1,50.0,0.52,180
10,0.1,50.0,0.54,180
10,0.1,50.0,0.56,135
10,0.1,50.0,0.58,45
10,0.1,50.0,0.6,0
10,0.1,50.0,0.62,0
10,0.1,50.0,0.64,0
10,0.1,50.0,0.66,45
10,0.1,50.0,0.68,90
10,0.1,50.0,0.7000000000000001,45
10,0.1,50.0,0.72,135
10,0.1,50.0,0.74,90
10,0.1,100.0,0.0,0
10,0.1,100.0,0.02,180
10,0.1,100.0,0.04,135
10,0.1,100.0,0.06,90
10,0.1,100.0,0.08,180
10,0.1,100.0,0.1,90
10,0.1,100.0,0.12,90
10,0.1,100.0,0.14,180
10,0.1,100.0,0.16,0
10,0.1,100.0,0.18,0
10,0.1,100.0,0.2,135
10,0.1,100.0,0.22,0
10,0.1,100.0,0.24,45
10,0.1,100.0,0.26,180
10,0.1,100.0,0.28,0
10,0.1,100.0,0.3,90
10,0.1,100.0,0.32,180
10,0.1,100.0,0.34,90
10,0.1,100.0,0.36,180
10,0.1,100.0,0.38,180
10,0.1,100.0,0.4,0
10,0.1,100.0,0.42,90
10,0.1,100.0,0.44,135
10,0.1,100.0,0.46,45
10,0.1,100.0,0.48,45
10,0.1,100.0,0.5,45
10,0.1,100.0,0.52,90
10,0.1,100.0,0.54,90
10,0.1,100.0,0.56,135
10,0.1,100.0,0.58,0
10,0.1,100.0,0.6,45
10,0.1,100.0,0.62,0
10,0.1,100.0,0.64,45
10,0.1,100.0,0.66,90
10,0.1,100.0,0.68,45
10,0.1,100.0,0.7000000000000001,45
10,0.1,100.0,0.72,0
10,0.1,100.0,0.74,45
11,0.1,0.0,0.0,0
11,0.1,0.0,0.02,0
11,0.1,0.0,0.04,0
11,0.1,0.0,0.06,0
11,0.1,0.0,0.08,0
11,0.1,0.0,0.1,0
11,0.1,0.0,0.12,0
11,0.1,0.0,0.14,0
11,0.1,0.0,0.16,0
11,0.1,0.0,0.18,0
11,0.1,0.0,0.2,0
11,0.1,0.0,0.22,0
11,0.1,0.0,0.24,0
11,0.1,0.0,0.26,0
11,0.1,0.0,0.28,0
11,0.1,0.0,0.3,0
11,0.1,0.0,0.32,0
11,0.1,0.0,0.34,0
11,0.1,0.0,0.36,0
11,0.1,0.0,0.38,0
11,0.1,0.0,0.4,0
11,0.1,0.0,0.42,0
11,0.1,0.0,0.44,0
11,0.1,0.0,0.46,0
11,0.1,0.0,0.48,0
11,0.1,0.0,0.5,0
11,0.1,0.0,0.52,0
11,0.1,0.0,0.54,0
11,0.1,0.0,0.56,0
11,0.1,0.0,0.58,0
11,0.1,0.0,0.6,0
11,0.1,0.0,0.62,0
11,0.1,0.0,0.64,0
11,0.1,0.0,0.66,0
11,0.1,0.0,0.68,0
11,0.1,0.0,0.7000000000000001,0
11,0.1,0.0,0.72,0
11,0.1,0.0,0.74,0
11,0.1,5.0,0.0,0
11,0.1,5.0,0.02,0
11,0.1,5.0,0.04,135
11,0.1,5.0,0.06,135
11,0.1,5.0,0.08,135
11,0.1,5.0,0.1,0
11,0.1,5.0,0.12,0
11,0.1,5.0,0.14,0
11,0.1,5.0,0.16,0
11,0.1,5.0,0.18,0
11,0.1,5.0,0.2,0
11,0.1,5.0,0.22,0
11,0.1,5.0,0.24,0
11,0.1,5.0,0.26,0
11,0.1,5.0,0.28,0
11,0.1,5.0,0.3,0
11,0.1,5.0,0.32,0
11,0.1,5.0,0.34,0
11,0.1,5.0,0.36,0
11,0.1,5.0,0.38,135
11,0.1,5.0,0.4,135
11,0.1,5.0,0.42,0
11,0.1,5.0,0.44,180
11,0.1,5.0,0.46,135
11,0.1,5.0,0.48,180
11,0.1,5.0,0.5,90
11,0.1,5.0,0.52,45
11,0.1,5.0,0.54,0
11,0.1,5.0,0.56,0
11,0.1,5.0,0.58,0
11,0.1,5.0,0.6,0
11,0.1,5.0,0.62,0
11,0.1,5.0,0.64,0
11,0.1,5.0,0.66,0
11,0.1,5.0,0.68,0
11,0.1,5.0,0.7000000000000001,0
11,0.1,5.0,0.72,0
11,0.1,5.0,0.74,0
11,0.1,10.0,0.0,0
11,0.1,10.0,0.02,135
11,0.1,10.0,0.04,90
11,0.1,10.0,0.06,135
11,0.1,10.0,0.08,135
11,0.1,10.0,0.1,0
11,0.1,10.0,0.12,0
11,0.1,10.0,0.14,0
11,0.1,10.0,0.16,0
11,0.1,10.0,0.18,0
11,0.1,10.0,0.2,0
11,0.1,10.0,0.22,45
11,0.1,10.0,0.24,0
11,0.1,10.0,0.26,0
11,0.1,10.0,0.28,0
11,0.1,10.0,0.3,0
11,0.1,10.0,0.32,0
11,0.1,10.0,0.34,0
11,0.1,10.0,0.36,45
11,0.1,10.0,0.38,0
11,0.1,10.0,0.4,0
11,0.1,10.0,0.42,45
11,0.1,10.0,0.44,0
11,0.1,10.0,0.46,0
11,0.1,10.0,0.48,0
11,0.1,10.0,0.5,0
11,0.1,10.0,0.52,45
11,0.1,10.0,0.54,180
11,0.1,10.0,0.56,135
11,0.1,10.0,0.58,0
11,0.1,10.0,0.6,0
11,0.1,10.0,0.62,0
11,0.1,10.0,0.64,0
11,0.1,10.0,0.66,0
11,0.1,10.0,0.68,0
11,0.1,10.0,0.7000000000000001,45
11,0.1,10.0,0.72,0
11,0.1,10.0,0.74,0
11,0.1,15.0,0.0,0
11,0.1,15.0,0.02,90
11,0.1,15.0,0.04,0
11,0.1,15.0,0.06,135
11,0.1,15.0,0.08,45
11,0.1,15.0,0.1,0
11,0.1,15.0,0.12,45
11,0.1,15.0,0.14,45
11,0.1,15.0,0.16,0
11,0.1,15.0,0.18,0
11,0.1,15.0,0.2,0
11,0.1,15.0,0.22,45
11,0.1,15.0,0.24,0
11,0.1,15.0,0.26,0
11,0.1,15.0,0.28,0
11,0.1,15.0,0.3,0
11,0.1,15.0,0.32,0
11,0.1,15.0,0.34,135
11,0.1,15.0,0.36,90
11,0.1,15.0,0.38,135
11,0.1,15.0,0.4,135
11,0.1,15.0,0.42,0
11,0.1,15.0,0.44,45
11,0.1,15.0,0.46,0
11,0.1,15.0,0.48,0
11,0.1,15.0,0.5,0
11,0.1,15.0,0.52,90
11,0.1,15.0,0.54,45
11,0.1,15.0,0.56,0
11,0.1,15.0,0.58,45
11,0.1,15.0,0.6,0
11,0.1,15.0,0.62,0
11,0.1,15.0,0.64,45
11,0.1,15.0,0.66,90
11,0.1,15.0,0.68,0
11,0.1,15.0,0.7000000000000001,0
11,0.1,15.0,0.72,0
11,0.1,15.0,0.74,0
11,0.1,20.0,0.0,0
11,0.1,20.0,0.02,0
11,0.1,20.0,0.04,0
11,0.1,20.0,0.06,0
11,0.1,20.0,0.08,180
11,0.1,20.0,0.1,135
11,0.1,20.0,0.12,135
11,0.1,20.0,0.14,135
11,0.1,20.0,0.16,0
11,0.1,20.0,0.18,0
11,0.1,20.0,0.2,0
11,0.1,20.0,0.22,0
11,0.1,20.0,0.24,0
11,0.1,20.0,0.26,45
11,0.1,20.0,0.28,0
11,0.1,20.0,0.3,0
11,0.1,20.0,0.32,0
11,0.1,20.0,0.34,0
11,0.1,20.0,0.36,45
11,0.1,20.0,0.38,0
11,0.1,20.0,0.4,0
11,0.1,20.0,0.42,0
11,0.1,20.0,0.44,135
11,0.1,20.0,0.46,135
11,0.1,20.0,0.48,0
11,0.1,20.0,0.5,0
11,0.1,20.0,0.52,45
11,0.1,20.0,0.54,45
11,0.1,20.0,0.56,135
11,0.1,20.0,0.58,0
11,0.1,20.0,0.6,135
11,0.1,20.0,0.62,135
11,0.1,20.0,0.64,180
11,0.1,20.0,0.66,135
11,0.1,20.0,0.68,0
11,0.1,20.0,0.7000000000000001,180
11,0.1,20.0,0.72,45
11,0.1,20.0,0.74,0
11,0.1,25.0,0.0,0
11,0.1,25.0,0.02,0
11,0.1,25.0,0.04,0
11,0.1,25.0,0.06,0
11,0.1,25.0,0.08,0
11,0.1,25.0,0.1,0
11,0.1,25.0,0.12,45
11,0.1,25.0,0.14,90
11,0.1,25.0,0.16,135
11,0.1,25.0,0.18,90
11,0.1,25.0,0.2,0
11,0.1,25.0,0.22,0
11,0.1,25.0,0.24,0
11,0.1,25.0,0.26,135
11,0.1,25.0,0.28,45
11,0.1,25.0,0.3,90
11,0.1,25.0,0.32,135
11,0.1,25.0,0.34,135
11,0.1,25.0,0.36,135
11,0.1,25.0,0.38,0
11,0.1,25.0,0.4,0
11,0.1,25.0,0.42,45
11,0.1,25.0,0.44,90
11,0.1,25.0,0.46,135
11,0.1,25.0,0.48,180
11,0.1,25.0,0.5,135
11,0.1,25.0,0.52,135
11,0.1,25.0,0.54,135
11,0.1,25.0,0.56,90
11,0.1,25.0,0.58,135
11,0.1,25.0,0.6,0
11,0.1,25.0,0.62,0
11,0.1,25.0,0.64,135
11,0.1,25.0,0.66,45
11,0.1,25.0,0.68,45
11,0.1,25.0,0.7000000000000001,0
11,0.1,25.0,0.72,135
11,0.1,25.0,0.74,135
11,0.1,30.0,0.0,0
11,0.1,30.0,0.02,90
11,0.1,30.0,0.04,45
11,0.1,30.0,0.06,45
11,0.1,30.0,0.08,90
11,0.1,30.0,0.1,0
11,0.1,30.0,0.12,0
11,0.1,30.0,0.14,90
11,0.1,30.0,0.16,0
11,0.1,30.0,0.18,0
11,0.1,30.0,0.2,135
11,0.1,30.0,0.22,90
11,0.1,30.0,0.24,45
11,0.1,30.0,0.26,90
11,0.1,30.0,0.28,45
11,0.1,30.0,0.3,0
11,0.1,30.0,0.32,0
11,0.1,30.0,0.34,45
11,0.1,30.0,0.36,0
11,0.1,30.0,0.38,0
11,0.1,30.0,0.4,0
11,0.1,30.0,0.42,45
11,0.1,30.0,0.44,0
11,0.1,30.0,0.46,0
11,0.1,30.0,0.48,0
11,0.1,30.0,0.5,0
11,0.1,30.0,0.52,180
11,0.1,30.0,0.54,135
11,0.1,30.0,0.56,45
11,0.1,30.0,0.58,45
11,0.1,30.0,0.6,90
11,0.1,30.0,0.62,0
11,0.1,30.0,0.64,0
11,0.1,30.0,0.66,0
11,0.1,30.0,0.68,0
11,0.1,30.0,0.7000000000000001,90
11,0.1,30.0,0.72,135
11,0.1,30.0,0.74,90
11,0.1,40.0,0.0,0
11,0.1,40.0,0.02,0
11,0.1,40.0,0.04,0
11,0.1,40.0,0.06,0
11,0.1,40.0,0.08,0
11,0.1,40.0,0.1,135
11,0.1,40.0,0.12,90
11,0.1,40.0,0.14,0
11,0.1,40.0,0.16,0
11,0.1,40.0,0.18,0
11,0.1,40.0,0.2,0
11,0.1,40.0,0.22,0
11,0.1,40.0,0.24,45
11,0.1,40.0,0.26,0
11,0.1,40.0,0.28,0
11,0.1,40.0,0.3,0
11,0.1,40.0,0.32,135
11,0.1,40.0,0.34,135
11,0.1,40.0,0.36,135
11,0.1,40.0,0.38,0
11,0.1,40.0,0.4,0
11,0.1,40.0,0.42,0
11,0.1,40.0,0.44,0
11,0.1,40.0,0.46,45
11,0.1,40.0,0.48,180
11,0.1,40.0,0.5,135
11,0.1,40.0,0.52,0
11,0.1,40.0,0.54,45
11,0.1,40.0,0.56,0
11,0.1,40.0,0.58,135
11,0.1,40.0,0.6,180
11,0.1,40.0,0.62,0
11,0.1,40.0,0.64,135
11,0.1,40.0,0.66,135
11,0.1,40.0,0.68,180
11,0.1,40.0,0.7000000000000001,180
11,0.1,40.0,0.72,0
11,0.1,40.0,0.74,135
11,0.1,50.0,0.0,0
11,0.1,50.0,0.02,135
11,0.1,50.0,0.04,180
11,0.1,50.0,0.06,90
11,0.1,50.0,0.08,0
11,0.1,50.0,0.1,0
11,0.1,50.0,0.12,45
11,0.1,50.0,0.14,0
11,0.1,50.0,0.16,0
11,0.1,50.0,0.18,0
11,0.1,50.0,0.2,135
11,0.1,50.0,0.22,135
11,0.1,50.0,0.24,0
11,0.1,50.0,0.26,0
11,0.1,50.0,0.28,0
11,0.1,50.0,0.3,135
11,0.1,50.0,0.32,135
11,0.1,50.0,0.34,0
11,0.1,50.0,0.36,135
11,0.1,50.0,0.38,90
11,0.1,50.0,0.4,0
11,0.1,50.0,0.42,180
11,0.1,50.0,0.44,0
11,0.1,50.0,0.46,0
11,0.1,50.0,0.48,0
11,0.1,50.0,0.5,180
11,0.1,50.0,0.52,45
11,0.1,50.0,0.54,135
11,0.1,50.0,0.56,180
11,0.1,50.0,0.58,90
11,0.1,50.0,0.6,135
11,0.1,50.0,0.62,45
11,0.1,50.0,0.64,0
11,0.1,50.0,0.66,90
11,0.1,50.0,0.68,45
11,0.1,50.0,0.7000000000000001,135
11,0.1,50.0,0.72,0
11,0.1,50.0,0.74,135
11,0.1,100.0,0.0,0
11,0.1,100.0,0.02,135
11,0.1,100.0,0.04,135
11,0.1,100.0,0.06,0
11,0.1,100.0,0.08,45
11,0.1,100.0,0.1,135
11,0.1,100.0,0.12,45
11,0.1,100.0,0.14,0
11,0.1,100.0,0.16,0
11,0.1,100.0,0.18,135
11,0.1,100.0,0.2,45
11,0.1,100.0,0.22,90
11,0.1,100.0,0.24,0
11,0.1,100.0,0.26,45
11,0.1,100.0,0.28,0
11,0.1,100.0,0.3,90
11,0.1,100.0,0.32,90
11,0.1,100.0,0.34,0
11,0.1,100.0,0.36,45
11,0.1,100.0,0.38,135
11,0.1,100.0,0.4,0
11,0.1,100.0,0.42,135
11,0.1,100.0,0.44,135
11,0.1,100.0,0.46,135
11,0.1,100.0,0.48,135
11,0.1,100.0,0.5,0
11,0.1,100.0,0.52,45
11,0.1,100.0,0.54,0
11,0.1,100.0,0.56,180
11,0.1,100.0,0.58,0
11,0.1,100.0,0.6,135
11,0.1,100.0,0.62,0
11,0.1,100.0,0.64,45
11,0.1,100.0,0.66,135
11,0.1,100.0,0.68,90
11,0.1,100.0,0.7000000000000001,0
11,0.1,100.0,0.72,0
11,0.1,100.0,0.74,135
12,0.1,0.0,0.0,0
12,0.1,0.0,0.02,0
12,0.1,0.0,0.04,0
12,0.1,0.0,0.06,0
12,0.1,0.0,0.08,0
12,0.1,0.0,0.1,0
12,0.1,0.0,0.12,0
12,0.1,0.0,0.14,0
12,0.1,0.0,0.16,0
12,0.1,0.0,0.18,0
12,0.1,0.0,0.2,0
12,0.1,0.0,0.22,0
12,0.1,0.0,0.24,45
12,0.1,0.0,0.26,0
12,0.1,0.0,0.28,0
12,0.1,0.0,0.3,0
12,0.1,0.0,0.32,0
12,0.1,0.0,0.34,0
12,0.1,0.0,0.36,0
12,0.1,0.0,0.38,0
12,0.1,0.0,0.4,0
12,0.1,0.0,0.42,0
12,0.1,0.0,0.44,0
12,0.1,0.0,0.46,0
12,0.1,0.0,0.48,0
12,0.1,0.0,0.5,0
12,0.1,0.0,0.52,0
12,0.1,0.0,0.54,0
12,0.1,0.0,0.56,0
12,0.1,0.0,0.58,0
12,0.1,0.0,0.6,0
12,0.1,0.0,0.62,0
12,0.1,0.0,0.64,0
12,0.1,0.0,0.66,0
12,0.1,0.0,0.68,0
12,0.1,0.0,0.7000000000000001,0
12,0.1,0.0,0.72,0
12,0.1,0.0,0.74,0
12,0.1,5.0,0.0,0
12,0.1,5.0,0.02,0
12,0.1,5.0,0.04,0
12,0.1,5.0,0.06,45
12,0.1,5.0,0.08,45
12,0.1,5.0,0.1,0
12,0.1,5.0,0.12,0
12,0.1,5.0,0.14,0
12,0.1,5.0,0.16,0
12,0.1,5.0,0.18,0
12,0.1,5.0,0.2,0
12,0.1,5.0,0.22,135
12,0.1,5.0,0.24,135
12,0.1,5.0,0.26,0
12,0.1,5.0,0.28,0
12,0.1,5.0,0.3,0
12,0.1,5.0,0.32,0
12,0.1,5.0,0.34,0
12,0.1,5.0,0.36,0
12,0.1,5.0,0.38,0
12,0.1,5.0,0.4,0
12,0.1,5.0,0.42,0
12,0.1,5.0,0.44,90
12,0.1,5.0,0.46,90
12,0.1,5.0,0.48,0
12,0.1,5.0,0.5,0
12,0.1,5.0,0.52,0
12,0.1,5.0,0.54,0
12,0.1,5.0,0.56,0
12,0.1,5.0,0.58,90
12,0.1,5.0,0.6,90
12,0.1,5.0,0.62,180
12,0.1,5.0,0.64,0
12,0.1,5.0,0.66,0
12,0.1,5.0,0.68,0
12,0.1,5.0,0.7000000000000001,0
12,0.1,5.0,0.72,45
12,0.1,5.0,0.74,0
12,0.1,10.0,0.0,0
12,0.1,10.0,0.02,0
12,0.1,10.0,0.04,0
12,0.1,10.0,0.06,0
12,0.1,10.0,0.08,0
12,0.1,10.0,0.1,45
12,0.1,10.0,0.12,0
12,0.1,10.0,0.14,0
12,0.1,10.0,0.16,0
12,0.1,10.0,0.18,0
12,0.1,10.0,0.2,0
12,0.1,10.0,0.22,0
12,0.1,10.0,0.24,180
12,0.1,10.0,0.26,180
12,0.1,10.0,0.28,0
12,0.1,10.0,0.3,0
12,0.1,10.0,0.32,0
12,0.1,10.0,0.34,0
12,0.1,10.0,0.36,0
12,0.1,10.0,0.38,0
12,0.1,10.0,0.4,0
12,0.1,10.0,0.42,0
12,0.1,10.0,0.44,0
12,0.1,10.0,0.46,0
12,0.1,10.0,0.48,0
12,0.1,10.0,0.5,0
12,0.1,10.0,0.52,0
12,0.1,10.0,0.54,0
12,0.1,10.0,0.56,0
12,0.1,10.0,0.58,0
12,0.1,10.0,0.6,90
12,0.1,10.0,0.62,0
12,0.1,10.0,0.64,0
12,0.1,10.0,0.66,0
12,0.1,10.0,0.68,0
12,0.1,10.0,0.7000000000000001,0
12,0.1,10.0,0.72,90
12,0.1,10.0,0.74,135
12,0.1,15.0,0.0,0
12,0.1,15.0,0.02,0
12,0.1,15.0,0.04,0
12,0.1,15.0,0.06,0
12,0.1,15.0,0.08,45
12,0.1,15.0,0.1,180
12,0.1,15.0,0.12,0
12,0.1,15.0,0.14,0
12,0.1,15.0,0.16,0
12,0.1,15.0,0.18,0
12,0.1,15.0,0.2,0
12,0.1,15.0,0.22,0
12,0.1,15.0,0.24,0
12,0.1,15.0,0.26,45
12,0.1,15.0,0.28,0
12,0.1,15.0,0.3,90
12,0.1,15.0,0.32,0
12,0.1,15.0,0.34,0
12,0.1,15.0,0.36,0
12,0.1,15.0,0.38,0
12,0.1,15.0,0.4,0
12,0.1,15.0,0.42,0
12,0.1,15.0,0.44,45
12,0.1,15.0,0.46,0
12,0.1,15.0,0.48,0
12,0.1,15.0,0.5,0
12,0.1,15.0,0.52,135
12,0.1,15.0,0.54,135
12,0.1,15.0,0.56,135
12,0.1,15.0,0.58,0
12,0.1,15.0,0.6,0
12,0.1,15.0,0.62,0
12,0.1,15.0,0.64,135
12,0.1,15.0,0.66,135
12,0.1,15.0,0.68,0
12,0.1,15.0,0.7000000000000001,0
12,0.1,15.0,0.72,0
12,0.1,15.0,0.74,0
12,0.1,20.0,0.0,0
12,0.1,20.0,0.02,0
12,0.1,20.0,0.04,0
12,0.1,20.0,0.06,0
12,0.1,20.0,0.08,0
12,0.1,20.0,0.1,0
12,0.1,20.0,0.12,135
12,0.1,20.0,0.14,0
12,0.1,20.0,0.16,0
12,0.1,20.0,0.18,0
12,0.1,20.0,0.2,0
12,0.1,20.0,0.22,90
12,0.1,20.0,0.24,135
12,0.1,20.0,0.26,0
12,0.1,20.0,0.28,0
12,0.1,20.0,0.3,45
12,0.1,20.0,0.32,0
12,0.1,20.0,0.34,0
12,0.1,20.0,0.36,0
12,0.1,20.0,0.38,0
12,0.1,20.0,0.4,45
12,0.1,20.0,0.42,0
12,0.1,20.0,0.44,135
12,0.1,20.0,0.46,0
12,0.1,20.0,0.48,0
12,0.1,20.0,0.5,45
12,0.1,20.0,0.52,180
12,0.1,20.0,0.54,135
12,0.1,20.0,0.56,135
12,0.1,20.0,0.58,135
12,0.1,20.0,0.6,0
12,0.1,20.0,0.62,0
12,0.1,20.0,0.64,0
12,0.1,20.0,0.66,0
12,0.1,20.0,0.68,180
12,0.1,20.0,0.7000000000000001,180
12,0.1,20.0,0.72,0
12,0.1,20.0,0.74,135
12,0.1,25.0,0.0,0
12,0.1,25.0,0.02,0
12,0.1,25.0,0.04,0
12,0.1,25.0,0.06,45
12,0.1,25.0,0.08,0
12,0.1,25.0,0.1,0
12,0.1,25.0,0.12,0
12,0.1,25.0,0.14,0
12,0.1,25.0,0.16,45
12,0.1,25.0,0.18,135
12,0.1,25.0,0.2,135
12,0.1,25.0,0.22,135
12,0.1,25.0,0.24,135
12,0.1,25.0,0.26,45
12,0.1,25.0,0.28,135
12,0.1,25.0,0.3,0
12,0.1,25.0,0.32,0
12,0.1,25.0,0.34,0
12,0.1,25.0,0.36,90
12,0.1,25.0,0.38,45
12,0.1,25.0,0.4,180
12,0.1,25.0,0.42,180
12,0.1,25.0,0.44,135
12,0.1,25.0,0.46,135
12,0.1,25.0,0.48,45
12,0.1,25.0,0.5,45
12,0.1,25.0,0.52,0
12,0.1,25.0,0.54,0
12,0.1,25.0,0.56,90
12,0.1,25.0,0.58,135
12,0.1,25.0,0.6,45
12,0.1,25.0,0.62,0
12,0.1,25.0,0.64,0
12,0.1,25.0,0.66,90
12,0.1,25.0,0.68,135
12,0.1,25.0,0.7000000000000001,135
12,0.1,25.0,0.72,135
12,0.1,25.0,0.74,45
12,0.1,30.0,0.0,0
12,0.1,30.0,0.02,90
12,0.1,30.0,0.04,45
12,0.1,30.0,0.06,0
12,0.1,30.0,0.08,0
12,0.1,30.0,0.1,45
12,0.1,30.0,0.12,0
12,0.1,30.0,0.14,135
12,0.1,30.0,0.16,0
12,0.1,30.0,0.18,0
12,0.1,30.0,0.2,90
12,0.1,30.0,0.22,180
12,0.1,30.0,0.24,180
12,0.1,30.0,0.26,0
12,0.1,30.0,0.28,180
12,0.1,30.0,0.3,0
12,0.1,30.0,0.32,0
12,0.1,30.0,0.34,0
12,0.1,30.0,0.36,0
12,0.1,30.0,0.38,0
12,0.1,30.0,0.4,0
12,0.1,30.0,0.42,0
12,0.1,30.0,0.44,45
12,0.1,30.0,0.46,0
12,0.1,30.0,0.48,0
12,0.1,30.0,0.5,0
12,0.1,30.0,0.52,135
12,0.1,30.0,0.54,180
12,0.1,30.0,0.56,0
12,0.1,30.0,0.58,135
12,0.1,30.0,0.6,180
12,0.1,30.0,0.62,135
12,0.1,30.0,0.64,135
12,0.1,30.0,0.66,180
12,0.1,30.0,0.68,135
12,0.1,30.0,0.7000000000000001,0
12,0.1,30.0,0.72,0
12,0.1,30.0,0.74,180
12,0.1,40.0,0.0,0
12,0.1,40.0,0.02,0
12,0.1,40.0,0.04,0
12,0.1,40.0,0.06,0
12,0.1,40.0,0.08,0
12,0.1,40.0,0.1,0
12,0.1,40.0,0.12,45
12,0.1,40.0,0.14,45
12,0.1,40.0,0.16,135
12,0.1,40.0,0.18,0
12,0.1,40.0,0.2,45
12,0.1,40.0,0.22,135
12,0.1,40.0,0.24,90
12,0.1,40.0,0.26,180
12,0.1,40.0,0.28,0
12,0.1,40.0,0.3,45
12,0.1,40.0,0.32,90
12,0.1,40.0,0.34,90
12,0.1,40.0,0.36,0
12,0.1,40.0,0.38,135
12,0.1,40.0,0.4,90
12,0.1,40.0,0.42,135
12,0.1,40.0,0.44,45
12,0.1,40.0,0.46,0
12,0.1,40.0,0.48,90
12,0.1,40.0,0.5,0
12,0.1,40.0,0.52,0
12,0.1,40.0,0.54,135
12,0.1,40.0,0.56,135
12,0.1,40.0,0.58,135
12,0.1,40.0,0.6,180
12,0.1,40.0,0.62,135
12,0.1,40.0,0.64,90
12,0.1,40.0,0.66,135
12,0.1,40.0,0.68,90
12,0.1,40.0,0.7000000000000001,45
12,0.1,40.0,0.72,0
12,0.1,40.0,0.74,45
12,0.1,50.0,0.0,0
12,0.1,50.0,0.02,0
12,0.1,50.0,0.04,135
12,0.1,50.0,0.06,0
12,0.1,50.0,0.08,90
12,0.1,50.0,0.1,0
12,0.1,50.0,0.12,0
12,0.1,50.0,0.14,0
12,0.1,50.0,0.16,135
12,0.1,50.0,0.18,135
12,0.1,50.0,0.2,135
12,0.1,50.0,0.22,90
12,0.1,50.0,0.24,180
12,0.1,50.0,0.26,90
12,0.1,50.0,0.28,135
12,0.1,50.0,0.3,45
12,0.1,50.0,0.32,90
12,0.1,50.0,0.34,90
12,0.1,50.0,0.36,135
12,0.1,50.0,0.38,180
12,0.1,50.0,0.4,0
12,0.1,50.0,0.42,135
12,0.1,50.0,0.44,0
12,0.1,50.0,0.46,0
12,0.1,50.0,0.48,0
12,0.1,50.0,0.5,180
12,0.1,50.0,0.52,135
12,0.1,50.0,0.54,0
12,0.1,50.0,0.56,0
12,0.1,50.0,0.58,0
12,0.1,50.0,0.6,0
12,0.1,50.0,0.62,135
12,0.1,50.0,0.64,135
12,0.1,50.0,0.66,135
12,0.1,50.0,0.68,0
12,0.1,50.0,0.7000000000000001,0
12,0.1,50.0,0.72,45
12,0.1,50.0,0.74,0
12,0.1,100.0,0.0,0
12,0.1,100.0,0.02,135
12,0.1,100.0,0.04,0
12,0.1,100.0,0.06,135
12,0.1,100.0,0.08,135
12,0.1,100.0,0.1,135
12,0.1,100.0,0.12,135
12,0.1,100.0,0.14,90
12,0.1,100.0,0.16,45
12,0.1,100.0,0.18,135
12,0.1,100.0,0.2,180
12,0.1,100.0,0.22,0
12,0.1,100.0,0.24,0
12,0.1,100.0,0.26,0
12,0.1,100.0,0.28,45
12,0.1,100.0,0.3,45
12,0.1,100.0,0.32,0
12,0.1,100.0,0.34,0
12,0.1,100.0,0.36,45
12,0.1,100.0,0.38,45
12,0.1,100.0,0.4,45
12,0.1,100.0,0.42,45
12,0.1,100.0,0.44,0
12,0.1,100.0,0.46,0
12,0.1,100.0,0.48,0
12,0.1,100.0,0.5,0
12,0.1,100.0,0.52,0
12,0.1,100.0,0.54,0
12,0.1,100.0,0.56,0
12,0.1,100.0,0.58,0
12,0.1,100.0,0.6,0
12,0.1,100.0,0.62,0
12,0.1,100.0,0.64,0
12,0.1,100.0,0.66,0
12,0.1,100.0,0.68,45
12,0.1,100.0,0.7000000000000001,0
12,0.1,100.0,0.72,0
12,0.1,100.0,0.74,0
13,0.1,0.0,0.0,0
13,0.1,0.0,0.02,0
13,0.1,0.0,0.04,0
13,0.1,0.0,0.06,0
13,0.1,0.0,0.08,0
13,0.1,0.0,0.1,0
13,0.1,0.0,0.12,0
13,0.1,0.0,0.14,45
13,0.1,0.0,0.16,0
13,0.1,0.0,0.18,0
13,0.1,0.0,0.2,0
13,0.1,0.0,0.22,0
13,0.1,0.0,0.24,0
13,0.1,0.0,0.26,0
13,0.1,0.0,0.28,0
13,0.1,0.0,0.3,0
13,0.1,0.0,0.32,0
13,0.1,0.0,0.34,0
13,0.1,0.0,0.36,0
13,0.1,0.0,0.38,0
13,0.1,0.0,0.4,0
13,0.1,0.0,0.42,0
13,0.1,0.0,0.44,0
13,0.1,0.0,0.46,0
13,0.1,0.0,0.48,0
13,0.1,0.0,0.5,0
13,0.1,0.0,0.52,0
13,0.1,0.0,0.54,0
13,0.1,0.0,0.56,0
13,0.1,0.0,0.58,45
13,0.1,0.0,0.6,0
13,0.1,0.0,0.62,0
13,0.1,0.0,0.64,0
13,0.1,0.0,0.66,0
13,0.1,0.0,0.68,135
13,0.1,0.0,0.7000000000000001,0
13,0.1,0.0,0.72,0
13,0.1,0.0,0.74,0
13,0.1,5.0,0.0,0
13,0.1,5.0,0.02,0
13,0.1,5.0,0.04,0
13,0.1,5.0,0.06,0
13,0.1,5.0,0.08,0
13,0.1,5.0,0.1,0
13,0.1,5.0,0.12,0
13,0.1,5.0,0.14,0
13,0.1,5.0,0.16,0
13,0.1,5.0,0.18,0
13,0.1,5.0,0.2,0
13,0.1,5.0,0.22,0
13,0.1,5.0,0.24,0
13,0.1,5.0,0.26,0
13,0.1,5.0,0.28,0
13,0.1,5.0,0.3,0
13,0.1,5.0,0.32,0
13,0.1,5.0,0.34,0
13,0.1,5.0,0.36,0
13,0.1,5.0,0.38,0
13,0.1,5.0,0.4,0
13,0.1,5.0,0.42,0
13,0.1,5.0,0.44,0
13,0.1,5.0,0.46,0
13,0.1,5.0,0.48,0
13,0.1,5.0,0.5,0
13,0.1,5.0,0.52,0
13,0.1,5.0,0.54,0
13,0.1,5.0,0.56,45
13,0.1,5.0,0.58,0
13,0.1,5.0,0.6,0
13,0.1,5.0,0.62,0
13,0.1,5.0,0.64,0
13,0.1,5.0,0.66,135
13,0.1,5.0,0.68,45
13,0.1,5.0,0.7000000000000001,0
13,0.1,5.0,0.72,0
13,0.1,5.0,0.74,0
13,0.1,10.0,0.0,0
13,0.1,10.0,0.02,0
13,0.1,10.0,0.04,0
13,0.1,10.0,0.06,90
13,0.1,10.0,0.08,0
13,0.1,10.0,0.1,0
13,0.1,10.0,0.12,0
13,0.1,10.0,0.14,0
13,0.1,10.0,0.16,135
13,0.1,10.0,0.18,90
13,0.1,10.0,0.2,0
13,0.1,10.0,0.22,0
13,0.1,10.0,0.24,0
13,0.1,10.0,0.26,0
13,0.1,10.0,0.28,0
13,0.1,10.0,0.3,0
13,0.1,10.0,0.32,0
13,0.1,10.0,0.34,0
13,0.1,10.0,0.36,45
13,0.1,10.0,0.38,135
13,0.1,10.0,0.4,135
13,0.1,10.0,0.42,0
13,0.1,10.0,0.44,0
13,0.1,10.0,0.46,0
13,0.1,10.0,0.48,0
13,0.1,10.0,0.5,0
13,0.1,10.0,0.52,135
13,0.1,10.0,0.54,45
13,0.1,10.0,0.56,0
13,0.1,10.0,0.58,90
13,0.1,10.0,0.6,0
13,0.1,10.0,0.62,0
13,0.1,10.0,0.64,0
13,0.1,10.0,0.66,135
13,0.1,10.0,0.68,135
13,0.1,10.0,0.7000000000000001,0
13,0.1,10.0,0.72,45
13,0.1,10.0,0.74,0
13,0.1,15.0,0.0,45
13,0.1,15.0,0.02,45
13,0.1,15.0,0.04,0
13,0.1,15.0,0.06,0
13,0.1,15.0,0.08,0
13,0.1,15.0,0.1,0
13,0.1,15.0,0.12,0
13,0.1,15.0,0.14,0
13,0.1,15.0,0.16,135
13,0.1,15.0,0.18,0
13,0.1,15.0,0.2,0
13,0.1,15.0,0.22,90
13,0.1,15.0,0.24,0
13,0.1,15.0,0.26,0
13,0.1,15.0,0.28,0
13,0.1,15.0,0.3,0
13,0.1,15.0,0.32,0
13,0.1,15.0,0.34,0
13,0.1,15.0,0.36,0
13,0.1,15.0,0.38,90
13,0.1,15.0,0.4,180
13,0.1,15.0,0.42,90
13,0.1,15.0,0.44,0
13,0.1,15.0,0.46,0
13,0.1,15.0,0.48,0
13,0.1,15.0,0.5,0
13,0.1,15.0,0.52,135
13,0.1,15.0,0.54,0
13,0.1,15.0,0.56,0
13,0.1,15.0,0.58,0
13,0.1,15.0,0.6,0
13,0.1,15.0,0.62,0
13,0.1,15.0,0.64,90
13,0.1,15.0,0.66,0
13,0.1,15.0,0.68,45
13,0.1,15.0,0.7000000000000001,45
13,0.1,15.0,0.72,0
13,0.1,15.0,0.74,135
13,0.1,20.0,0.0,0
13,0.1,20.0,0.02,0
13,0.1,20.0,0.04,0
13,0.1,20.0,0.06,135
13,0.1,20.0,0.08,0
13,0.1,20.0,0.1,0
13,0.1,20.0,0.12,0
13,0.1,20.0,0.14,0
13,0.1,20.0,0.16,45
13,0.1,20.0,0.18,0
13,0.1,20.0,0.2,90
13,0.1,20.0,0.22,0
13,0.1,20.0,0.24,0
13,0.1,20.0,0.26,0
13,0.1,20.0,0.28,0
13,0.1,20.0,0.3,90
13,0.1,20.0,0.32,0
13,0.1,20.0,0.34,0
13,0.1,20.0,0.36,90
13,0.1,20.0,0.38,90
13,0.1,20.0,0.4,135
13,0.1,20.0,0.42,0
13,0.1,20.0,0.44,0
13,0.1,20.0,0.46,0
13,0.1,20.0,0.48,0
13,0.1,20.0,0.5,0
13,0.1,20.0,0.52,0
13,0.1,20.0,0.54,135
13,0.1,20.0,0.56,0
13,0.1,20.0,0.58,0
13,0.1,20.0,0.6,0
13,0.1,20.0,0.62,45
13,0.1,20.0,0.64,0
13,0.1,20.0,0.66,0
13,0.1,20.0,0.68,0
13,0.1,20.0,0.7000000000000001,0
13,0.1,20.0,0.72,45
13,0.1,20.0,0.74,0
13,0.1,25.0,0.0,0
13,0.1,25.0,0.02,135
13,0.1,25.0,0.04,135
13,0.1,25.0,0.06,90
13,0.1,25.0,0.08,90
13,0.1,25.0,0.1,180
13,0.1,25.0,0.12,180
13,0.1,25.0,0.14,90
13,0.1,25.0,0.16,135
13,0.1,25.0,0.18,0
13,0.1,25.0,0.2,0
13,0.1,25.0,0.22,0
13,0.1,25.0,0.24,90
13,0.1,25.0,0.26,0
13,0.1,25.0,0.28,0
13,0.1,25.0,0.3,0
13,0.1,25.0,0.32,0
13,0.1,25.0,0.34,0
13,0.1,25.0,0.36,0
13,0.1,25.0,0.38,180
13,0.1,25.0,0.4,0
13,0.1,25.0,0.42,0
13,0.1,25.0,0.44,45
13,0.1,25.0,0.46,0
13,0.1,25.0,0.48,0
13,0.1,25.0,0.5,45
13,0.1,25.0,0.52,45
13,0.1,25.0,0.54,135
13,0.1,25.0,0.56,90
13,0.1,25.0,0.58,180
13,0.1,25.0,0.6,135
13,0.1,25.0,0.62,0
13,0.1,25.0,0.64,135
13,0.1,25.0,0.66,180
13,0.1,25.0,0.68,180
13,0.1,25.0,0.7000000000000001,0
13,0.1,25.0,0.72,0
13,0.1,25.0,0.74,0
13,0.1,30.0,0.0,0
13,0.1,30.0,0.02,45
13,0.1,30.0,0.04,0
13,0.1,30.0,0.06,135
13,0.1,30.0,0.08,135
13,0.1,30.0,0.1,135
13,0.1,30.0,0.12,45
13,0.1,30.0,0.14,0
13,0.1,30.0,0.16,90
13,0.1,30.0,0.18,0
13,0.1,30.0,0.2,0
13,0.1,30.0,0.22,0
13,0.1,30.0,0.24,180
13,0.1,30.0,0.26,45
13,0.1,30.0,0.28,45
13,0.1,30.0,0.3,90
13,0.1,30.0,0.32,45
13,0.1,30.0,0.34,45
13,0.1,30.0,0.36,0
13,0.1,30.0,0.38,0
13,0.1,30.0,0.4,0
13,0.1,30.0,0.42,45
13,0.1,30.0,0.44,90
13,0.1,30.0,0.46,90
13,0.1,30.0,0.48,0
13,0.1,30.0,0.5,0
13,0.1,30.0,0.52,180
13,0.1,30.0,0.54,90
13,0.1,30.0,0.56,45
13,0.1,30.0,0.58,45
13,0.1,30.0,0.6,90
13,0.1,30.0,0.62,0
13,0.1,30.0,0.64,0
13,0.1,30.0,0.66,0
13,0.1,30.0,0.68,0
13,0.1,30.0,0.7000000000000001,45
13,0.1,30.0,0.72,45
13,0.1,30.0,0.74,45
13,0.1,40.0,0.0,0
13,0.1,40.0,0.02,0
13,0.1,40.0,0.04,135
13,0.1,40.0,0.06,135
13,0.1,40.0,0.08,0
13,0.1,40.0,0.1,0
13,0.1,40.0,0.12,135
13,0.1,40.0,0.14,135
13,0.1,40.0,0.16,180
13,0.1,40.0,0.18,0
13,0.1,40.0,0.2,0
13,0.1,40.0,0.22,135
13,0.1,40.0,0.24,0
13,0.1,40.0,0.26,180
13,0.1,40.0,0.28,180
13,0.1,40.0,0.3,90
13,0.1,40.0,0.32,180
13,0.1,40.0,0.34,90
13,0.1,40.0,0.36,0
13,0.1,40.0,0.38,90
13,0.1,40.0,0.4,135
13,0.1,40.0,0.42,0
13,0.1,40.0,0.44,0
13,0.1,40.0,0.46,90
13,0.1,40.0,0.48,0
13,0.1,40.0,0.5,45
13,0.1,40.0,0.52,90
13,0.1,40.0,0.54,135
13,0.1,40.0,0.56,45
13,0.1,40.0,0.58,0
13,0.1,40.0,0.6,0
13,0.1,40.0,0.62,135
13,0.1,40.0,0.64,135
13,0.1,40.0,0.66,0
13,0.1,40.0,0.68,0
13,0.1,40.0,0.7000000000000001,0
13,0.1,40.0,0.72,0
13,0.1,40.0,0.74,0
13,0.1,50.0,0.0,0
13,0.1,50.0,0.02,0
13,0.1,50.0,0.04,0
13,0.1,50.0,0.06,45
13,0.1,50.0,0.08,135
13,0.1,50.0,0.1,0
13,0.1,50.0,0.12,45
13,0.1,50.0,0.14,135
13,0.1,50.0,0.16,0
13,0.1,50.0,0.18,45
13,0.1,50.0,0.2,90
13,0.1,50.0,0.22,135
13,0.1,50.0,0.24,90
13,0.1,50.0,0.26,135
13,0.1,50.0,0.28,0
13,0.1,50.0,0.3,0
13,0.1,50.0,0.32,45
13,0.1,50.0,0.34,0
13,0.1,50.0,0.36,135
13,0.1,50.0,0.38,45
13,0.1,50.0,0.4,45
13,0.1,50.0,0.42,0
13,0.1,50.0,0.44,135
13,0.1,50.0,0.46,135
13,0.1,50.0,0.48,135
13,0.1,50.0,0.5,135
13,0.1,50.0,0.52,0
13,0.1,50.0,0.54,0
13,0.1,50.0,0.56,45
13,0.1,50.0,0.58,135
13,0.1,50.0,0.6,90
13,0.1,50.0,0.62,135
13,0.1,50.0,0.64,0
13,0.1,50.0,0.66,0
13,0.1,50.0,0.68,0
13,0.1,50.0,0.7000000000000001,135
13,0.1,50.0,0.72,90
13,0.1,50.0,0.74,135
13,0.1,100.0,0.0,0
13,0.1,100.0,0.02,0
13,0.1,100.0,0.04,180
13,0.1,100.0,0.06,135
13,0.1,100.0,0.08,45
13,0.1,100.0,0.1,0
13,0.1,100.0,0.12,90
13,0.1,100.0,0.14,90
13,0.1,100.0,0.16,180
13,0.1,100.0,0.18,45
13,0.1,100.0,0.2,90
13,0.1,100.0,0.22,180
13,0.1,100.0,0.24,0
13,0.1,100.0,0.26,0
13,0.1,100.0,0.28,0
13,0.1,100.0,0.3,0
13,0.1,100.0,0.32,135
13,0.1,100.0,0.34,0
13,0.1,100.0,0.36,135
13,0.1,100.0,0.38,45
13,0.1,100.0,0.4,180
13,0.1,100.0,0.42,180
13,0.1,100.0,0.44,90
13,0.1,100.0,0.46,45
13,0.1,100.0,0.48,45
13,0.1,100.0,0.5,180
13,0.1,100.0,0.52,135
13,0.1,100.0,0.54,0
13,0.1,100.0,0.56,180
13,0.1,100.0,0.58,90
13,0.1,100.0,0.6,0
13,0.1,100.0,0.62,90
13,0.1,100.0,0.64,45
13,0.1,100.0,0.66,45
13,0.1,100.0,0.68,135
13,0.1,100.0,0.7000000000000001,0
13,0.1,100.0,0.72,135
13,0.1,100.0,0.74,135
14,0.1,0.0,0.0,0
14,0.1,0.0,0.02,0
14,0.1,0.0,0.04,0
14,0.1,0.0,0.06,0
14,0.1,0.0,0.08,0
14,0.1,0.0,0.1,0
14,0.1,0.0,0.12,0
14,0.1,0.0,0.14,0
14,0.1,0.0,0.16,0
14,0.1,0.0,0.18,0
14,0.1,0.0,0.2,0
14,0.1,0.0,0.22,0
14,0.1,0.0,0.24,0
14,0.1,0.0,0.26,0
14,0.1,0.0,0.28,0
14,0.1,0.0,0.3,45
14,0.1,0.0,0.32,0
14,0.1,0.0,0.34,45
14,0.1,0.0,0.36,0
14,0.1,0.0,0.38,0
14,0.1,0.0,0.4,0
14,0.1,0.0,0.42,0
14,0.1,0.0,0.44,0
14,0.1,0.0,0.46,0
14,0.1,0.0,0.48,0
14,0.1,0.0,0.5,0
14,0.1,0.0,0.52,0
14,0.1,0.0,0.54,0
14,0.1,0.0,0.56,0
14,0.1,0.0,0.58,0
14,0.1,0.0,0.6,0
14,0.1,0.0,0.62,0
14,0.1,0.0,0.64,0
14,0.1,0.0,0.66,0
14,0.1,0.0,0.68,0
14,0.1,0.0,0.7000000000000001,0
14,0.1,0.0,0.72,0
14,0.1,0.0,0.74,0
14,0.1,5.0,0.0,0
14,0.1,5.0,0.02,0
14,0.1,5.0,0.04,0
14,0.1,5.0,0.06,0
14,0.1,5.0,0.08,0
14,0.1,5.0,0.1,45
14,0.1,5.0,0.12,0
14,0.1,5.0,0.14,0
14,0.1,5.0,0.16,0
14,0.1,5.0,0.18,0
14,0.1,5.0,0.2,0
14,0.1,5.0,0.22,0
14,0.1,5.0,0.24,0
14,0.1,5.0,0.26,0
14,0.1,5.0,0.28,0
14,0.1,5.0,0.3,0
14,0.1,5.0,0.32,0
14,0.1,5.0,0.34,0
14,0.1,5.0,0.36,45
14,0.1,5.0,0.38,0
14,0.1,5.0,0.4,0
14,0.1,5.0,0.42,0
14,0.1,5.0,0.44,0
14,0.1,5.0,0.46,0
14,0.1,5.0,0.48,0
14,0.1,5.0,0.5,0
14,0.1,5.0,0.52,0
14,0.1,5.0,0.54,0
14,0.1,5.0,0.56,0
14,0.1,5.0,0.58,0
14,0.1,5.0,0.6,0
14,0.1,5.0,0.62,135
14,0.1,5.0,0.64,0
14,0.1,5.0,0.66,0
14,0.1,5.0,0.68,0
14,0.1,5.0,0.7000000000000001,0
14,0.1,5.0,0.72,0
14,0.1,5.0,0.74,0
14,0.1,10.0,0.0,0
14,0.1,10.0,0.02,0
14,0.1,10.0,0.04,90
14,0.1,10.0,0.06,0
14,0.1,10.0,0.08,0
14,0.1,10.0,0.1,0
14,0.1,10.0,0.12,0
14,0.1,10.0,0.14,0
14,0.1,10.0,0.16,0
14,0.1,10.0,0.18,135
14,0.1,10.0,0.2,135
14,0.1,10.0,0.22,135
14,0.1,10.0,0.24,0
14,0.1,10.0,0.26,0
14,0.1,10.0,0.28,0
14,0.1,10.0,0.3,0
14,0.1,10.0,0.32,0
14,0.1,10.0,0.34,0
14,0.1,10.0,0.36,0
14,0.1,10.0,0.38,0
14,0.1,10.0,0.4,0
14,0.1,10.0,0.42,0
14,0.1,10.0,0.44,0
14,0.1,10.0,0.46,0
14,0.1,10.0,0.48,0
14,0.1,10.0,0.5,135
14,0.1,10.0,0.52,135
14,0.1,10.0,0.54,135
14,0.1,10.0,0.56,0
14,0.1,10.0,0.58,0
14,0.1,10.0,0.6,45
14,0.1,10.0,0.62,0
14,0.1,10.0,0.64,0
14,0.1,10.0,0.66,0
14,0.1,10.0,0.68,0
14,0.1,10.0,0.7000000000000001,0
14,0.1,10.0,0.72,90
14,0.1,10.0,0.74,90
14,0.1,15.0,0.0,0
14,0.1,15.0,0.02,0
14,0.1,15.0,0.04,0
14,0.1,15.0,0.06,135
14,0.1,15.0,0.08,135
14,0.1,15.0,0.1,135
14,0.1,15.0,0.12,135
14,0.1,15.0,0.14,135
14,0.1,15.0,0.16,0
14,0.1,15.0,0.18,45
14,0.1,15.0,0.2,90
14,0.1,15.0,0.22,180
14,0.1,15.0,0.24,90
14,0.1,15.0,0.26,0
14,0.1,15.0,0.28,90
14,0.1,15.0,0.3,135
14,0.1,15.0,0.32,45
14,0.1,15.0,0.34,0
14,0.1,15.0,0.36,0
14,0.1,15.0,0.38,0
14,0.1,15.0,0.4,0
14,0.1,15.0,0.42,0
14,0.1,15.0,0.44,0
14,0.1,15.0,0.46,0
14,0.1,15.0,0.48,0
14,0.1,15.0,0.5,0
14,0.1,15.0,0.52,0
14,0.1,15.0,0.54,0
14,0.1,15.0,0.56,0
14,0.1,15.0,0.58,0
14,0.1,15.0,0.6,90
14,0.1,15.0,0.62,45
14,0.1,15.0,0.64,135
14,0.1,15.0,0.66,90
14,0.1,15.0,0.68,0
14,0.1,15.0,0.7000000000000001,45
14,0.1,15.0,0.72,45
14,0.1,15.0,0.74,45
14,0.1,20.0,0.0,45
14,0.1,20.0,0.02,90
14,0.1,20.0,0.04,90
14,0.1,20.0,0.06,135
14,0.1,20.0,0.08,90
14,0.1,20.0,0.1,0
14,0.1,20.0,0.12,45
14,0.1,20.0,0.14,0
14,0.1,20.0,0.16,0
14,0.1,20.0,0.18,45
14,0.1,20.0,0.2,45
14,0.1,20.0,0.22,45
14,0.1,20.0,0.24,0
14,0.1,20.0,0.26,180
14,0.1,20.0,0.28,135
14,0.1,20.0,0.3,0
14,0.1,20.0,0.32,0
14,0.1,20.0,0.34,0
14,0.1,20.0,0.36,90
14,0.1,20.0,0.38,0
14,0.1,20.0,0.4,0
14,0.1,20.0,0.42,0
14,0.1,20.0,0.44,90
14,0.1,20.0,0.46,135
14,0.1,20.0,0.48,0
14,0.1,20.0,0.5,0
14,0.1,20.0,0.52,90
14,0.1,20.0,0.54,135
14,0.1,20.0,0.56,180
14,0.1,20.0,0.58,90
14,0.1,20.0,0.6,0
14,0.1,20.0,0.62,45
14,0.1,20.0,0.64,90
14,0.1,20.0,0.66,90
14,0.1,20.0,0.68,0
14,0.1,20.0,0.7000000000000001,90
14,0.1,20.0,0.72,0
14,0.1,20.0,0.74,0
14,0.1,25.0,0.0,0
14,0.1,25.0,0.02,0
14,0.1,25.0,0.04,180
14,0.1,25.0,0.06,180
14,0.1,25.0,0.08,135
14,0.1,25.0,0.1,135
14,0.1,25.0,0.12,180
14,0.1,25.0,0.14,45
14,0.1,25.0,0.16,0
14,0.1,25.0,0.18,45
14,0.1,25.0,0.2,135
14,0.1,25.0,0.22,0
14,0.1,25.0,0.24,0
14,0.1,25.0,0.26,135
14,0.1,25.0,0.28,0
14,0.1,25.0,0.3,45
14,0.1,25.0,0.32,0
14,0.1,25.0,0.34,0
14,0.1,25.0,0.36,0
14,0.1,25.0,0.38,0
14,0.1,25.0,0.4,90
14,0.1,25.0,0.42,45
14,0.1,25.0,0.44,0
14,0.1,25.0,0.46,135
14,0.1,25.0,0.48,135
14,0.1,25.0,0.5,180
14,0.1,25.0,0.52,135
14,0.1,25.0,0.54,135
14,0.1,25.0,0.56,45
14,0.1,25.0,0.58,45
14,0.1,25.0,0.6,135
14,0.1,25.0,0.62,135
14,0.1,25.0,0.64,135
14,0.1,25.0,0.66,135
14,0.1,25.0,0.68,135
14,0.1,25.0,0.7000000000000001,90
14,0.1,25.0,0.72,180
14,0.1,25.0,0.74,0
14,0.1,30.0,0.0,0
14,0.1,30.0,0.02,0
14,0.1,30.0,0.04,0
14,0.1,30.0,0.06,0
14,0.1,30.0,0.08,180
14,0.1,30.0,0.1,180
14,0.1,30.0,0.12,135
14,0.1,30.0,0.14,135
14,0.1,30.0,0.16,135
14,0.1,30.0,0.18,135
14,0.1,30.0,0.2,45
14,0.1,30.0,0.22,135
14,0.1,30.0,0.24,135
14,0.1,30.0,0.26,135
14,0.1,30.0,0.28,0
14,0.1,30.0,0.3,45
14,0.1,30.0,0.32,0
14,0.1,30.0,0.34,45
14,0.1,30.0,0.36,135
14,0.1,30.0,0.38,135
14,0.1,30.0,0.4,0
14,0.1,30.0,0.42,135
14,0.1,30.0,0.44,180
14,0.1,30.0,0.46,180
14,0.1,30.0,0.48,180
14,0.1,30.0,0.5,0
14,0.1,30.0,0.52,0
14,0.1,30.0,0.54,0
14,0.1,30.0,0.56,135
14,0.1,30.0,0.58,45
14,0.1,30.0,0.6,0
14,0.1,30.0,0.62,135
14,0.1,30.0,0.64,90
14,0.1,30.0,0.66,90
14,0.1,30.0,0.68,0
14,0.1,30.0,0.7000000000000001,0
14,0.1,30.0,0.72,45
14,0.1,30.0,0.74,0
14,0.1,40.0,0.0,0
14,0.1,40.0,0.02,90
14,0.1,40.0,0.04,135
14,0.1,40.0,0.06,135
14,0.1,40.0,0.08,135
14,0.1,40.0,0.1,135
14,0.1,40.0,0.12,0
14,0.1,40.0,0.14,0
14,0.1,40.0,0.16,45
14,0.1,40.0,0.18,0
14,0.1,40.0,0.2,135
14,0.1,40.0,0.22,0
14,0.1,40.0,0.24,0
14,0.1,40.0,0.26,45
14,0.1,40.0,0.28,0
14,0.1,40.0,0.3,45
14,0.1,40.0,0.32,0
14,0.1,40.0,0.34,0
14,0.1,40.0,0.36,0
14,0.1,40.0,0.38,0
14,0.1,40.0,0.4,0
14,0.1,40.0,0.42,90
14,0.1,40.0,0.44,135
14,0.1,40.0,0.46,0
14,0.1,40.0,0.48,0
14,0.1,40.0,0.5,45
14,0.1,40.0,0.52,0
14,0.1,40.0,0.54,0
14,0.1,40.0,0.56,45
14,0.1,40.0,0.58,90
14,0.1,40.0,0.6,135
14,0.1,40.0,0.62,135
14,0.1,40.0,0.64,135
14,0.1,40.0,0.66,135
14,0.1,40.0,0.68,0
14,0.1,40.0,0.7000000000000001,135
14,0.1,40.0,0.72,135
14,0.1,40.0,0.74,45
14,0.1,50.0,0.0,0
14,0.1,50.0,0.02,0
14,0.1,50.0,0.04,0
14,0.1,50.0,0.06,0
14,0.1,50.0,0.08,135
14,0.1,50.0,0.1,90
14,0.1,50.0,0.12,0
14,0.1,50.0,0.14,0
14,0.1,50.0,0.16,0
14,0.1,50.0,0.18,0
14,0.1,50.0,0.2,0
14,0.1,50.0,0.22,0
14,0.1,50.0,0.24,0
14,0.1,50.0,0.26,0
14,0.1,50.0,0.28,0
14,0.1,50.0,0.3,135
14,0.1,50.0,0.32,180
14,0.1,50.0,0.34,135
14,0.1,50.0,0.36,135
14,0.1,50.0,0.38,0
14,0.1,50.0,0.4,135
14,0.1,50.0,0.42,90
14,0.1,50.0,0.44,135
14,0.1,50.0,0.46,0
14,0.1,50.0,0.48,90
14,0.1,50.0,0.5,0
14,0.1,50.0,0.52,0
14,0.1,50.0,0.54,0
14,0.1,50.0,0.56,0
14,0.1,50.0,0.58,0
14,0.1,50.0,0.6,0
14,0.1,50.0,0.62,0
14,0.1,50.0,0.64,180
14,0.1,50.0,0.66,45
14,0.1,50.0,0.68,45
14,0.1,50.0,0.7000000000000001,135
14,0.1,50.0,0.72,135
14,0.1,50.0,0.74,90
14,0.1,100.0,0.0,0
14,0.1,100.0,0.02,90
14,0.1,100.0,0.04,0
14,0.1,100.0,0.06,90
14,0.1,100.0,0.08,0
14,0.1,100.0,0.1,180
14,0.1,100.0,0.12,0
14,0.1,100.0,0.14,45
14,0.1,100.0,0.16,90
14,0.1,100.0,0.18,135
14,0.1,100.0,0.2,135
14,0.1,100.0,0.22,90
14,0.1,100.0,0.24,180
14,0.1,100.0,0.26,180
14,0.1,100.0,0.28,135
14,0.1,100.0,0.3,135
14,0.1,100.0,0.32,180
14,0.1,100.0,0.34,0
14,0.1,100.0,0.36,90
14,0.1,100.0,0.38,0
14,0.1,100.0,0.4,0
14,0.1,100.0,0.42,0
14,0.1,100.0,0.44,180
14,0.1,100.0,0.46,180
14,0.1,100.0,0.48,0
14,0.1,100.0,0.5,0
14,0.1,100.0,0.52,0
14,0.1,100.0,0.54,0
14,0.1,100.0,0.56,90
14,0.1,100.0,0.58,90
14,0.1,100.0,0.6,0
14,0.1,100.0,0.62,45
14,0.1,100.0,0.64,0
14,0.1,100.0,0.66,0
14,0.1,100.0,0.68,0
14,0.1,100.0,0.7000000000000001,0
14,0.1,100.0,0.72,0
14,0.1,100.0,0.74,0
15,0.1,0.0,0.0,0
15,0.1,0.0,0.02,0
15,0.1,0.0,0.04,0
15,0.1,0.0,0.06,0
15,0.1,0.0,0.08,0
15,0.1,0.0,0.1,0
15,0.1,0.0,0.12,0
15,0.1,0.0,0.14,0
15,0.1,0.0,0.16,0
15,0.1,0.0,0.18,0
15,0.1,0.0,0.2,0
15,0.1,0.0,0.22,0
15,0.1,0.0,0.24,0
15,0.1,0.0,0.26,0
15,0.1,0.0,0.28,0
15,0.1,0.0,0.3,0
15,0.1,0.0,0.32,0
15,0.1,0.0,0.34,0
15,0.1,0.0,0.36,0
15,0.1,0.0,0.38,0
15,0.1,0.0,0.4,0
15,0.1,0.0,0.42,0
15,0.1,0.0,0.44,0
15,0.1,0.0,0.46,0
15,0.1,0.0,0.48,0
15,0.1,0.0,0.5,0
15,0.1,0.0,0.52,0
15,0.1,0.0,0.54,0
15,0.1,0.0,0.56,0
15,0.1,0.0,0.58,0
15,0.1,0.0,0.6,0
15,0.1,0.0,0.62,0
15,0.1,0.0,0.64,0
15,0.1,0.0,0.66,45
15,0.1,0.0,0.68,0
15,0.1,0.0,0.7000000000000001,0
15,0.1,0.0,0.72,0
15,0.1,0.0,0.74,0
15,0.1,5.0,0.0,0
15,0.1,5.0,0.02,0
15,0.1,5.0,0.04,0
15,0.1,5.0,0.06,0
15,0.1,5.0,0.08,0
15,0.1,5.0,0.1,135
15,0.1,5.0,0.12,0
15,0.1,5.0,0.14,180
15,0.1,5.0,0.16,135
15,0.1,5.0,0.18,90
15,0.1,5.0,0.2,0
15,0.1,5.0,0.22,45
15,0.1,5.0,0.24,0
15,0.1,5.0,0.26,0
15,0.1,5.0,0.28,135
15,0.1,5.0,0.3,90
15,0.1,5.0,0.32,0
15,0.1,5.0,0.34,0
15,0.1,5.0,0.36,0
15,0.1,5.0,0.38,0
15,0.1,5.0,0.4,0
15,0.1,5.0,0.42,0
15,0.1,5.0,0.44,45
15,0.1,5.0,0.46,0
15,0.1,5.0,0.48,0
15,0.1,5.0,0.5,0
15,0.1,5.0,0.52,0
15,0.1,5.0,0.54,0
15,0.1,5.0,0.56,0
15,0.1,5.0,0.58,0
15,0.1,5.0,0.6,0
15,0.1,5.0,0.62,0
15,0.1,5.0,0.64,0
15,0.1,5.0,0.66,135
15,0.1,5.0,0.68,135
15,0.1,5.0,0.7000000000000001,90
15,0.1,5.0,0.72,0
15,0.1,5.0,0.74,45
15,0.1,10.0,0.0,0
15,0.1,10.0,0.02,90
15,0.1,10.0,0.04,180
15,0.1,10.0,0.06,45
15,0.1,10.0,0.08,0
15,0.1,10.0,0.1,45
15,0.1,10.0,0.12,0
15,0.1,10.0,0.14,90
15,0.1,10.0,0.16,135
15,0.1,10.0,0.18,90
15,0.1,10.0,0.2,0
15,0.1,10.0,0.22,45
15,0.1,10.0,0.24,0
15,0.1,10.0,0.26,45
15,0.1,10.0,0.28,45
15,0.1,10.0,0.3,0
15,0.1,10.0,0.32,0
15,0.1,10.0,0.34,0
15,0.1,10.0,0.36,0
15,0.1,10.0,0.38,0
15,0.1,10.0,0.4,0
15,0.1,10.0,0.42,135
15,0.1,10.0,0.44,135
15,0.1,10.0,0.46,90
15,0.1,10.0,0.48,45
15,0.1,10.0,0.5,0
15,0.1,10.0,0.52,0
15,0.1,10.0,0.54,0
15,0.1,10.0,0.56,45
15,0.1,10.0,0.58,0
15,0.1,10.0,0.6,0
15,0.1,10.0,0.62,135
15,0.1,10.0,0.64,180
15,0.1,10.0,0.66,135
15,0.1,10.0,0.68,180
15,0.1,10.0,0.7000000000000001,90
15,0.1,10.0,0.72,0
15,0.1,10.0,0.74,135
15,0.1,15.0,0.0,0
15,0.1,15.0,0.02,0
15,0.1,15.0,0.04,0
15,0.1,15.0,0.06,135
15,0.1,15.0,0.08,0
15,0.1,15.0,0.1,0
15,0.1,15.0,0.12,0
15,0.1,15.0,0.14,0
15,0.1,15.0,0.16,0
15,0.1,15.0,0.18,0
15,0.1,15.0,0.2,0
15,0.1,15.0,0.22,0
15,0.1,15.0,0.24,0
15,0.1,15.0,0.26,0
15,0.1,15.0,0.28,0
15,0.1,15.0,0.3,0
15,0.1,15.0,0.32,0
15,0.1,15.0,0.34,135
15,0.1,15.0,0.36,180
15,0.1,15.0,0.38,135
15,0.1,15.0,0.4,135
15,0.1,15.0,0.42,135
15,0.1,15.0,0.44,180
15,0.1,15.0,0.46,180
15,0.1,15.0,0.48,135
15,0.1,15.0,0.5,180
15,0.1,15.0,0.52,45
15,0.1,15.0,0.54,0
15,0.1,15.0,0.56,0
15,0.1,15.0,0.58,90
15,0.1,15.0,0.6,0
15,0.1,15.0,0.62,0
15,0.1,15.0,0.64,0
15,0.1,15.0,0.66,45
15,0.1,15.0,0.68,45
15,0.1,15.0,0.7000000000000001,0
15,0.1,15.0,0.72,0
15,0.1,15.0,0.74,0
15,0.1,20.0,0.0,0
15,0.1,20.0,0.02,0
15,0.1,20.0,0.04,0
15,0.1,20.0,0.06,135
15,0.1,20.0,0.08,135
15,0.1,20.0,0.1,0
15,0.1,20.0,0.12,0
15,0.1,20.0,0.14,135
15,0.1,20.0,0.16,0
15,0.1,20.0,0.18,0
15,0.1,20.0,0.2,0
15,0.1,20.0,0.22,0
15,0.1,20.0,0.24,0
15,0.1,20.0,0.26,0
15,0.1,20.0,0.28,0
15,0.1,20.0,0.3,90
15,0.1,20.0,0.32,0
15,0.1,20.0,0.34,0
15,0.1,20.0,0.36,135
15,0.1,20.0,0.38,135
15,0.1,20.0,0.4,135
15,0.1,20.0,0.42,90
15,0.1,20.0,0.44,135
15,0.1,20.0,0.46,0
15,0.1,20.0,0.48,135
15,0.1,20.0,0.5,90
15,0.1,20.0,0.52,0
15,0.1,20.0,0.54,0
15,0.1,20.0,0.56,135
15,0.1,20.0,0.58,135
15,0.1,20.0,0.6,0
15,0.1,20.0,0.62,135
15,0.1,20.0,0.64,135
15,0.1,20.0,0.66,135
15,0.1,20.0,0.68,135
15,0.1,20.0,0.7000000000000001,180
15,0.1,20.0,0.72,90
15,0.1,20.0,0.74,135
15,0.1,25.0,0.0,0
15,0.1,25.0,0.02,0
15,0.1,25.0,0.04,90
15,0.1,25.0,0.06,135
15,0.1,25.0,0.08,180
15,0.1,25.0,0.1,135
15,0.1,25.0,0.12,135
15,0.1,25.0,0.14,0
15,0.1,25.0,0.16,0
15,0.1,25.0,0.18,0
15,0.1,25.0,0.2,90
15,0.1,25.0,0.22,45
15,0.1,25.0,0.24,180
15,0.1,25.0,0.26,135
15,0.1,25.0,0.28,90
15,0.1,25.0,0.3,45
15,0.1,25.0,0.32,0
15,0.1,25.0,0.34,45
15,0.1,25.0,0.36,0
15,0.1,25.0,0.38,0
15,0.1,25.0,0.4,0
15,0.1,25.0,0.42,45
15,0.1,25.0,0.44,90
15,0.1,25.0,0.46,0
15,0.1,25.0,0.48,0
15,0.1,25.0,0.5,45
15,0.1,25.0,0.52,0
15,0.1,25.0,0.54,0
15,0.1,25.0,0.56,0
15,0.1,25.0,0.58,0
15,0.1,25.0,0.6,90
15,0.1,25.0,0.62,135
15,0.1,25.0,0.64,45
15,0.1,25.0,0.66,180
15,0.1,25.0,0.68,90
15,0.1,25.0,0.7000000000000001,0
15,0.1,25.0,0.72,0
15,0.1,25.0,0.74,0
15,0.1,30.0,0.0,0
15,0.1,30.0,0.02,0
15,0.1,30.0,0.04,45
15,0.1,30.0,0.06,0
15,0.1,30.0,0.08,0
15,0.1,30.0,0.1,135
15,0.1,30.0,0.12,90
15,0.1,30.0,0.14,135
15,0.1,30.0,0.16,90
15,0.1,30.0,0.18,0
15,0.1,30.0,0.2,0
15,0.1,30.0,0.22,90
15,0.1,30.0,0.24,135
15,0.1,30.0,0.26,45
15,0.1,30.0,0.28,45
15,0.1,30.0,0.3,0
15,0.1,30.0,0.32,45
15,0.1,30.0,0.34,0
15,0.1,30.0,0.36,0
15,0.1,30.0,0.38,135
15,0.1,30.0,0.4,135
15,0.1,30.0,0.42,135
15,0.1,30.0,0.44,135
15,0.1,30.0,0.46,90
15,0.1,30.0,0.48,0
15,0.1,30.0,0.5,0
15,0.1,30.0,0.52,0
15,0.1,30.0,0.54,180
15,0.1,30.0,0.56,135
15,0.1,30.0,0.58,135
15,0.1,30.0,0.6,45
15,0.1,30.0,0.62,0
15,0.1,30.0,0.64,0
15,0.1,30.0,0.66,0
15,0.1,30.0,0.68,45
15,0.1,30.0,0.7000000000000001,45
15,0.1,30.0,0.72,0
15,0.1,30.0,0.74,135
15,0.1,40.0,0.0,0
15,0.1,40.0,0.02,0
15,0.1,40.0,0.04,45
15,0.1,40.0,0.06,0
15,0.1,40.0,0.08,135
15,0.1,40.0,0.1,0
15,0.1,40.0,0.12,90
15,0.1,40.0,0.14,0
15,0.1,40.0,0.16,45
15,0.1,40.0,0.18,135
15,0.1,40.0,0.2,180
15,0.1,40.0,0.22,0
15,0.1,40.0,0.24,90
15,0.1,40.0,0.26,45
15,0.1,40.0,0.28,0
15,0.1,40.0,0.3,0
15,0.1,40.0,0.32,0
15,0.1,40.0,0.34,0
15,0.1,40.0,0.36,90
15,0.1,40.0,0.38,135
15,0.1,40.0,0.4,0
15,0.1,40.0,0.42,135
15,0.1,40.0,0.44,0
15,0.1,40.0,0.46,135
15,0.1,40.0,0.48,180
15,0.1,40.0,0.5,0
15,0.1,40.0,0.52,45
15,0.1,40.0,0.54,135
15,0.1,40.0,0.56,135
15,0.1,40.0,0.58,135
15,0.1,40.0,0.6,135
15,0.1,40.0,0.62,135
15,0.1,40.0,0.64,180
15,0.1,40.0,0.66,135
15,0.1,40.0,0.68,135
15,0.1,40.0,0.7000000000000001,0
15,0.1,40.0,0.72,0
15,0.1,40.0,0.74,0
15,0.1,50.0,0.0,0
15,0.1,50.0,0.02,45
15,0.1,50.0,0.04,0
15,0.1,50.0,0.06,180
15,0.1,50.0,0.08,0
15,0.1,50.0,0.1,90
15,0.1,50.0,0.12,45
15,0.1,50.0,0.14,0
15,0.1,50.0,0.16,135
15,0.1,50.0,0.18,135
15,0.1,50.0,0.2,135
15,0.1,50.0,0.22,135
15,0.1,50.0,0.24,0
15,0.1,50.0,0.26,180
15,0.1,50.0,0.28,0
15,0.1,50.0,0.3,135
15,0.1,50.0,0.32,135
15,0.1,50.0,0.34,45
15,0.1,50.0,0.36,45
15,0.1,50.0,0.38,90
15,0.1,50.0,0.4,0
15,0.1,50.0,0.42,135
15,0.1,50.0,0.44,135
15,0.1,50.0,0.46,180
15,0.1,50.0,0.48,0
15,0.1,50.0,0.5,45
15,0.1,50.0,0.52,0
15,0.1,50.0,0.54,0
15,0.1,50.0,0.56,0
15,0.1,50.0,0.58,90
15,0.1,50.0,0.6,45
15,0.1,50.0,0.62,0
15,0.1,50.0,0.64,45
15,0.1,50.0,0.66,180
15,0.1,50.0,0.68,0
15,0.1,50.0,0.7000000000000001,0
15,0.1,50.0,0.72,0
15,0.1,50.0,0.74,90
15,0.1,100.0,0.0,0
15,0.1,100.0,0.02,135
15,0.1,100.0,0.04,0
15,0.1,100.0,0.06,45
15,0.1,100.0,0.08,135
15,0.1,100.0,0.1,180
15,0.1,100.0,0.12,45
15,0.1,100.0,0.14,45
15,0.1,100.0,0.16,180
15,0.1,100.0,0.18,180
15,0.1,100.0,0.2,135
15,0.1,100.0,0.22,0
15,0.1,100.0,0.24,135
15,0.1,100.0,0.26,45
15,0.1,100.0,0.28,90
15,0.1,100.0,0.3,0
15,0.1,100.0,0.32,90
15,0.1,100.0,0.34,0
15,0.1,100.0,0.36,0
15,0.1,100.0,0.38,0
15,0.1,100.0,0.4,0
15,0.1,100.0,0.42,135
15,0.1,100.0,0.44,135
15,0.1,100.0,0.46,90
15,0.1,100.0,0.48,180
15,0.1,100.0,0.5,180
15,0.1,100.0,0.52,135
15,0.1,100.0,0.54,135
15,0.1,100.0,0.56,0
15,0.1,100.0,0.58,135
15,0.1,100.0,0.6,135
15,0.1,100.0,0.62,0
15,0.1,100.0,0.64,45
15,0.1,100.0,0.66,0
15,0.1,100.0,0.68,45
15,0.1,100.0,0.7000000000000001,135
15,0.1,100.0,0.72,180
15,0.1,100.0,0.74,0
16,0.1,0.0,0.0,0
16,0.1,0.0,0.02,0
16,0.1,0.0,0.04,0
16,0.1,0.0,0.06,0
16,0.1,0.0,0.08,0
16,0.1,0.0,0.1,0
16,0.1,0.0,0.12,0
16,0.1,0.0,0.14,0
16,0.1,0.0,0.16,0
16,0.1,0.0,0.18,0
16,0.1,0.0,0.2,0
16,0.1,0.0,0.22,0
16,0.1,0.0,0.24,0
16,0.1,0.0,0.26,45
16,0.1,0.0,0.28,0
16,0.1,0.0,0.3,0
16,0.1,0.0,0.32,0
16,0.1,0.0,0.34,0
16,0.1,0.0,0.36,0
16,0.1,0.0,0.38,0
16,0.1,0.0,0.4,0
16,0.1,0.0,0.42,0
16,0.1,0.0,0.44,0
16,0.1,0.0,0.46,0
16,0.1,0.0,0.48,0
16,0.1,0.0,0.5,0
16,0.1,0.0,0.52,0
16,0.1,0.0,0.54,0
16,0.1,0.0,0.56,0
16,0.1,0.0,0.58,0
16,0.1,0.0,0.6,0
16,0.1,0.0,0.62,0
16,0.1,0.0,0.64,0
16,0.1,0.0,0.66,0
16,0.1,0.0,0.68,0
16,0.1,0.0,0.7000000000000001,0
16,0.1,0.0,0.72,0
16,0.1,0.0,0.74,0
16,0.1,5.0,0.0,0
16,0.1,5.0,0.02,0
16,0.1,5.0,0.04,0
16,0.1,5.0,0.06,45
16,0.1,5.0,0.08,135
16,0.1,5.0,0.1,135
16,0.1,5.0,0.12,135
16,0.1,5.0,0.14,0
16,0.1,5.0,0.16,0
16,0.1,5.0,0.18,0
16,0.1,5.0,0.2,0
16,0.1,5.0,0.22,0
16,0.1,5.0,0.24,0
16,0.1,5.0,0.26,135
16,0.1,5.0,0.28,45
16,0.1,5.0,0.3,0
16,0.1,5.0,0.32,0
16,0.1,5.0,0.34,0
16,0.1,5.0,0.36,45
16,0.1,5.0,0.38,45
16,0.1,5.0,0.4,0
16,0.1,5.0,0.42,0
16,0.1,5.0,0.44,45
16,0.1,5.0,0.46,0
16,0.1,5.0,0.48,0
16,0.1,5.0,0.5,45
16,0.1,5.0,0.52,45
16,0.1,5.0,0.54,0
16,0.1,5.0,0.56,0
16,0.1,5.0,0.58,45
16,0.1,5.0,0.6,0
16,0.1,5.0,0.62,45
16,0.1,5.0,0.64,0
16,0.1,5.0,0.66,0
16,0.1,5.0,0.68,45
16,0.1,5.0,0.7000000000000001,0
16,0.1,5.0,0.72,0
16,0.1,5.0,0.74,0
16,0.1,10.0,0.0,0
16,0.1,10.0,0.02,45
16,0.1,10.0,0.04,0
16,0.1,10.0,0.06,0
16,0.1,10.0,0.08,45
16,0.1,10.0,0.1,0
16,0.1,10.0,0.12,0
16,0.1,10.0,0.14,0
16,0.1,10.0,0.16,180
16,0.1,10.0,0.18,0
16,0.1,10.0,0.2,0
16,0.1,10.0,0.22,45
16,0.1,10.0,0.24,45
16,0.1,10.0,0.26,0
16,0.1,10.0,0.28,45
16,0.1,10.0,0.3,0
16,0.1,10.0,0.32,0
16,0.1,10.0,0.34,45
16,0.1,10.0,0.36,0
16,0.1,10.0,0.38,0
16,0.1,10.0,0.4,0
16,0.1,10.0,0.42,0
16,0.1,10.0,0.44,0
16,0.1,10.0,0.46,0
16,0.1,10.0,0.48,0
16,0.1,10.0,0.5,45
16,0.1,10.0,0.52,0
16,0.1,10.0,0.54,0
16,0.1,10.0,0.56,90
16,0.1,10.0,0.58,90
16,0.1,10.0,0.6,0
16,0.1,10.0,0.62,0
16,0.1,10.0,0.64,135
16,0.1,10.0,0.66,135
16,0.1,10.0,0.68,0
16,0.1,10.0,0.7000000000000001,0
16,0.1,10.0,0.72,0
16,0.1,10.0,0.74,135
16,0.1,15.0,0.0,0
16,0.1,15.0,0.02,135
16,0.1,15.0,0.04,135
16,0.1,15.0,0.06,0
16,0.1,15.0,0.08,0
16,0.1,15.0,0.1,0
16,0.1,15.0,0.12,0
16,0.1,15.0,0.14,0
16,0.1,15.0,0.16,0
16,0.1,15.0,0.18,0
16,0.1,15.0,0.2,0
16,0.1,15.0,0.22,45
16,0.1,15.0,0.24,0
16,0.1,15.0,0.26,45
16,0.1,15.0,0.28,0
16,0.1,15.0,0.3,0
16,0.1,15.0,0.32,45
16,0.1,15.0,0.34,0
16,0.1,15.0,0.36,45
16,0.1,15.0,0.38,0
16,0.1,15.0,0.4,0
16,0.1,15.0,0.42,0
16,0.1,15.0,0.44,0
16,0.1,15.0,0.46,0
16,0.1,15.0,0.48,0
16,0.1,15.0,0.5,90
16,0.1,15.0,0.52,0
16,0.1,15.0,0.54,45
16,0.1,15.0,0.56,0
16,0.1,15.0,0.58,0
16,0.1,15.0,0.6,0
16,0.1,15.0,0.62,0
16,0.1,15.0,0.64,0
16,0.1,15.0,0.66,0
16,0.1,15.0,0.68,90
16,0.1,15.0,0.7000000000000001,0
16,0.1,15.0,0.72,0
16,0.1,15.0,0.74,135
16,0.1,20.0,0.0,0
16,0.1,20.0,0.02,90
16,0.1,20.0,0.04,0
16,0.1,20.0,0.06,0
16,0.1,20.0,0.08,0
16,0.1,20.0,0.1,0
16,0.1,20.0,0.12,0
16,0.1,20.0,0.14,0
16,0.1,20.0,0.16,0
16,0.1,20.0,0.18,45
16,0.1,20.0,0.2,0
16,0.1,20.0,0.22,0
16,0.1,20.0,0.24,0
16,0.1,20.0,0.26,135
16,0.1,20.0,0.28,135
16,0.1,20.0,0.3,135
16,0.1,20.0,0.32,135
16,0.1,20.0,0.34,180
16,0.1,20.0,0.36,135
16,0.1,20.0,0.38,180
16,0.1,20.0,0.4,90
16,0.1,20.0,0.42,45
16,0.1,20.0,0.44,0
16,0.1,20.0,0.46,45
16,0.1,20.0,0.48,0
16,0.1,20.0,0.5,0
16,0.1,20.0,0.52,0
16,0.1,20.0,0.54,0
16,0.1,20.0,0.56,45
16,0.1,20.0,0.58,135
16,0.1,20.0,0.6,180
16,0.1,20.0,0.62,135
16,0.1,20.0,0.64,135
16,0.1,20.0,0.66,135
16,0.1,20.0,0.68,0
16,0.1,20.0,0.7000000000000001,0
16,0.1,20.0,0.72,0
16,0.1,20.0,0.74,0
16,0.1,25.0,0.0,0
16,0.1,25.0,0.02,0
16,0.1,25.0,0.04,0
16,0.1,25.0,0.06,0
16,0.1,25.0,0.08,0
16,0.1,25.0,0.1,0
16,0.1,25.0,0.12,0
16,0.1,25.0,0.14,90
16,0.1,25.0,0.16,0
16,0.1,25.0,0.18,180
16,0.1,25.0,0.2,90
16,0.1,25.0,0.22,135
16,0.1,25.0,0.24,135
16,0.1,25.0,0.26,0
16,0.1,25.0,0.28,180
16,0.1,25.0,0.3,135
16,0.1,25.0,0.32,135
16,0.1,25.0,0.34,135
16,0.1,25.0,0.36,135
16,0.1,25.0,0.38,135
16,0.1,25.0,0.4,135
16,0.1,25.0,0.42,0
16,0.1,25.0,0.44,0
16,0.1,25.0,0.46,135
16,0.1,25.0,0.48,135
16,0.1,25.0,0.5,135
16,0.1,25.0,0.52,0
16,0.1,25.0,0.54,180
16,0.1,25.0,0.56,135
16,0.1,25.0,0.58,135
16,0.1,25.0,0.6,135
16,0.1,25.0,0.62,135
16,0.1,25.0,0.64,0
16,0.1,25.0,0.66,45
16,0.1,25.0,0.68,0
16,0.1,25.0,0.7000000000000001,0
16,0.1,25.0,0.72,180
16,0.1,25.0,0.74,180
16,0.1,30.0,0.0,0
16,0.1,30.0,0.02,90
16,0.1,30.0,0.04,135
16,0.1,30.0,0.06,45
16,0.1,30.0,0.08,0
16,0.1,30.0,0.1,90
16,0.1,30.0,0.12,135
16,0.1,30.0,0.14,180
16,0.1,30.0,0.16,0
16,0.1,30.0,0.18,0
16,0.1,30.0,0.2,180
16,0.1,30.0,0.22,0
16,0.1,30.0,0.24,45
16,0.1,30.0,0.26,90
16,0.1,30.0,0.28,90
16,0.1,30.0,0.3,90
16,0.1,30.0,0.32,90
16,0.1,30.0,0.34,135
16,0.1,30.0,0.36,135
16,0.1,30.0,0.38,135
16,0.1,30.0,0.4,90
16,0.1,30.0,0.42,0
16,0.1,30.0,0.44,0
16,0.1,30.0,0.46,90
16,0.1,30.0,0.48,0
16,0.1,30.0,0.5,0
16,0.1,30.0,0.52,45
16,0.1,30.0,0.54,135
16,0.1,30.0,0.56,90
16,0.1,30.0,0.58,135
16,0.1,30.0,0.6,135
16,0.1,30.0,0.62,90
16,0.1,30.0,0.64,180
16,0.1,30.0,0.66,135
16,0.1,30.0,0.68,180
16,0.1,30.0,0.7000000000000001,135
16,0.1,30.0,0.72,0
16,0.1,30.0,0.74,135
16,0.1,40.0,0.0,0
16,0.1,40.0,0.02,90
16,0.1,40.0,0.04,45
16,0.1,40.0,0.06,0
16,0.1,40.0,0.08,135
16,0.1,40.0,0.1,135
16,0.1,40.0,0.12,45
16,0.1,40.0,0.14,0
16,0.1,40.0,0.16,135
16,0.1,40.0,0.18,0
16,0.1,40.0,0.2,0
16,0.1,40.0,0.22,90
16,0.1,40.0,0.24,0
16,0.1,40.0,0.26,0
16,0.1,40.0,0.28,0
16,0.1,40.0,0.3,0
16,0.1,40.0,0.32,0
16,0.1,40.0,0.34,0
16,0.1,40.0,0.36,0
16,0.1,40.0,0.38,0
16,0.1,40.0,0.4,0
16,0.1,40.0,0.42,45
16,0.1,40.0,0.44,180
16,0.1,40.0,0.46,135
16,0.1,40.0,0.48,45
16,0.1,40.0,0.5,135
16,0.1,40.0,0.52,135
16,0.1,40.0,0.54,0
16,0.1,40.0,0.56,180
16,0.1,40.0,0.58,180
16,0.1,40.0,0.6,90
16,0.1,40.0,0.62,90
16,0.1,40.0,0.64,90
16,0.1,40.0,0.66,45
16,0.1,40.0,0.68,45
16,0.1,40.0,0.7000000000000001,90
16,0.1,40.0,0.72,90
16,0.1,40.0,0.74,0
16,0.1,50.0,0.0,0
16,0.1,50.0,0.02,180
16,0.1,50.0,0.04,180
16,0.1,50.0,0.06,135
16,0.1,50.0,0.08,90
16,0.1,50.0,0.1,180
16,0.1,50.0,0.12,180
16,0.1,50.0,0.14,180
16,0.1,50.0,0.16,135
16,0.1,50.0,0.18,135
16,0.1,50.0,0.2,180
16,0.1,50.0,0.22,135
16,0.1,50.0,0.24,45
16,0.1,50.0,0.26,45
16,0.1,50.0,0.28,0
16,0.1,50.0,0.3,45
16,0.1,50.0,0.32,0
16,0.1,50.0,0.34,90
16,0.1,50.0,0.36,0
16,0.1,50.0,0.38,90
16,0.1,50.0,0.4,135
16,0.1,50.0,0.42,135
16,0.1,50.0,0.44,0
16,0.1,50.0,0.46,45
16,0.1,50.0,0.48,0
16,0.1,50.0,0.5,0
16,0.1,50.0,0.52,90
16,0.1,50.0,0.54,135
16,0.1,50.0,0.56,135
16,0.1,50.0,0.58,180
16,0.1,50.0,0.6,90
16,0.1,50.0,0.62,180
16,0.1,50.0,0.64,135
16,0.1,50.0,0.66,135
16,0.1,50.0,0.68,180
16,0.1,50.0,0.7000000000000001,90
16,0.1,50.0,0.72,0
16,0.1,50.0,0.74,45
16,0.1,100.0,0.0,0
16,0.1,100.0,0.02,0
16,0.1,100.0,0.04,90
16,0.1,100.0,0.06,90
16,0.1,100.0,0.08,0
16,0.1,100.0,0.1,0
16,0.1,100.0,0.12,135
16,0.1,100.0,0.14,90
16,0.1,100.0,0.16,180
16,0.1,100.0,0.18,0
16,0.1,100.0,0.2,0
16,0.1,100.0,0.22,0
16,0.1,100.0,0.24,45
16,0.1,100.0,0.26,0
16,0.1,100.0,0.28,0
16,0.1,100.0,0.3,0
16,0.1,100.0,0.32,0
16,0.1,100.0,0.34,0
16,0.1,100.0,0.36,0
16,0.1,100.0,0.38,45
16,0.1,100.0,0.4,0
16,0.1,100.0,0.42,0
16,0.1,100.0,0.44,0
16,0.1,100.0,0.46,0
16,0.1,100.0,0.48,45
16,0.1,100.0,0.5,0
16,0.1,100.0,0.52,0
16,0.1,100.0,0.54,0
16,0.1,100.0,0.56,0
16,0.1,100.0,0.58,0
16,0.1,100.0,0.6,0
16,0.1,100.0,0.62,0
16,0.1,100.0,0.64,0
16,0.1,100.0,0.66,45
16,0.1,100.0,0.68,45
16,0.1,100.0,0.7000000000000001,0
16,0.1,100.0,0.72,0
16,0.1,100.0,0.74,0
17,0.1,0.0,0.0,0
17,0.1,0.0,0.02,0
17,0.1,0.0,0.04,0
17,0.1,0.0,0.06,0
17,0.1,0.0,0.08,0
17,0.1,0.0,0.1,0
17,0.1,0.0,0.12,0
17,0.1,0.0,0.14,0
17,0.1,0.0,0.16,0
17,0.1,0.0,0.18,0
17,0.1,0.0,0.2,45
17,0.1,0.0,0.22,0
17,0.1,0.0,0.24,0
17,0.1,0.0,0.26,0
17,0.1,0.0,0.28,0
17,0.1,0.0,0.3,0
17,0.1,0.0,0.32,0
17,0.1,0.0,0.34,0
17,0.1,0.0,0.36,0
17,0.1,0.0,0.38,0
17,0.1,0.0,0.4,0
17,0.1,0.0,0.42,0
17,0.1,0.0,0.44,0
17,0.1,0.0,0.46,0
17,0.1,0.0,0.48,45
17,0.1,0.0,0.5,0
17,0.1,0.0,0.52,0
17,0.1,0.0,0.54,45
17,0.1,0.0,0.56,0
17,0.1,0.0,0.58,45
17,0.1,0.0,0.6,0
17,0.1,0.0,0.62,0
17,0.1,0.0,0.64,0
17,0.1,0.0,0.66,0
17,0.1,0.0,0.68,45
17,0.1,0.0,0.7000000000000001,0
17,0.1,0.0,0.72,0
17,0.1,0.0,0.74,0
17,0.1,5.0,0.0,0
17,0.1,5.0,0.02,0
17,0.1,5.0,0.04,0
17,0.1,5.0,0.06,0
17,0.1,5.0,0.08,0
17,0.1,5.0,0.1,0
17,0.1,5.0,0.12,0
17,0.1,5.0,0.14,0
17,0.1,5.0,0.16,0
17,0.1,5.0,0.18,0
17,0.1,5.0,0.2,0
17,0.1,5.0,0.22,0
17,0.1,5.0,0.24,0
17,0.1,5.0,0.26,0
17,0.1,5.0,0.28,0
17,0.1,5.0,0.3,0
17,0.1,5.0,0.32,45
17,0.1,5.0,0.34,90
17,0.1,5.0,0.36,0
17,0.1,5.0,0.38,180
17,0.1,5.0,0.4,45
17,0.1,5.0,0.42,0
17,0.1,5.0,0.44,0
17,0.1,5.0,0.46,0
17,0.1,5.0,0.48,0
17,0.1,5.0,0.5,0
17,0.1,5.0,0.52,0
17,0.1,5.0,0.54,0
17,0.1,5.0,0.56,0
17,0.1,5.0,0.58,90
17,0.1,5.0,0.6,135
17,0.1,5.0,0.62,90
17,0.1,5.0,0.64,45
17,0.1,5.0,0.66,45
17,0.1,5.0,0.68,0
17,0.1,5.0,0.7000000000000001,0
17,0.1,5.0,0.72,45
17,0.1,5.0,0.74,0
17,0.1,10.0,0.0,0
17,0.1,10.0,0.02,0
17,0.1,10.0,0.04,0
17,0.1,10.0,0.06,0
17,0.1,10.0,0.08,0
17,0.1,10.0,0.1,0
17,0.1,10.0,0.12,0
17,0.1,10.0,0.14,0
17,0.1,10.0,0.16,180
17,0.1,10.0,0.18,135
17,0.1,10.0,0.2,135
17,0.1,10.0,0.22,135
17,0.1,10.0,0.24,135
17,0.1,10.0,0.26,0
17,0.1,10.0,0.28,0
17,0.1,10.0,0.3,0
17,0.1,10.0,0.32,0
17,0.1,10.0,0.34,0
17,0.1,10.0,0.36,90
17,0.1,10.0,0.38,45
17,0.1,10.0,0.4,0
17,0.1,10.0,0.42,90
17,0.1,10.0,0.44,90
17,0.1,10.0,0.46,90
17,0.1,10.0,0.48,0
17,0.1,10.0,0.5,0
17,0.1,10.0,0.52,135
17,0.1,10.0,0.54,135
17,0.1,10.0,0.56,135
17,0.1,10.0,0.58,135
17,0.1,10.0,0.6,0
17,0.1,10.0,0.62,180
17,0.1,10.0,0.64,90
17,0.1,10.0,0.66,0
17,0.1,10.0,0.68,135
17,0.1,10.0,0.7000000000000001,90
17,0.1,10.0,0.72,90
17,0.1,10.0,0.74,0
17,0.1,15.0,0.0,0
17,0.1,15.0,0.02,0
17,0.1,15.0,0.04,0
17,0.1,15.0,0.06,0
17,0.1,15.0,0.08,45
17,0.1,15.0,0.1,135
17,0.1,15.0,0.12,135
17,0.1,15.0,0.14,0
17,0.1,15.0,0.16,135
17,0.1,15.0,0.18,135
17,0.1,15.0,0.2,0
17,0.1,15.0,0.22,45
17,0.1,15.0,0.24,0
17,0.1,15.0,0.26,0
17,0.1,15.0,0.28,45
17,0.1,15.0,0.3,0
17,0.1,15.0,0.32,0
17,0.1,15.0,0.34,0
17,0.1,15.0,0.36,0
17,0.1,15.0,0.38,0
17,0.1,15.0,0.4,90
17,0.1,15.0,0.42,135
17,0.1,15.0,0.44,90
17,0.1,15.0,0.46,0
17,0.1,15.0,0.48,45
17,0.1,15.0,0.5,0
17,0.1,15.0,0.52,135
17,0.1,15.0,0.54,135
17,0.1,15.0,0.56,135
17,0.1,15.0,0.58,90
17,0.1,15.0,0.6,0
17,0.1,15.0,0.62,0
17,0.1,15.0,0.64,90
17,0.1,15.0,0.66,180
17,0.1,15.0,0.68,0
17,0.1,15.0,0.7000000000000001,45
17,0.1,15.0,0.72,0
17,0.1,15.0,0.74,0
17,0.1,20.0,0.0,0
17,0.1,20.0,0.02,0
17,0.1,20.0,0.04,0
17,0.1,20.0,0.06,0
17,0.1,20.0,0.08,0
17,0.1,20.0,0.1,90
17,0.1,20.0,0.12,0
17,0.1,20.0,0.14,0
17,0.1,20.0,0.16,45
17,0.1,20.0,0.18,0
17,0.1,20.0,0.2,180
17,0.1,20.0,0.22,45
17,0.1,20.0,0.24,0
17,0.1,20.0,0.26,0
17,0.1,20.0,0.28,180
17,0.1,20.0,0.3,0
17,0.1,20.0,0.32,0
17,0.1,20.0,0.34,0
17,0.1,20.0,0.36,45
17,0.1,20.0,0.38,135
17,0.1,20.0,0.4,135
17,0.1,20.0,0.42,180
17,0.1,20.0,0.44,90
17,0.1,20.0,0.46,45
17,0.1,20.0,0.48,0
17,0.1,20.0,0.5,135
17,0.1,20.0,0.52,0
17,0.1,20.0,0.54,0
17,0.1,20.0,0.56,45
17,0.1,20.0,0.58,0
17,0.1,20.0,0.6,0
17,0.1,20.0,0.62,0
17,0.1,20.0,0.64,0
17,0.1,20.0,0.66,0
17,0.1,20.0,0.68,45
17,0.1,20.0,0.7000000000000001,90
17,0.1,20.0,0.72,135
17,0.1,20.0,0.74,135
17,0.1,25.0,0.0,0
17,0.1,25.0,0.02,45
17,0.1,25.0,0.04,45
17,0.1,25.0,0.06,0
17,0.1,25.0,0.08,0
17,0.1,25.0,0.1,0
17,0.1,25.0,0.12,0
17,0.1,25.0,0.14,135
17,0.1,25.0,0.16,135
17,0.1,25.0,0.18,0
17,0.1,25.0,0.2,90
17,0.1,25.0,0.22,90
17,0.1,25.0,0.24,90
17,0.1,25.0,0.26,0
17,0.1,25.0,0.28,0
17,0.1,25.0,0.3,0
17,0.1,25.0,0.32,0
17,0.1,25.0,0.34,0
17,0.1,25.0,0.36,0
17,0.1,25.0,0.38,45
17,0.1,25.0,0.4,0
17,0.1,25.0,0.42,45
17,0.1,25.0,0.44,135
17,0.1,25.0,0.46,0
17,0.1,25.0,0.48,0
17,0.1,25.0,0.5,90
17,0.1,25.0,0.52,135
17,0.1,25.0,0.54,45
17,0.1,25.0,0.56,0
17,0.1,25.0,0.58,0
17,0.1,25.0,0.6,0
17,0.1,25.0,0.62,0
17,0.1,25.0,0.64,0
17,0.1,25.0,0.66,0
17,0.1,25.0,0.68,0
17,0.1,25.0,0.7000000000000001,45
17,0.1,25.0,0.72,0
17,0.1,25.0,0.74,0
17,0.1,30.0,0.0,0
17,0.1,30.0,0.02,180
17,0.1,30.0,0.04,135
17,0.1,30.0,0.06,0
17,0.1,30.0,0.08,90
17,0.1,30.0,0.1,90
17,0.1,30.0,0.12,0
17,0.1,30.0,0.14,0
17,0.1,30.0,0.16,135
17,0.1,30.0,0.18,180
17,0.1,30.0,0.2,0
17,0.1,30.0,0.22,90
17,0.1,30.0,0.24,90
17,0.1,30.0,0.26,45
17,0.1,30.0,0.28,45
17,0.1,30.0,0.3,0
17,0.1,30.0,0.32,90
17,0.1,30.0,0.34,90
17,0.1,30.0,0.36,0
17,0.1,30.0,0.38,90
17,0.1,30.0,0.4,0
17,0.1,30.0,0.42,0
17,0.1,30.0,0.44,135
17,0.1,30.0,0.46,0
17,0.1,30.0,0.48,0
17,0.1,30.0,0.5,45
17,0.1,30.0,0.52,0
17,0.1,30.0,0.54,90
17,0.1,30.0,0.56,0
17,0.1,30.0,0.58,0
17,0.1,30.0,0.6,0
17,0.1,30.0,0.62,0
17,0.1,30.0,0.64,0
17,0.1,30.0,0.66,90
17,0.1,30.0,0.68,180
17,0.1,30.0,0.7000000000000001,0
17,0.1,30.0,0.72,135
17,0.1,30.0,0.74,45
17,0.1,40.0,0.0,0
17,0.1,40.0,0.02,135
17,0.1,40.0,0.04,135
17,0.1,40.0,0.06,90
17,0.1,40.0,0.08,0
17,0.1,40.0,0.1,45
17,0.1,40.0,0.12,180
17,0.1,40.0,0.14,45
17,0.1,40.0,0.16,0
17,0.1,40.0,0.18,135
17,0.1,40.0,0.2,90
17,0.1,40.0,0.22,45
17,0.1,40.0,0.24,135
17,0.1,40.0,0.26,90
17,0.1,40.0,0.28,90
17,0.1,40.0,0.3,135
17,0.1,40.0,0.32,90
17,0.1,40.0,0.34,45
17,0.1,40.0,0.36,90
17,0.1,40.0,0.38,135
17,0.1,40.0,0.4,45
17,0.1,40.0,0.42,0
17,0.1,40.0,0.44,0
17,0.1,40.0,0.46,45
17,0.1,40.0,0.48,90
17,0.1,40.0,0.5,0
17,0.1,40.0,0.52,0
17,0.1,40.0,0.54,180
17,0.1,40.0,0.56,45
17,0.1,40.0,0.58,45
17,0.1,40.0,0.6,45
17,0.1,40.0,0.62,45
17,0.1,40.0,0.64,180
17,0.1,40.0,0.66,0
17,0.1,40.0,0.68,0
17,0.1,40.0,0.7000000000000001,0
17,0.1,40.0,0.72,0
17,0.1,40.0,0.74,0
17,0.1,50.0,0.0,0
17,0.1,50.0,0.02,0
17,0.1,50.0,0.04,0
17,0.1,50.0,0.06,0
17,0.1,50.0,0.08,0
17,0.1,50.0,0.1,45
17,0.1,50.0,0.12,0
17,0.1,50.0,0.14,45
17,0.1,50.0,0.16,45
17,0.1,50.0,0.18,180
17,0.1,50.0,0.2,135
17,0.1,50.0,0.22,0
17,0.1,50.0,0.24,180
17,0.1,50.0,0.26,135
17,0.1,50.0,0.28,45
17,0.1,50.0,0.3,0
17,0.1,50.0,0.32,0
17,0.1,50.0,0.34,0
17,0.1,50.0,0.36,135
17,0.1,50.0,0.38,135
17,0.1,50.0,0.4,90
17,0.1,50.0,0.42,0
17,0.1,50.0,0.44,90
17,0.1,50.0,0.46,135
17,0.1,50.0,0.48,90
17,0.1,50.0,0.5,180
17,0.1,50.0,0.52,45
17,0.1,50.0,0.54,45
17,0.1,50.0,0.56,45
17,0.1,50.0,0.58,90
17,0.1,50.0,0.6,45
17,0.1,50.0,0.62,45
17,0.1,50.0,0.64,45
17,0.1,50.0,0.66,135
17,0.1,50.0,0.68,45
17,0.1,50.0,0.7000000000000001,135
17,0.1,50.0,0.72,45
17,0.1,50.0,0.74,45
17,0.1,100.0,0.0,0
17,0.1,100.0,0.02,0
17,0.1,100.0,0.04,90
17,0.1,100.0,0.06,0
17,0.1,100.0,0.08,45
17,0.1,100.0,0.1,45
17,0.1,100.0,0.12,135
17,0.1,100.0,0.14,45
17,0.1,100.0,0.16,90
17,0.1,100.0,0.18,0
17,0.1,100.0,0.2,135
17,0.1,100.0,0.22,0
17,0.1,100.0,0.24,45
17,0.1,100.0,0.26,0
17,0.1,100.0,0.28,45
17,0.1,100.0,0.3,45
17,0.1,100.0,0.32,0
17,0.1,100.0,0.34,0
17,0.1,100.0,0.36,45
17,0.1,100.0,0.38,0
17,0.1,100.0,0.4,0
17,0.1,100.0,0.42,0
17,0.1,100.0,0.44,0
17,0.1,100.0,0.46,0
17,0.1,100.0,0.48,0
17,0.1,100.0,0.5,0
17,0.1,100.0,0.52,0
17,0.1,100.0,0.54,0
17,0.1,100.0,0.56,0
17,0.1,100.0,0.58,0
17,0.1,100.0,0.6,0
17,0.1,100.0,0.62,0
17,0.1,100.0,0.64,0
17,0.1,100.0,0.66,0
17,0.1,100.0,0.68,0
17,0.1,100.0,0.7000000000000001,0
17,0.1,100.0,0.72,0
17,0.1,100.0,0.74,0
18,0.1,0.0,0.0,0
18,0.1,0.0,0.02,45
18,0.1,0.0,0.04,0
18,0.1,0.0,0.06,0
18,0.1,0.0,0.08,0
18,0.1,0.0,0.1,135
18,0.1,0.0,0.12,0
18,0.1,0.0,0.14,0
18,0.1,0.0,0.16,0
18,0.1,0.0,0.18,45
18,0.1,0.0,0.2,0
18,0.1,0.0,0.22,0
18,0.1,0.0,0.24,0
18,0.1,0.0,0.26,0
18,0.1,0.0,0.28,0
18,0.1,0.0,0.3,0
18,0.1,0.0,0.32,0
18,0.1,0.0,0.34,0
18,0.1,0.0,0.36,0
18,0.1,0.0,0.38,0
18,0.1,0.0,0.4,0
18,0.1,0.0,0.42,45
18,0.1,0.0,0.44,0
18,0.1,0.0,0.46,90
18,0.1,0.0,0.48,0
18,0.1,0.0,0.5,0
18,0.1,0.0,0.52,0
18,0.1,0.0,0.54,0
18,0.1,0.0,0.56,0
18,0.1,0.0,0.58,0
18,0.1,0.0,0.6,45
18,0.1,0.0,0.62,0
18,0.1,0.0,0.64,0
18,0.1,0.0,0.66,45
18,0.1,0.0,0.68,0
18,0.1,0.0,0.7000000000000001,0
18,0.1,0.0,0.72,0
18,0.1,0.0,0.74,0
18,0.1,5.0,0.0,0
18,0.1,5.0,0.02,0
18,0.1,5.0,0.04,0
18,0.1,5.0,0.06,0
18,0.1,5.0,0.08,0
18,0.1,5.0,0.1,0
18,0.1,5.0,0.12,0
18,0.1,5.0,0.14,0
18,0.1,5.0,0.16,45
18,0.1,5.0,0.18,0
18,0.1,5.0,0.2,0
18,0.1,5.0,0.22,0
18,0.1,5.0,0.24,0
18,0.1,5.0,0.26,0
18,0.1,5.0,0.28,0
18,0.1,5.0,0.3,0
18,0.1,5.0,0.32,0
18,0.1,5.0,0.34,0
18,0.1,5.0,0.36,0
18,0.1,5.0,0.38,0
18,0.1,5.0,0.4,0
18,0.1,5.0,0.42,0
18,0.1,5.0,0.44,0
18,0.1,5.0,0.46,0
18,0.1,5.0,0.48,0
18,0.1,5.0,0.5,0
18,0.1,5.0,0.52,0
18,0.1,5.0,0.54,45
18,0.1,5.0,0.56,0
18,0.1,5.0,0.58,0
18,0.1,5.0,0.6,0
18,0.1,5.0,0.62,0
18,0.1,5.0,0.64,0
18,0.1,5.0,0.66,0
18,0.1,5.0,0.68,0
18,0.1,5.0,0.7000000000000001,0
18,0.1,5.0,0.72,0
18,0.1,5.0,0.74,0
18,0.1,10.0,0.0,0
18,0.1,10.0,0.02,0
18,0.1,10.0,0.04,0
18,0.1,10.0,0.06,0
18,0.1,10.0,0.08,0
18,0.1,10.0,0.1,0
18,0.1,10.0,0.12,135
18,0.1,10.0,0.14,0
18,0.1,10.0,0.16,0
18,0.1,10.0,0.18,0
18,0.1,10.0,0.2,0
18,0.1,10.0,0.22,135
18,0.1,10.0,0.24,90
18,0.1,10.0,0.26,135
18,0.1,10.0,0.28,135
18,0.1,10.0,0.3,45
18,0.1,10.0,0.32,0
18,0.1,10.0,0.34,0
18,0.1,10.0,0.36,0
18,0.1,10.0,0.38,180
18,0.1,10.0,0.4,135
18,0.1,10.0,0.42,135
18,0.1,10.0,0.44,135
18,0.1,10.0,0.46,180
18,0.1,10.0,0.48,135
18,0.1,10.0,0.5,90
18,0.1,10.0,0.52,0
18,0.1,10.0,0.54,0
18,0.1,10.0,0.56,0
18,0.1,10.0,0.58,0
18,0.1,10.0,0.6,0
18,0.1,10.0,0.62,45
18,0.1,10.0,0.64,135
18,0.1,10.0,0.66,135
18,0.1,10.0,0.68,0
18,0.1,10.0,0.7000000000000001,0
18,0.1,10.0,0.72,90
18,0.1,10.0,0.74,0
18,0.1,15.0,0.0,90
18,0.1,15.0,0.02,0
18,0.1,15.0,0.04,90
18,0.1,15.0,0.06,0
18,0.1,15.0,0.08,135
18,0.1,15.0,0.1,90
18,0.1,15.0,0.12,135
18,0.1,15.0,0.14,90
18,0.1,15.0,0.16,135
18,0.1,15.0,0.18,90
18,0.1,15.0,0.2,135
18,0.1,15.0,0.22,135
18,0.1,15.0,0.24,135
18,0.1,15.0,0.26,0
18,0.1,15.0,0.28,0
18,0.1,15.0,0.3,0
18,0.1,15.0,0.32,0
18,0.1,15.0,0.34,0
18,0.1,15.0,0.36,90
18,0.1,15.0,0.38,90
18,0.1,15.0,0.4,135
18,0.1,15.0,0.42,90
18,0.1,15.0,0.44,0
18,0.1,15.0,0.46,0
18,0.1,15.0,0.48,90
18,0.1,15.0,0.5,0
18,0.1,15.0,0.52,135
18,0.1,15.0,0.54,135
18,0.1,15.0,0.56,0
18,0.1,15.0,0.58,0
18,0.1,15.0,0.6,0
18,0.1,15.0,0.62,135
18,0.1,15.0,0.64,135
18,0.1,15.0,0.66,0
18,0.1,15.0,0.68,0
18,0.1,15.0,0.7000000000000001,0
18,0.1,15.0,0.72,45
18,0.1,15.0,0.74,0
18,0.1,20.0,0.0,0
18,0.1,20.0,0.02,45
18,0.1,20.0,0.04,0
18,0.1,20.0,0.06,45
18,0.1,20.0,0.08,45
18,0.1,20.0,0.1,0
18,0.1,20.0,0.12,0
18,0.1,20.0,0.14,0
18,0.1,20.0,0.16,0
18,0.1,20.0,0.18,0
18,0.1,20.0,0.2,90
18,0.1,20.0,0.22,0
18,0.1,20.0,0.24,0
18,0.1,20.0,0.26,0
18,0.1,20.0,0.28,0
18,0.1,20.0,0.3,135
18,0.1,20.0,0.32,135
18,0.1,20.0,0.34,45
18,0.1,20.0,0.36,0
18,0.1,20.0,0.38,0
18,0.1,20.0,0.4,180
18,0.1,20.0,0.42,45
18,0.1,20.0,0.44,0
18,0.1,20.0,0.46,0
18,0.1,20.0,0.48,135
18,0.1,20.0,0.5,135
18,0.1,20.0,0.52,0
18,0.1,20.0,0.54,0
18,0.1,20.0,0.56,45
18,0.1,20.0,0.58,45
18,0.1,20.0,0.6,90
18,0.1,20.0,0.62,0
18,0.1,20.0,0.64,90
18,0.1,20.0,0.66,180
18,0.1,20.0,0.68,135
18,0.1,20.0,0.7000000000000001,135
18,0.1,20.0,0.72,135
18,0.1,20.0,0.74,90
18,0.1,25.0,0.0,0
18,0.1,25.0,0.02,0
18,0.1,25.0,0.04,0
18,0.1,25.0,0.06,0
18,0.1,25.0,0.08,0
18,0.1,25.0,0.1,0
18,0.1,25.0,0.12,45
18,0.1,25.0,0.14,0
18,0.1,25.0,0.16,0
18,0.1,25.0,0.18,45
18,0.1,25.0,0.2,0
18,0.1,25.0,0.22,0
18,0.1,25.0,0.24,0
18,0.1,25.0,0.26,0
18,0.1,25.0,0.28,0
18,0.1,25.0,0.3,0
18,0.1,25.0,0.32,0
18,0.1,25.0,0.34,135
18,0.1,25.0,0.36,135
18,0.1,25.0,0.38,135
18,0.1,25.0,0.4,90
18,0.1,25.0,0.42,0
18,0.1,25.0,0.44,45
18,0.1,25.0,0.46,45
18,0.1,25.0,0.48,0
18,0.1,25.0,0.5,45
18,0.1,25.0,0.52,45
18,0.1,25.0,0.54,0
18,0.1,25.0,0.56,0
18,0.1,25.0,0.58,0
18,0.1,25.0,0.6,0
18,0.1,25.0,0.62,0
18,0.1,25.0,0.64,0
18,0.1,25.0,0.66,45
18,0.1,25.0,0.68,0
18,0.1,25.0,0.7000000000000001,0
18,0.1,25.0,0.72,0
18,0.1,25.0,0.74,0
18,0.1,30.0,0.0,0
18,0.1,30.0,0.02,0
18,0.1,30.0,0.04,135
18,0.1,30.0,0.06,135
18,0.1,30.0,0.08,0
18,0.1,30.0,0.1,0
18,0.1,30.0,0.12,0
18,0.1,30.0,0.14,0
18,0.1,30.0,0.16,135
18,0.1,30.0,0.18,135
18,0.1,30.0,0.2,0
18,0.1,30.0,0.22,90
18,0.1,30.0,0.24,0
18,0.1,30.0,0.26,45
18,0.1,30.0,0.28,45
18,0.1,30.0,0.3,0
18,0.1,30.0,0.32,90
18,0.1,30.0,0.34,90
18,0.1,30.0,0.36,45
18,0.1,30.0,0.38,135
18,0.1,30.0,0.4,0
18,0.1,30.0,0.42,0
18,0.1,30.0,0.44,90
18,0.1,30.0,0.46,135
18,0.1,30.0,0.48,0
18,0.1,30.0,0.5,135
18,0.1,30.0,0.52,135
18,0.1,30.0,0.54,135
18,0.1,30.0,0.56,0
18,0.1,30.0,0.58,90
18,0.1,30.0,0.6,180
18,0.1,30.0,0.62,45
18,0.1,30.0,0.64,0
18,0.1,30.0,0.66,0
18,0.1,30.0,0.68,0
18,0.1,30.0,0.7000000000000001,0
18,0.1,30.0,0.72,0
18,0.1,30.0,0.74,0
18,0.1,40.0,0.0,0
18,0.1,40.0,0.02,45
18,0.1,40.0,0.04,90
18,0.1,40.0,0.06,45
18,0.1,40.0,0.08,0
18,0.1,40.0,0.1,0
18,0.1,40.0,0.12,0
18,0.1,40.0,0.14,45
18,0.1,40.0,0.16,45
18,0.1,40.0,0.18,0
18,0.1,40.0,0.2,0
18,0.1,40.0,0.22,0
18,0.1,40.0,0.24,0
18,0.1,40.0,0.26,0
18,0.1,40.0,0.28,0
18,0.1,40.0,0.3,0
18,0.1,40.0,0.32,90
18,0.1,40.0,0.34,135
18,0.1,40.0,0.36,135
18,0.1,40.0,0.38,90
18,0.1,40.0,0.4,135
18,0.1,40.0,0.42,45
18,0.1,40.0,0.44,45
18,0.1,40.0,0.46,135
18,0.1,40.0,0.48,180
18,0.1,40.0,0.5,180
18,0.1,40.0,0.52,135
18,0.1,40.0,0.54,45
18,0.1,40.0,0.56,45
18,0.1,40.0,0.58,90
18,0.1,40.0,0.6,135
18,0.1,40.0,0.62,0
18,0.1,40.0,0.64,90
18,0.1,40.0,0.66,0
18,0.1,40.0,0.68,135
18,0.1,40.0,0.7000000000000001,0
18,0.1,40.0,0.72,0
18,0.1,40.0,0.74,0
18,0.1,50.0,0.0,0
18,0.1,50.0,0.02,135
18,0.1,50.0,0.04,135
18,0.1,50.0,0.06,135
18,0.1,50.0,0.08,90
18,0.1,50.0,0.1,135
18,0.1,50.0,0.12,0
18,0.1,50.0,0.14,180
18,0.1,50.0,0.16,135
18,0.1,50.0,0.18,135
18,0.1,50.0,0.2,135
18,0.1,50.0,0.22,135
18,0.1,50.0,0.24,135
18,0.1,50.0,0.26,0
18,0.1,50.0,0.28,45
18,0.1,50.0,0.3,135
18,0.1,50.0,0.32,0
18,0.1,50.0,0.34,45
18,0.1,50.0,0.36,90
18,0.1,50.0,0.38,135
18,0.1,50.0,0.4,180
18,0.1,50.0,0.42,0
18,0.1,50.0,0.44,45
18,0.1,50.0,0.46,45
18,0.1,50.0,0.48,45
18,0.1,50.0,0.5,135
18,0.1,50.0,0.52,135
18,0.1,50.0,0.54,135
18,0.1,50.0,0.56,90
18,0.1,50.0,0.58,90
18,0.1,50.0,0.6,180
18,0.1,50.0,0.62,90
18,0.1,50.0,0.64,45
18,0.1,50.0,0.66,135
18,0.1,50.0,0.68,135
18,0.1,50.0,0.7000000000000001,135
18,0.1,50.0,0.72,90
18,0.1,50.0,0.74,90
18,0.1,100.0,0.0,0
18,0.1,100.0,0.02,0
18,0.1,100.0,0.04,0
18,0.1,100.0,0.06,0
18,0.1,100.0,0.08,0
18,0.1,100.0,0.1,90
18,0.1,100.0,0.12,0
18,0.1,100.0,0.14,180
18,0.1,100.0,0.16,0
18,0.1,100.0,0.18,0
18,0.1,100.0,0.2,135
18,0.1,100.0,0.22,90
18,0.1,100.0,0.24,90
18,0.1,100.0,0.26,0
18,0.1,100.0,0.28,0
18,0.1,100.0,0.3,0
18,0.1,100.0,0.32,0
18,0.1,100.0,0.34,0
18,0.1,100.0,0.36,0
18,0.1,100.0,0.38,0
18,0.1,100.0,0.4,0
18,0.1,100.0,0.42,0
18,0.1,100.0,0.44,0
18,0.1,100.0,0.46,0
18,0.1,100.0,0.48,45
18,0.1,100.0,0.5,0
18,0.1,100.0,0.52,0
18,0.1,100.0,0.54,0
18,0.1,100.0,0.56,0
18,0.1,100.0,0.58,0
18,0.1,100.0,0.6,0
18,0.1,100.0,0.62,0
18,0.1,100.0,0.64,0
18,0.1,100.0,0.66,0
18,0.1,100.0,0.68,0
18,0.1,100.0,0.7000000000000001,0
18,0.1,100.0,0.72,0
18,0.1,100.0,0.74,0
19,0.1,0.0,0.0,0
19,0.1,0.0,0.02,0
19,0.1,0.0,0.04,0
19,0.1,0.0,0.06,0
19,0.1,0.0,0.08,45
19,0.1,0.0,0.1,0
19,0.1,0.0,0.12,0
19,0.1,0.0,0.14,0
19,0.1,0.0,0.16,0
19,0.1,0.0,0.18,0
19,0.1,0.0,0.2,0
19,0.1,0.0,0.22,0
19,0.1,0.0,0.24,45
19,0.1,0.0,0.26,0
19,0.1,0.0,0.28,0
19,0.1,0.0,0.3,0
19,0.1,0.0,0.32,0
19,0.1,0.0,0.34,0
19,0.1,0.0,0.36,0
19,0.1,0.0,0.38,0
19,0.1,0.0,0.4,0
19,0.1,0.0,0.42,0
19,0.1,0.0,0.44,0
19,0.1,0.0,0.46,0
19,0.1,0.0,0.48,0
19,0.1,0.0,0.5,0
19,0.1,0.0,0.52,0
19,0.1,0.0,0.54,90
19,0.1,0.0,0.56,0
19,0.1,0.0,0.58,0
19,0.1,0.0,0.6,0
19,0.1,0.0,0.62,0
19,0.1,0.0,0.64,0
19,0.1,0.0,0.66,0
19,0.1,0.0,0.68,0
19,0.1,0.0,0.7000000000000001,45
19,0.1,0.0,0.72,0
19,0.1,0.0,0.74,0
19,0.1,5.0,0.0,0
19,0.1,5.0,0.02,0
19,0.1,5.0,0.04,0
19,0.1,5.0,0.06,0
19,0.1,5.0,0.08,0
19,0.1,5.0,0.1,135
19,0.1,5.0,0.12,180
19,0.1,5.0,0.14,0
19,0.1,5.0,0.16,135
19,0.1,5.0,0.18,135
19,0.1,5.0,0.2,135
19,0.1,5.0,0.22,180
19,0.1,5.0,0.24,135
19,0.1,5.0,0.26,0
19,0.1,5.0,0.28,45
19,0.1,5.0,0.3,0
19,0.1,5.0,0.32,45
19,0.1,5.0,0.34,0
19,0.1,5.0,0.36,0
19,0.1,5.0,0.38,0
19,0.1,5.0,0.4,0
19,0.1,5.0,0.42,0
19,0.1,5.0,0.44,0
19,0.1,5.0,0.46,0
19,0.1,5.0,0.48,135
19,0.1,5.0,0.5,45
19,0.1,5.0,0.52,90
19,0.1,5.0,0.54,90
19,0.1,5.0,0.56,45
19,0.1,5.0,0.58,0
19,0.1,5.0,0.6,0
19,0.1,5.0,0.62,45
19,0.1,5.0,0.64,0
19,0.1,5.0,0.66,0
19,0.1,5.0,0.68,0
19,0.1,5.0,0.7000000000000001,0
19,0.1,5.0,0.72,0
19,0.1,5.0,0.74,0
19,0.1,10.0,0.0,0
19,0.1,10.0,0.02,90
19,0.1,10.0,0.04,45
19,0.1,10.0,0.06,135
19,0.1,10.0,0.08,0
19,0.1,10.0,0.1,135
19,0.1,10.0,0.12,0
19,0.1,10.0,0.14,135
19,0.1,10.0,0.16,180
19,0.1,10.0,0.18,135
19,0.1,10.0,0.2,180
19,0.1,10.0,0.22,90
19,0.1,10.0,0.24,0
19,0.1,10.0,0.26,45
19,0.1,10.0,0.28,0
19,0.1,10.0,0.3,0
19,0.1,10.0,0.32,90
19,0.1,10.0,0.34,0
19,0.1,10.0,0.36,0
19,0.1,10.0,0.38,45
19,0.1,10.0,0.4,0
19,0.1,10.0,0.42,0
19,0.1,10.0,0.44,0
19,0.1,10.0,0.46,0
19,0.1,10.0,0.48,135
19,0.1,10.0,0.5,90
19,0.1,10.0,0.52,0
19,0.1,10.0,0.54,0
19,0.1,10.0,0.56,0
19,0.1,10.0,0.58,45
19,0.1,10.0,0.6,45
19,0.1,10.0,0.62,0
19,0.1,10.0,0.64,0
19,0.1,10.0,0.66,0
19,0.1,10.0,0.68,0
19,0.1,10.0,0.7000000000000001,0
19,0.1,10.0,0.72,45
19,0.1,10.0,0.74,45
19,0.1,15.0,0.0,90
19,0.1,15.0,0.02,0
19,0.1,15.0,0.04,0
19,0.1,15.0,0.06,180
19,0.1,15.0,0.08,135
19,0.1,15.0,0.1,90
19,0.1,15.0,0.12,135
19,0.1,15.0,0.14,135
19,0.1,15.0,0.16,0
19,0.1,15.0,0.18,90
19,0.1,15.0,0.2,45
19,0.1,15.0,0.22,0
19,0.1,15.0,0.24,45
19,0.1,15.0,0.26,45
19,0.1,15.0,0.28,0
19,0.1,15.0,0.3,0
19,0.1,15.0,0.32,0
19,0.1,15.0,0.34,45
19,0.1,15.0,0.36,45
19,0.1,15.0,0.38,0
19,0.1,15.0,0.4,0
19,0.1,15.0,0.42,45
19,0.1,15.0,0.44,0
19,0.1,15.0,0.46,0
19,0.1,15.0,0.48,0
19,0.1,15.0,0.5,45
19,0.1,15.0,0.52,135
19,0.1,15.0,0.54,135
19,0.1,15.0,0.56,45
19,0.1,15.0,0.58,0
19,0.1,15.0,0.6,0
19,0.1,15.0,0.62,0
19,0.1,15.0,0.64,45
19,0.1,15.0,0.66,0
19,0.1,15.0,0.68,0
19,0.1,15.0,0.7000000000000001,0
19,0.1,15.0,0.72,0
19,0.1,15.0,0.74,0
19,0.1,20.0,0.0,0
19,0.1,20.0,0.02,0
19,0.1,20.0,0.04,0
19,0.1,20.0,0.06,135
19,0.1,20.0,0.08,180
19,0.1,20.0,0.1,180
19,0.1,20.0,0.12,0
19,0.1,20.0,0.14,0
19,0.1,20.0,0.16,0
19,0.1,20.0,0.18,0
19,0.1,20.0,0.2,0
19,0.1,20.0,0.22,0
19,0.1,20.0,0.24,0
19,0.1,20.0,0.26,90
19,0.1,20.0,0.28,135
19,0.1,20.0,0.3,90
19,0.1,20.0,0.32,180
19,0.1,20.0,0.34,180
19,0.1,20.0,0.36,135
19,0.1,20.0,0.38,135
19,0.1,20.0,0.4,90
19,0.1,20.0,0.42,0
19,0.1,20.0,0.44,45
19,0.1,20.0,0.46,0
19,0.1,20.0,0.48,0
19,0.1,20.0,0.5,0
19,0.1,20.0,0.52,135
19,0.1,20.0,0.54,135
19,0.1,20.0,0.56,90
19,0.1,20.0,0.58,0
19,0.1,20.0,0.6,0
19,0.1,20.0,0.62,0
19,0.1,20.0,0.64,0
19,0.1,20.0,0.66,0
19,0.1,20.0,0.68,135
19,0.1,20.0,0.7000000000000001,45
19,0.1,20.0,0.72,0
19,0.1,20.0,0.74,0
19,0.1,25.0,0.0,0
19,0.1,25.0,0.02,0
19,0.1,25.0,0.04,0
19,0.1,25.0,0.06,45
19,0.1,25.0,0.08,0
19,0.1,25.0,0.1,45
19,0.1,25.0,0.12,0
19,0.1,25.0,0.14,0
19,0.1,25.0,0.16,0
19,0.1,25.0,0.18,45
19,0.1,25.0,0.2,45
19,0.1,25.0,0.22,90
19,0.1,25.0,0.24,0
19,0.1,25.0,0.26,0
19,0.1,25.0,0.28,0
19,0.1,25.0,0.3,90
19,0.1,25.0,0.32,90
19,0.1,25.0,0.34,135
19,0.1,25.0,0.36,90
19,0.1,25.0,0.38,0
19,0.1,25.0,0.4,45
19,0.1,25.0,0.42,135
19,0.1,25.0,0.44,135
19,0.1,25.0,0.46,135
19,0.1,25.0,0.48,135
19,0.1,25.0,0.5,135
19,0.1,25.0,0.52,0
19,0.1,25.0,0.54,0
19,0.1,25.0,0.56,0
19,0.1,25.0,0.58,0
19,0.1,25.0,0.6,0
19,0.1,25.0,0.62,0
19,0.1,25.0,0.64,0
19,0.1,25.0,0.66,0
19,0.1,25.0,0.68,90
19,0.1,25.0,0.7000000000000001,135
19,0.1,25.0,0.72,90
19,0.1,25.0,0.74,0
19,0.1,30.0,0.0,0
19,0.1,30.0,0.02,0
19,0.1,30.0,0.04,135
19,0.1,30.0,0.06,0
19,0.1,30.0,0.08,0
19,0.1,30.0,0.1,0
19,0.1,30.0,0.12,0
19,0.1,30.0,0.14,0
19,0.1,30.0,0.16,0
19,0.1,30.0,0.18,0
19,0.1,30.0,0.2,90
19,0.1,30.0,0.22,0
19,0.1,30.0,0.24,135
19,0.1,30.0,0.26,135
19,0.1,30.0,0.28,90
19,0.1,30.0,0.3,90
19,0.1,30.0,0.32,0
19,0.1,30.0,0.34,135
19,0.1,30.0,0.36,135
19,0.1,30.0,0.38,135
19,0.1,30.0,0.4,135
19,0.1,30.0,0.42,0
19,0.1,30.0,0.44,0
19,0.1,30.0,0.46,135
19,0.1,30.0,0.48,0
19,0.1,30.0,0.5,45
19,0.1,30.0,0.52,90
19,0.1,30.0,0.54,0
19,0.1,30.0,0.56,90
19,0.1,30.0,0.58,0
19,0.1,30.0,0.6,0
19,0.1,30.0,0.62,0
19,0.1,30.0,0.64,0
19,0.1,30.0,0.66,90
19,0.1,30.0,0.68,45
19,0.1,30.0,0.7000000000000001,0
19,0.1,30.0,0.72,0
19,0.1,30.0,0.74,135
19,0.1,40.0,0.0,0
19,0.1,40.0,0.02,0
19,0.1,40.0,0.04,0
19,0.1,40.0,0.06,135
19,0.1,40.0,0.08,180
19,0.1,40.0,0.1,45
19,0.1,40.0,0.12,0
19,0.1,40.0,0.14,0
19,0.1,40.0,0.16,180
19,0.1,40.0,0.18,135
19,0.1,40.0,0.2,90
19,0.1,40.0,0.22,135
19,0.1,40.0,0.24,135
19,0.1,40.0,0.26,0
19,0.1,40.0,0.28,0
19,0.1,40.0,0.3,45
19,0.1,40.0,0.32,135
19,0.1,40.0,0.34,135
19,0.1,40.0,0.36,135
19,0.1,40.0,0.38,0
19,0.1,40.0,0.4,135
19,0.1,40.0,0.42,135
19,0.1,40.0,0.44,0
19,0.1,40.0,0.46,45
19,0.1,40.0,0.48,180
19,0.1,40.0,0.5,0
19,0.1,40.0,0.52,0
19,0.1,40.0,0.54,0
19,0.1,40.0,0.56,45
19,0.1,40.0,0.58,90
19,0.1,40.0,0.6,45
19,0.1,40.0,0.62,45
19,0.1,40.0,0.64,90
19,0.1,40.0,0.66,45
19,0.1,40.0,0.68,90
19,0.1,40.0,0.7000000000000001,90
19,0.1,40.0,0.72,45
19,0.1,40.0,0.74,45
19,0.1,50.0,0.0,0
19,0.1,50.0,0.02,0
19,0.1,50.0,0.04,0
19,0.1,50.0,0.06,0
19,0.1,50.0,0.08,135
19,0.1,50.0,0.1,180
19,0.1,50.0,0.12,90
19,0.1,50.0,0.14,45
19,0.1,50.0,0.16,0
19,0.1,50.0,0.18,0
19,0.1,50.0,0.2,90
19,0.1,50.0,0.22,0
19,0.1,50.0,0.24,45
19,0.1,50.0,0.26,90
19,0.1,50.0,0.28,135
19,0.1,50.0,0.3,90
19,0.1,50.0,0.32,135
19,0.1,50.0,0.34,180
19,0.1,50.0,0.36,135
19,0.1,50.0,0.38,90
19,0.1,50.0,0.4,135
19,0.1,50.0,0.42,135
19,0.1,50.0,0.44,0
19,0.1,50.0,0.46,0
19,0.1,50.0,0.48,0
19,0.1,50.0,0.5,0
19,0.1,50.0,0.52,0
19,0.1,50.0,0.54,45
19,0.1,50.0,0.56,135
19,0.1,50.0,0.58,45
19,0.1,50.0,0.6,0
19,0.1,50.0,0.62,0
19,0.1,50.0,0.64,135
19,0.1,50.0,0.66,135
19,0.1,50.0,0.68,135
19,0.1,50.0,0.7000000000000001,0
19,0.1,50.0,0.72,0
19,0.1,50.0,0.74,45
19,0.1,100.0,0.0,0
19,0.1,100.0,0.02,45
19,0.1,100.0,0.04,0
19,0.1,100.0,0.06,45
19,0.1,100.0,0.08,135
19,0.1,100.0,0.1,0
19,0.1,100.0,0.12,135
19,0.1,100.0,0.14,135
19,0.1,100.0,0.16,45
19,0.1,100.0,0.18,0
19,0.1,100.0,0.2,0
19,0.1,100.0,0.22,0
19,0.1,100.0,0.24,180
19,0.1,100.0,0.26,135
19,0.1,100.0,0.28,45
19,0.1,100.0,0.3,135
19,0.1,100.0,0.32,135
19,0.1,100.0,0.34,90
19,0.1,100.0,0.36,90
19,0.1,100.0,0.38,135
19,0.1,100.0,0.4,180
19,0.1,100.0,0.42,135
19,0.1,100.0,0.44,0
19,0.1,100.0,0.46,135
19,0.1,100.0,0.48,180
19,0.1,100.0,0.5,135
19,0.1,100.0,0.52,90
19,0.1,100.0,0.54,45
19,0.1,100.0,0.56,0
19,0.1,100.0,0.58,45
19,0.1,100.0,0.6,45
19,0.1,100.0,0.62,0
19,0.1,100.0,0.64,0
19,0.1,100.0,0.66,0
19,0.1,100.0,0.68,0
19,0.1,100.0,0.7000000000000001,0
19,0.1,100.0,0.72,0
19,0.1,100.0,0.74,0
10,0.15,0.0,0.0,0
10,0.15,0.0,0.02,0
10,0.15,0.0,0.04,0
10,0.15,0.0,0.06,0
10,0.15,0.0,0.08,0
10,0.15,0.0,0.1,0
10,0.15,0.0,0.12,0
10,0.15,0.0,0.14,0
10,0.15,0.0,0.16,0
10,0.15,0.0,0.18,0
10,0.15,0.0,0.2,0
10,0.15,0.0,0.22,0
10,0.15,0.0,0.24,0
10,0.15,0.0,0.26,0
10,0.15,0.0,0.28,0
10,0.15,0.0,0.3,0
10,0.15,0.0,0.32,0
10,0.15,0.0,0.34,0
10,0.15,0.0,0.36,0
10,0.15,0.0,0.38,0
10,0.15,0.0,0.4,0
10,0.15,0.0,0.42,0
10,0.15,0.0,0.44,0
10,0.15,0.0,0.46,0
10,0.15,0.0,0.48,0
10,0.15,0.0,0.5,0
10,0.15,0.0,0.52,0
10,0.15,0.0,0.54,0
10,0.15,0.0,0.56,0
10,0.15,0.0,0.58,0
10,0.15,0.0,0.6,0
10,0.15,0.0,0.62,0
10,0.15,0.0,0.64,0
10,0.15,0.0,0.66,0
10,0.15,0.0,0.68,0
10,0.15,0.0,0.7000000000000001,0
10,0.15,0.0,0.72,0
10,0.15,0.0,0.74,0
10,0.15,5.0,0.0,0
10,0.15,5.0,0.02,0
10,0.15,5.0,0.04,0
10,0.15,5.0,0.06,0
10,0.15,5.0,0.08,0
10,0.15,5.0,0.1,180
10,0.15,5.0,0.12,135
10,0.15,5.0,0.14,180
10,0.15,5.0,0.16,135
10,0.15,5.0,0.18,0
10,0.15,5.0,0.2,0
10,0.15,5.0,0.22,0
10,0.15,5.0,0.24,0
10,0.15,5.0,0.26,0
10,0.15,5.0,0.28,0
10,0.15,5.0,0.3,0
10,0.15,5.0,0.32,0
10,0.15,5.0,0.34,0
10,0.15,5.0,0.36,0
10,0.15,5.0,0.38,0
10,0.15,5.0,0.4,0
10,0.15,5.0,0.42,0
10,0.15,5.0,0.44,0
10,0.15,5.0,0.46,0
10,0.15,5.0,0.48,0
10,0.15,5.0,0.5,0
10,0.15,5.0,0.52,0
10,0.15,5.0,0.54,0
10,0.15,5.0,0.56,0
10,0.15,5.0,0.58,0
10,0.15,5.0,0.6,0
10,0.15,5.0,0.62,0
10,0.15,5.0,0.64,0
10,0.15,5.0,0.66,0
10,0.15,5.0,0.68,0
10,0.15,5.0,0.7000000000000001,0
10,0.15,5.0,0.72,135
10,0.15,5.0,0.74,90
10,0.15,10.0,0.0,0
10,0.15,10.0,0.02,0
10,0.15,10.0,0.04,0
10,0.15,10.0,0.06,0
10,0.15,10.0,0.08,0
10,0.15,10.0,0.1,0
10,0.15,10.0,0.12,0
10,0.15,10.0,0.14,0
10,0.15,10.0,0.16,0
10,0.15,10.0,0.18,0
10,0.15,10.0,0.2,0
10,0.15,10.0,0.22,0
10,0.15,10.0,0.24,0
10,0.15,10.0,0.26,0
10,0.15,10.0,0.28,0
10,0.15,10.0,0.3,0
10,0.15,10.0,0.32,0
10,0.15,10.0,0.34,0
10,0.15,10.0,0.36,0
10,0.15,10.0,0.38,0
10,0.15,10.0,0.4,0
10,0.15,10.0,0.42,0
10,0.15,10.0,0.44,0
10,0.15,10.0,0.46,0
10,0.15,10.0,0.48,0
10,0.15,10.0,0.5,0
10,0.15,10.0,0.52,0
10,0.15,10.0,0.54,0
10,0.15,10.0,0.56,0
10,0.15,10.0,0.58,0
10,0.15,10.0,0.6,0
10,0.15,10.0,0.62,0
10,0.15,10.0,0.64,45
10,0.15,10.0,0.66,0
10,0.15,10.0,0.68,0
10,0.15,10.0,0.7000000000000001,90
10,0.15,10.0,0.72,0
10,0.15,10.0,0.74,0
10,0.15,15.0,0.0,0
10,0.15,15.0,0.02,0
10,0.15,15.0,0.04,0
10,0.15,15.0,0.06,0
10,0.15,15.0,0.08,0
10,0.15,15.0,0.1,0
10,0.15,15.0,0.12,0
10,0.15,15.0,0.14,0
10,0.15,15.0,0.16,135
10,0.15,15.0,0.18,135
10,0.15,15.0,0.2,0
10,0.15,15.0,0.22,0
10,0.15,15.0,0.24,0
10,0.15,15.0,0.26,0
10,0.15,15.0,0.28,0
10,0.15,15.0,0.3,90
10,0.15,15.0,0.32,135
10,0.15,15.0,0.34,135
10,0.15,15.0,0.36,45
10,0.15,15.0,0.38,0
10,0.15,15.0,0.4,45
10,0.15,15.0,0.42,0
10,0.15,15.0,0.44,45
10,0.15,15.0,0.46,0
10,0.15,15.0,0.48,0
10,0.15,15.0,0.5,0
10,0.15,15.0,0.52,0
10,0.15,15.0,0.54,135
10,0.15,15.0,0.56,135
10,0.15,15.0,0.58,135
10,0.15,15.0,0.6,135
10,0.15,15.0,0.62,135
10,0.15,15.0,0.64,0
10,0.15,15.0,0.66,0
10,0.15,15.0,0.68,0
10,0.15,15.0,0.7000000000000001,0
10,0.15,15.0,0.72,45
10,0.15,15.0,0.74,0
10,0.15,20.0,0.0,0
10,0.15,20.0,0.02,0
10,0.15,20.0,0.04,90
10,0.15,20.0,0.06,0
10,0.15,20.0,0.08,0
10,0.15,20.0,0.1,0
10,0.15,20.0,0.12,0
10,0.15,20.0,0.14,0
10,0.15,20.0,0.16,0
10,0.15,20.0,0.18,0
10,0.15,20.0,0.2,0
10,0.15,20.0,0.22,45
10,0.15,20.0,0.24,0
10,0.15,20.0,0.26,0
10,0.15,20.0,0.28,0
10,0.15,20.0,0.3,0
10,0.15,20.0,0.32,0
10,0.15,20.0,0.34,45
10,0.15,20.0,0.36,90
10,0.15,20.0,0.38,45
10,0.15,20.0,0.4,0
10,0.15,20.0,0.42,0
10,0.15,20.0,0.44,0
10,0.15,20.0,0.46,180
10,0.15,20.0,0.48,180
10,0.15,20.0,0.5,135
10,0.15,20.0,0.52,135
10,0.15,20.0,0.54,0
10,0.15,20.0,0.56,0
10,0.15,20.0,0.58,0
10,0.15,20.0,0.6,0
10,0.15,20.0,0.62,0
10,0.15,20.0,0.64,0
10,0.15,20.0,0.66,0
10,0.15,20.0,0.68,0
10,0.15,20.0,0.7000000000000001,0
10,0.15,20.0,0.72,0
10,0.15,20.0,0.74,45
10,0.15,25.0,0.0,0
10,0.15,25.0,0.02,0
10,0.15,25.0,0.04,0
10,0.15,25.0,0.06,0
10,0.15,25.0,0.08,0
10,0.15,25.0,0.1,0
10,0.15,25.0,0.12,0
10,0.15,25.0,0.14,45
10,0.15,25.0,0.16,0
10,0.15,25.0,0.18,0
10,0.15,25.0,0.2,0
10,0.15,25.0,0.22,0
10,0.15,25.0,0.24,0
10,0.15,25.0,0.26,90
10,0.15,25.0,0.28,135
10,0.15,25.0,0.3,135
10,0.15,25.0,0.32,0
10,0.15,25.0,0.34,0
10,0.15,25.0,0.36,0
10,0.15,25.0,0.38,180
10,0.15,25.0,0.4,135
10,0.15,25.0,0.42,180
10,0.15,25.0,0.44,90
10,0.15,25.0,0.46,90
10,0.15,25.0,0.48,0
10,0.15,25.0,0.5,0
10,0.15,25.0,0.52,0
10,0.15,25.0,0.54,0
10,0.15,25.0,0.56,0
10,0.15,25.0,0.58,0
10,0.15,25.0,0.6,0
10,0.15,25.0,0.62,0
10,0.15,25.0,0.64,0
10,0.15,25.0,0.66,0
10,0.15,25.0,0.68,0
10,0.15,25.0,0.7000000000000001,0
10,0.15,25.0,0.72,0
10,0.15,25.0,0.74,45
10,0.15,30.0,0.0,0
10,0.15,30.0,0.02,0
10,0.15,30.0,0.04,0
10,0.15,30.0,0.06,0
10,0.15,30.0,0.08,90
10,0.15,30.0,0.1,0
10,0.15,30.0,0.12,0
10,0.15,30.0,0.14,0
10,0.15,30.0,0.16,0
10,0.15,30.0,0.18,0
10,0.15,30.0,0.2,0
10,0.15,30.0,0.22,90
10,0.15,30.0,0.24,0
10,0.15,30.0,0.26,0
10,0.15,30.0,0.28,0
10,0.15,30.0,0.3,0
10,0.15,30.0,0.32,135
10,0.15,30.0,0.34,135
10,0.15,30.0,0.36,135
10,0.15,30.0,0.38,0
10,0.15,30.0,0.4,90
10,0.15,30.0,0.42,135
10,0.15,30.0,0.44,135
10,0.15,30.0,0.46,135
10,0.15,30.0,0.48,90
10,0.15,30.0,0.5,45
10,0.15,30.0,0.52,0
10,0.15,30.0,0.54,0
10,0.15,30.0,0.56,0
10,0.15,30.0,0.58,0
10,0.15,30.0,0.6,0
10,0.15,30.0,0.62,0
10,0.15,30.0,0.64,0
10,0.15,30.0,0.66,0
10,0.15,30.0,0.68,0
10,0.15,30.0,0.7000000000000001,0
10,0.15,30.0,0.72,0
10,0.15,30.0,0.74,0
10,0.15,40.0,0.0,0
10,0.15,40.0,0.02,45
10,0.15,40.0,0.04,45
10,0.15,40.0,0.06,135
10,0.15,40.0,0.08,90
10,0.15,40.0,0.1,45
10,0.15,40.0,0.12,0
10,0.15,40.0,0.14,0
10,0.15,40.0,0.16,45
10,0.15,40.0,0.18,135
10,0.15,40.0,0.2,135
10,0.15,40.0,0.22,0
10,0.15,40.0,0.24,0
10,0.15,40.0,0.26,0
10,0.15,40.0,0.28,0
10,0.15,40.0,0.3,0
10,0.15,40.0,0.32,0
10,0.15,40.0,0.34,0
10,0.15,40.0,0.36,0
10,0.15,40.0,0.38,0
10,0.15,40.0,0.4,0
10,0.15,40.0,0.42,45
10,0.15,40.0,0.44,0
10,0.15,40.0,0.46,0
10,0.15,40.0,0.48,135
10,0.15,40.0,0.5,90
10,0.15,40.0,0.52,90
10,0.15,40.0,0.54,45
10,0.15,40.0,0.56,45
10,0.15,40.0,0.58,45
10,0.15,40.0,0.6,45
10,0.15,40.0,0.62,0
10,0.15,40.0,0.64,180
10,0.15,40.0,0.66,45
10,0.15,40.0,0.68,45
10,0.15,40.0,0.7000000000000001,0
10,0.15,40.0,0.72,45
10,0.15,40.0,0.74,45
10,0.15,50.0,0.0,0
10,0.15,50.0,0.02,0
10,0.15,50.0,0.04,0
10,0.15,50.0,0.06,0
10,0.15,50.0,0.08,0
10,0.15,50.0,0.1,135
10,0.15,50.0,0.12,0
10,0.15,50.0,0.14,90
10,0.15,50.0,0.16,135
10,0.15,50.0,0.18,135
10,0.15,50.0,0.2,135
10,0.15,50.0,0.22,135
10,0.15,50.0,0.24,135
10,0.15,50.0,0.26,135
10,0.15,50.0,0.28,135
10,0.15,50.0,0.3,0
10,0.15,50.0,0.32,180
10,0.15,50.0,0.34,135
10,0.15,50.0,0.36,135
10,0.15,50.0,0.38,135
10,0.15,50.0,0.4,135
10,0.15,50.0,0.42,0
10,0.15,50.0,0.44,135
10,0.15,50.0,0.46,0
10,0.15,50.0,0.48,135
10,0.15,50.0,0.5,0
10,0.15,50.0,0.52,0
10,0.15,50.0,0.54,0
10,0.15,50.0,0.56,135
10,0.15,50.0,0.58,135
10,0.15,50.0,0.6,0
10,0.15,50.0,0.62,45
10,0.15,50.0,0.64,45
10,0.15,50.0,0.66,0
10,0.15,50.0,0.68,0
10,0.15,50.0,0.7000000000000001,0
10,0.15,50.0,0.72,180
10,0.15,50.0,0.74,135
10,0.15,100.0,0.0,0
10,0.15,100.0,0.02,135
10,0.15,100.0,0.04,180
10,0.15,100.0,0.06,135
10,0.15,100.0,0.08,90
10,0.15,100.0,0.1,135
10,0.15,100.0,0.12,135
10,0.15,100.0,0.14,0
10,0.15,100.0,0.16,45
10,0.15,100.0,0.18,180
10,0.15,100.0,0.2,135
10,0.15,100.0,0.22,0
10,0.15,100.0,0.24,0
10,0.15,100.0,0.26,0
10,0.15,100.0,0.28,135
10,0.15,100.0,0.3,90
10,0.15,100.0,0.32,45
10,0.15,100.0,0.34,0
10,0.15,100.0,0.36,0
10,0.15,100.0,0.38,0
10,0.15,100.0,0.4,180
10,0.15,100.0,0.42,180
10,0.15,100.0,0.44,45
10,0.15,100.0,0.46,45
10,0.15,100.0,0.48,0
10,0.15,100.0,0.5,0
10,0.15,100.0,0.52,45
10,0.15,100.0,0.54,0
10,0.15,100.0,0.56,0
10,0.15,100.0,0.58,0
10,0.15,100.0,0.6,135
10,0.15,100.0,0.62,135
10,0.15,100.0,0.64,135
10,0.15,100.0,0.66,45
10,0.15,100.0,0.68,0
10,0.15,100.0,0.7000000000000001,135
10,0.15,100.0,0.72,135
10,0.15,100.0,0.74,90
11,0.15,0.0,0.0,0
11,0.15,0.0,0.02,0
11,0.15,0.0,0.04,0
11,0.15,0.0,0.06,0
11,0.15,0.0,0.08,0
11,0.15,0.0,0.1,0
11,0.15,0.0,0.12,0
11,0.15,0.0,0.14,0
11,0.15,0.0,0.16,0
11,0.15,0.0,0.18,0
11,0.15,0.0,0.2,0
11,0.15,0.0,0.22,0
11,0.15,0.0,0.24,0
11,0.15,0.0,0.26,0
11,0.15,0.0,0.28,0
11,0.15,0.0,0.3,0
11,0.15,0.0,0.32,0
11,0.15,0.0,0.34,0
11,0.15,0.0,0.36,0
11,0.15,0.0,0.38,0
11,0.15,0.0,0.4,0
11,0.15,0.0,0.42,0
11,0.15,0.0,0.44,0
11,0.15,0.0,0.46,0
11,0.15,0.0,0.48,0
11,0.15,0.0,0.5,0
11,0.15,0.0,0.52,0
11,0.15,0.0,0.54,0
11,0.15,0.0,0.56,0
11,0.15,0.0,0.58,0
11,0.15,0.0,0.6,0
11,0.15,0.0,0.62,0
11,0.15,0.0,0.64,0
11,0.15,0.0,0.66,0
11,0.15,0.0,0.68,0
11,0.15,0.0,0.7000000000000001,0
11,0.15,0.0,0.72,0
11,0.15,0.0,0.74,0
11,0.15,5.0,0.0,0
11,0.15,5.0,0.02,0
11,0.15,5.0,0.04,0
11,0.15,5.0,0.06,0
11,0.15,5.0,0.08,0
11,0.15,5.0,0.1,0
11,0.15,5.0,0.12,0
11,0.15,5.0,0.14,0
11,0.15,5.0,0.16,0
11,0.15,5.0,0.18,0
11,0.15,5.0,0.2,0
11,0.15,5.0,0.22,45
11,0.15,5.0,0.24,0
11,0.15,5.0,0.26,0
11,0.15,5.0,0.28,0
11,0.15,5.0,0.3,0
11,0.15,5.0,0.32,0
11,0.15,5.0,0.34,0
11,0.15,5.0,0.36,0
11,0.15,5.0,0.38,0
11,0.15,5.0,0.4,0
11,0.15,5.0,0.42,0
11,0.15,5.0,0.44,0
11,0.15,5.0,0.46,0
11,0.15,5.0,0.48,135
11,0.15,5.0,0.5,135
11,0.15,5.0,0.52,0
11,0.15,5.0,0.54,0
11,0.15,5.0,0.56,0
11,0.15,5.0,0.58,0
11,0.15,5.0,0.6,0
11,0.15,5.0,0.62,45
11,0.15,5.0,0.64,0
11,0.15,5.0,0.66,0
11,0.15,5.0,0.68,0
11,0.15,5.0,0.7000000000000001,0
11,0.15,5.0,0.72,0
11,0.15,5.0,0.74,0
11,0.15,10.0,0.0,0
11,0.15,10.0,0.02,0
11,0.15,10.0,0.04,0
11,0.15,10.0,0.06,0
11,0.15,10.0,0.08,0
11,0.15,10.0,0.1,0
11,0.15,10.0,0.12,0
11,0.15,10.0,0.14,0
11,0.15,10.0,0.16,0
11,0.15,10.0,0.18,0
11,0.15,10.0,0.2,0
11,0.15,10.0,0.22,90
11,0.15,10.0,0.24,135
11,0.15,10.0,0.26,135
11,0.15,10.0,0.28,180
11,0.15,10.0,0.3,135
11,0.15,10.0,0.32,0
11,0.15,10.0,0.34,0
11,0.15,10.0,0.36,0
11,0.15,10.0,0.38,0
11,0.15,10.0,0.4,0
11,0.15,10.0,0.42,0
11,0.15,10.0,0.44,0
11,0.15,10.0,0.46,0
11,0.15,10.0,0.48,0
11,0.15,10.0,0.5,0
11,0.15,10.0,0.52,0
11,0.15,10.0,0.54,0
11,0.15,10.0,0.56,45
11,0.15,10.0,0.58,0
11,0.15,10.0,0.6,0
11,0.15,10.0,0.62,0
11,0.15,10.0,0.64,0
11,0.15,10.0,0.66,0
11,0.15,10.0,0.68,0
11,0.15,10.0,0.7000000000000001,0
11,0.15,10.0,0.72,0
11,0.15,10.0,0.74,0
11,0.15,15.0,0.0,0
11,0.15,15.0,0.02,135
11,0.15,15.0,0.04,135
11,0.15,15.0,0.06,135
11,0.15,15.0,0.08,180
11,0.15,15.0,0.1,0
11,0.15,15.0,0.12,0
11,0.15,15.0,0.14,0
11,0.15,15.0,0.16,0
11,0.15,15.0,0.18,0
11,0.15,15.0,0.2,0
11,0.15,15.0,0.22,0
11,0.15,15.0,0.24,0
11,0.15,15.0,0.26,0
11,0.15,15.0,0.28,0
11,0.15,15.0,0.3,0
11,0.15,15.0,0.32,0
11,0.15,15.0,0.34,90
11,0.15,15.0,0.36,0
11,0.15,15.0,0.38,0
11,0.15,15.0,0.4,0
11,0.15,15.0,0.42,0
11,0.15,15.0,0.44,0
11,0.15,15.0,0.46,0
11,0.15,15.0,0.48,0
11,0.15,15.0,0.5,0
11,0.15,15.0,0.52,45
11,0.15,15.0,0.54,0
11,0.15,15.0,0.56,0
11,0.15,15.0,0.58,0
11,0.15,15.0,0.6,45
11,0.15,15.0,0.62,0
11,0.15,15.0,0.64,0
11,0.15,15.0,0.66,180
11,0.15,15.0,0.68,135
11,0.15,15.0,0.7000000000000001,0
11,0.15,15.0,0.72,0
11,0.15,15.0,0.74,0
11,0.15,20.0,0.0,0
11,0.15,20.0,0.02,0
11,0.15,20.0,0.04,0
11,0.15,20.0,0.06,180
11,0.15,20.0,0.08,135
11,0.15,20.0,0.1,90
11,0.15,20.0,0.12,180
11,0.15,20.0,0.14,135
11,0.15,20.0,0.16,0
11,0.15,20.0,0.18,0
11,0.15,20.0,0.2,0
11,0.15,20.0,0.22,0
11,0.15,20.0,0.24,0
11,0.15,20.0,0.26,0
11,0.15,20.0,0.28,135
11,0.15,20.0,0.3,180
11,0.15,20.0,0.32,180
11,0.15,20.0,0.34,0
11,0.15,20.0,0.36,0
11,0.15,20.0,0.38,135
11,0.15,20.0,0.4,135
11,0.15,20.0,0.42,0
11,0.15,20.0,0.44,0
11,0.15,20.0,0.46,90
11,0.15,20.0,0.48,90
11,0.15,20.0,0.5,0
11,0.15,20.0,0.52,135
11,0.15,20.0,0.54,180
11,0.15,20.0,0.56,135
11,0.15,20.0,0.58,0
11,0.15,20.0,0.6,0
11,0.15,20.0,0.62,0
11,0.15,20.0,0.64,0
11,0.15,20.0,0.66,0
11,0.15,20.0,0.68,45
11,0.15,20.0,0.7000000000000001,0
11,0.15,20.0,0.72,0
11,0.15,20.0,0.74,0
11,0.15,25.0,0.0,0
11,0.15,25.0,0.02,0
11,0.15,25.0,0.04,0
11,0.15,25.0,0.06,0
11,0.15,25.0,0.08,0
11,0.15,25.0,0.1,0
11,0.15,25.0,0.12,180
11,0.15,25.0,0.14,135
11,0.15,25.0,0.16,90
11,0.15,25.0,0.18,0
11,0.15,25.0,0.2,0
11,0.15,25.0,0.22,0
11,0.15,25.0,0.24,180
11,0.15,25.0,0.26,180
11,0.15,25.0,0.28,0
11,0.15,25.0,0.3,0
11,0.15,25.0,0.32,0
11,0.15,25.0,0.34,0
11,0.15,25.0,0.36,0
11,0.15,25.0,0.38,0
11,0.15,25.0,0.4,0
11,0.15,25.0,0.42,0
11,0.15,25.0,0.44,0
11,0.15,25.0,0.46,0
11,0.15,25.0,0.48,0
11,0.15,25.0,0.5,45
11,0.15,25.0,0.52,180
11,0.15,25.0,0.54,90
11,0.15,25.0,0.56,135
11,0.15,25.0,0.58,90
11,0.15,25.0,0.6,45
11,0.15,25.0,0.62,45
11,0.15,25.0,0.64,0
11,0.15,25.0,0.66,0
11,0.15,25.0,0.68,135
11,0.15,25.0,0.7000000000000001,135
11,0.15,25.0,0.72,180
11,0.15,25.0,0.74,135
11,0.15,30.0,0.0,0
11,0.15,30.0,0.02,0
11,0.15,30.0,0.04,0
11,0.15,30.0,0.06,0
11,0.15,30.0,0.08,0
11,0.15,30.0,0.1,0
11,0.15,30.0,0.12,0
11,0.15,30.0,0.14,0
11,0.15,30.0,0.16,0
11,0.15,30.0,0.18,135
11,0.15,30.0,0.2,0
11,0.15,30.0,0.22,0
11,0.15,30.0,0.24,90
11,0.15,30.0,0.26,0
11,0.15,30.0,0.28,0
11,0.15,30.0,0.3,0
11,0.15,30.0,0.32,0
11,0.15,30.0,0.34,0
11,0.15,30.0,0.36,135
11,0.15,30.0,0.38,0
11,0.15,30.0,0.4,0
11,0.15,30.0,0.42,45
11,0.15,30.0,0.44,90
11,0.15,30.0,0.46,135
11,0.15,30.0,0.48,0
11,0.15,30.0,0.5,0
11,0.15,30.0,0.52,135
11,0.15,30.0,0.54,135
11,0.15,30.0,0.56,135
11,0.15,30.0,0.58,135
11,0.15,30.0,0.6,0
11,0.15,30.0,0.62,90
11,0.15,30.0,0.64,135
11,0.15,30.0,0.66,0
11,0.15,30.0,0.68,0
11,0.15,30.0,0.7000000000000001,0
11,0.15,30.0,0.72,0
11,0.15,30.0,0.74,45
11,0.15,40.0,0.0,0
11,0.15,40.0,0.02,0
11,0.15,40.0,0.04,0
11,0.15,40.0,0.06,0
11,0.15,40.0,0.08,45
11,0.15,40.0,0.1,90
11,0.15,40.0,0.12,135
11,0.15,40.0,0.14,90
11,0.15,40.0,0.16,135
11,0.15,40.0,0.18,0
11,0.15,40.0,0.2,0
11,0.15,40.0,0.22,0
11,0.15,40.0,0.24,45
11,0.15,40.0,0.26,0
11,0.15,40.0,0.28,0
11,0.15,40.0,0.3,0
11,0.15,40.0,0.32,0
11,0.15,40.0,0.34,0
11,0.15,40.0,0.36,180
11,0.15,40.0,0.38,135
11,0.15,40.0,0.4,180
11,0.15,40.0,0.42,0
11,0.15,40.0,0.44,0
11,0.15,40.0,0.46,0
11,0.15,40.0,0.48,45
11,0.15,40.0,0.5,0
11,0.15,40.0,0.52,135
11,0.15,40.0,0.54,0
11,0.15,40.0,0.56,0
11,0.15,40.0,0.58,0
11,0.15,40.0,0.6,0
11,0.15,40.0,0.62,0
11,0.15,40.0,0.64,0
11,0.15,40.0,0.66,45
11,0.15,40.0,0.68,180
11,0.15,40.0,0.7000000000000001,180
11,0.15,40.0,0.72,0
11,0.15,40.0,0.74,45
11,0.15,50.0,0.0,0
11,0.15,50.0,0.02,0
11,0.15,50.0,0.04,180
11,0.15,50.0,0.06,0
11,0.15,50.0,0.08,0
11,0.15,50.0,0.1,0
11,0.15,50.0,0.12,45
11,0.15,50.0,0.14,45
11,0.15,50.0,0.16,45
11,0.15,50.0,0.18,0
11,0.15,50.0,0.2,0
11,0.15,50.0,0.22,45
11,0.15,50.0,0.24,0
11,0.15,50.0,0.26,45
11,0.15,50.0,0.28,0
11,0.15,50.0,0.3,45
11,0.15,50.0,0.32,180
11,0.15,50.0,0.34,90
11,0.15,50.0,0.36,180
11,0.15,50.0,0.38,180
11,0.15,50.0,0.4,180
11,0.15,50.0,0.42,180
11,0.15,50.0,0.44,180
11,0.15,50.0,0.46,135
11,0.15,50.0,0.48,180
11,0.15,50.0,0.5,180
11,0.15,50.0,0.52,0
11,0.15,50.0,0.54,0
11,0.15,50.0,0.56,90
11,0.15,50.0,0.58,180
11,0.15,50.0,0.6,0
11,0.15,50.0,0.62,0
11,0.15,50.0,0.64,135
11,0.15,50.0,0.66,135
11,0.15,50.0,0.68,0
11,0.15,50.0,0.7000000000000001,0
11,0.15,50.0,0.72,90
11,0.15,50.0,0.74,180
11,0.15,100.0,0.0,0
11,0.15,100.0,0.02,0
11,0.15,100.0,0.04,0
11,0.15,100.0,0.06,45
11,0.15,100.0,0.08,0
11,0.15,100.0,0.1,0
11,0.15,100.0,0.12,45
11,0.15,100.0,0.14,0
11,0.15,100.0,0.16,0
11,0.15,100.0,0.18,180
11,0.15,100.0,0.2,45
11,0.15,100.0,0.22,0
11,0.15,100.0,0.24,90
11,0.15,100.0,0.26,0
11,0.15,100.0,0.28,0
11,0.15,100.0,0.3,90
11,0.15,100.0,0.32,90
11,0.15,100.0,0.34,45
11,0.15,100.0,0.36,45
11,0.15,100.0,0.38,45
11,0.15,100.0,0.4,45
11,0.15,100.0,0.42,0
11,0.15,100.0,0.44,0
11,0.15,100.0,0.46,0
11,0.15,100.0,0.48,0
11,0.15,100.0,0.5,0
11,0.15,100.0,0.52,0
11,0.15,100.0,0.54,0
11,0.15,100.0,0.56,0
11,0.15,100.0,0.58,0
11,0.15,100.0,0.6,0
11,0.15,100.0,0.62,0
11,0.15,100.0,0.64,0
11,0.15,100.0,0.66,0
11,0.15,100.0,0.68,0
11,0.15,100.0,0.7000000000000001,0
11,0.15,100.0,0.72,0
11,0.15,100.0,0.74,0
12,0.15,0.0,0.0,0
12,0.15,0.0,0.02,0
12,0.15,0.0,0.04,0
12,0.15,0.0,0.06,0
12,0.15,0.0,0.08,0
12,0.15,0.0,0.1,0
12,0.15,0.0,0.12,0
12,0.15,0.0,0.14,0
12,0.15,0.0,0.16,0
12,0.15,0.0,0.18,0
12,0.15,0.0,0.2,0
12,0.15,0.0,0.22,0
12,0.15,0.0,0.24,0
12,0.15,0.0,0.26,0
12,0.15,0.0,0.28,0
12,0.15,0.0,0.3,0
12,0.15,0.0,0.32,0
12,0.15,0.0,0.34,0
12,0.15,0.0,0.36,0
12,0.15,0.0,0.38,0
12,0.15,0.0,0.4,0
12,0.15,0.0,0.42,0
12,0.15,0.0,0.44,0
12,0.15,0.0,0.46,0
12,0.15,0.0,0.48,0
12,0.15,0.0,0.5,0
12,0.15,0.0,0.52,0
12,0.15,0.0,0.54,0
12,0.15,0.0,0.56,0
12,0.15,0.0,0.58,0
12,0.15,0.0,0.6,0
12,0.15,0.0,0.62,0
12,0.15,0.0,0.64,0
12,0.15,0.0,0.66,0
12,0.15,0.0,0.68,0
12,0.15,0.0,0.7000000000000001,0
12,0.15,0.0,0.72,0
12,0.15,0.0,0.74,0
12,0.15,5.0,0.0,0
12,0.15,5.0,0.02,45
12,0.15,5.0,0.04,135
12,0.15,5.0,0.06,0
12,0.15,5.0,0.08,0
12,0.15,5.0,0.1,0
12,0.15,5.0,0.12,0
12,0.15,5.0,0.14,0
12,0.15,5.0,0.16,0
12,0.15,5.0,0.18,0
12,0.15,5.0,0.2,0
12,0.15,5.0,0.22,0
12,0.15,5.0,0.24,0
12,0.15,5.0,0.26,135
12,0.15,5.0,0.28,90
12,0.15,5.0,0.3,90
12,0.15,5.0,0.32,90
12,0.15,5.0,0.34,0
12,0.15,5.0,0.36,0
12,0.15,5.0,0.38,0
12,0.15,5.0,0.4,0
12,0.15,5.0,0.42,0
12,0.15,5.0,0.44,0
12,0.15,5.0,0.46,0
12,0.15,5.0,0.48,0
12,0.15,5.0,0.5,0
12,0.15,5.0,0.52,0
12,0.15,5.0,0.54,0
12,0.15,5.0,0.56,0
12,0.15,5.0,0.58,0
12,0.15,5.0,0.6,0
12,0.15,5.0,0.62,0
12,0.15,5.0,0.64,0
12,0.15,5.0,0.66,0
12,0.15,5.0,0.68,0
12,0.15,5.0,0.7000000000000001,0
12,0.15,5.0,0.72,0
12,0.15,5.0,0.74,0
12,0.15,10.0,0.0,0
12,0.15,10.0,0.02,0
12,0.15,10.0,0.04,0
12,0.15,10.0,0.06,0
12,0.15,10.0,0.08,0
12,0.15,10.0,0.1,0
12,0.15,10.0,0.12,0
12,0.15,10.0,0.14,45
12,0.15,10.0,0.16,0
12,0.15,10.0,0.18,0
12,0.15,10.0,0.2,0
12,0.15,10.0,0.22,90
12,0.15,10.0,0.24,0
12,0.15,10.0,0.26,0
12,0.15,10.0,0.28,90
12,0.15,10.0,0.3,0
12,0.15,10.0,0.32,0
12,0.15,10.0,0.34,0
12,0.15,10.0,0.36,0
12,0.15,10.0,0.38,0
12,0.15,10.0,0.4,0
12,0.15,10.0,0.42,135
12,0.15,10.0,0.44,180
12,0.15,10.0,0.46,135
12,0.15,10.0,0.48,135
12,0.15,10.0,0.5,135
12,0.15,10.0,0.52,135
12,0.15,10.0,0.54,0
12,0.15,10.0,0.56,0
12,0.15,10.0,0.58,0
12,0.15,10.0,0.6,0
12,0.15,10.0,0.62,0
12,0.15,10.0,0.64,0
12,0.15,10.0,0.66,0
12,0.15,10.0,0.68,0
12,0.15,10.0,0.7000000000000001,0
12,0.15,10.0,0.72,0
12,0.15,10.0,0.74,0
12,0.15,15.0,0.0,0
12,0.15,15.0,0.02,0
12,0.15,15.0,0.04,90
12,0.15,15.0,0.06,90
12,0.15,15.0,0.08,0
12,0.15,15.0,0.1,0
12,0.15,15.0,0.12,0
12,0.15,15.0,0.14,0
12,0.15,15.0,0.16,0
12,0.15,15.0,0.18,0
12,0.15,15.0,0.2,0
12,0.15,15.0,0.22,0
12,0.15,15.0,0.24,0
12,0.15,15.0,0.26,0
12,0.15,15.0,0.28,0
12,0.15,15.0,0.3,0
12,0.15,15.0,0.32,0
12,0.15,15.0,0.34,0
12,0.15,15.0,0.36,0
12,0.15,15.0,0.38,0
12,0.15,15.0,0.4,0
12,0.15,15.0,0.42,0
12,0.15,15.0,0.44,0
12,0.15,15.0,0.46,0
12,0.15,15.0,0.48,0
12,0.15,15.0,0.5,135
12,0.15,15.0,0.52,180
12,0.15,15.0,0.54,0
12,0.15,15.0,0.56,0
12,0.15,15.0,0.58,0
12,0.15,15.0,0.6,0
12,0.15,15.0,0.62,0
12,0.15,15.0,0.64,0
12,0.15,15.0,0.66,0
12,0.15,15.0,0.68,0
12,0.15,15.0,0.7000000000000001,0
12,0.15,15.0,0.72,0
12,0.15,15.0,0.74,0
12,0.15,20.0,0.0,0
12,0.15,20.0,0.02,0
12,0.15,20.0,0.04,0
12,0.15,20.0,0.06,0
12,0.15,20.0,0.08,0
12,0.15,20.0,0.1,0
12,0.15,20.0,0.12,0
12,0.15,20.0,0.14,0
12,0.15,20.0,0.16,0
12,0.15,20.0,0.18,135
12,0.15,20.0,0.2,180
12,0.15,20.0,0.22,180
12,0.15,20.0,0.24,135
12,0.15,20.0,0.26,135
12,0.15,20.0,0.28,180
12,0.15,20.0,0.3,135
12,0.15,20.0,0.32,180
12,0.15,20.0,0.34,0
12,0.15,20.0,0.36,0
12,0.15,20.0,0.38,0
12,0.15,20.0,0.4,0
12,0.15,20.0,0.42,0
12,0.15,20.0,0.44,0
12,0.15,20.0,0.46,0
12,0.15,20.0,0.48,0
12,0.15,20.0,0.5,0
12,0.15,20.0,0.52,0
12,0.15,20.0,0.54,0
12,0.15,20.0,0.56,0
12,0.15,20.0,0.58,135
12,0.15,20.0,0.6,135
12,0.15,20.0,0.62,0
12,0.15,20.0,0.64,45
12,0.15,20.0,0.66,0
12,0.15,20.0,0.68,0
12,0.15,20.0,0.7000000000000001,0
12,0.15,20.0,0.72,0
12,0.15,20.0,0.74,0
12,0.15,25.0,0.0,0
12,0.15,25.0,0.02,0
12,0.15,25.0,0.04,0
12,0.15,25.0,0.06,0
12,0.15,25.0,0.08,90
12,0.15,25.0,0.1,90
12,0.15,25.0,0.12,90
12,0.15,25.0,0.14,0
12,0.15,25.0,0.16,0
12,0.15,25.0,0.18,135
12,0.15,25.0,0.2,135
12,0.15,25.0,0.22,0
12,0.15,25.0,0.24,0
12,0.15,25.0,0.26,0
12,0.15,25.0,0.28,90
12,0.15,25.0,0.3,0
12,0.15,25.0,0.32,0
12,0.15,25.0,0.34,0
12,0.15,25.0,0.36,135
12,0.15,25.0,0.38,135
12,0.15,25.0,0.4,135
12,0.15,25.0,0.42,135
12,0.15,25.0,0.44,135
12,0.15,25.0,0.46,135
12,0.15,25.0,0.48,135
12,0.15,25.0,0.5,180
12,0.15,25.0,0.52,0
12,0.15,25.0,0.54,135
12,0.15,25.0,0.56,180
12,0.15,25.0,0.58,135
12,0.15,25.0,0.6,0
12,0.15,25.0,0.62,0
12,0.15,25.0,0.64,0
12,0.15,25.0,0.66,45
12,0.15,25.0,0.68,0
12,0.15,25.0,0.7000000000000001,45
12,0.15,25.0,0.72,0
12,0.15,25.0,0.74,0
12,0.15,30.0,0.0,0
12,0.15,30.0,0.02,45
12,0.15,30.0,0.04,45
12,0.15,30.0,0.06,0
12,0.15,30.0,0.08,0
12,0.15,30.0,0.1,0
12,0.15,30.0,0.12,90
12,0.15,30.0,0.14,0
12,0.15,30.0,0.16,0
12,0.15,30.0,0.18,0
12,0.15,30.0,0.2,90
12,0.15,30.0,0.22,45
12,0.15,30.0,0.24,45
12,0.15,30.0,0.26,0
12,0.15,30.0,0.28,0
12,0.15,30.0,0.3,0
12,0.15,30.0,0.32,0
12,0.15,30.0,0.34,0
12,0.15,30.0,0.36,0
12,0.15,30.0,0.38,0
12,0.15,30.0,0.4,135
12,0.15,30.0,0.42,180
12,0.15,30.0,0.44,0
12,0.15,30.0,0.46,0
12,0.15,30.0,0.48,0
12,0.15,30.0,0.5,0
12,0.15,30.0,0.52,0
12,0.15,30.0,0.54,0
12,0.15,30.0,0.56,0
12,0.15,30.0,0.58,45
12,0.15,30.0,0.6,0
12,0.15,30.0,0.62,135
12,0.15,30.0,0.64,90
12,0.15,30.0,0.66,90
12,0.15,30.0,0.68,0
12,0.15,30.0,0.7000000000000001,0
12,0.15,30.0,0.72,0
12,0.15,30.0,0.74,90
12,0.15,40.0,0.0,0
12,0.15,40.0,0.02,0
12,0.15,40.0,0.04,0
12,0.15,40.0,0.06,180
12,0.15,40.0,0.08,180
12,0.15,40.0,0.1,90
12,0.15,40.0,0.12,90
12,0.15,40.0,0.14,0
12,0.15,40.0,0.16,0
12,0.15,40.0,0.18,0
12,0.15,40.0,0.2,0
12,0.15,40.0,0.22,90
12,0.15,40.0,0.24,135
12,0.15,40.0,0.26,0
12,0.15,40.0,0.28,0
12,0.15,40.0,0.3,90
12,0.15,40.0,0.32,0
12,0.15,40.0,0.34,135
12,0.15,40.0,0.36,135
12,0.15,40.0,0.38,0
12,0.15,40.0,0.4,0
12,0.15,40.0,0.42,0
12,0.15,40.0,0.44,0
12,0.15,40.0,0.46,0
12,0.15,40.0,0.48,0
12,0.15,40.0,0.5,0
12,0.15,40.0,0.52,0
12,0.15,40.0,0.54,0
12,0.15,40.0,0.56,0
12,0.15,40.0,0.58,45
12,0.15,40.0,0.6,135
12,0.15,40.0,0.62,135
12,0.15,40.0,0.64,0
12,0.15,40.0,0.66,0
12,0.15,40.0,0.68,0
12,0.15,40.0,0.7000000000000001,0
12,0.15,40.0,0.72,0
12,0.15,40.0,0.74,0
12,0.15,50.0,0.0,0
12,0.15,50.0,0.02,0
12,0.15,50.0,0.04,0
12,0.15,50.0,0.06,135
12,0.15,50.0,0.08,135
12,0.15,50.0,0.1,0
12,0.15,50.0,0.12,135
12,0.15,50.0,0.14,180
12,0.15,50.0,0.16,180
12,0.15,50.0,0.18,180
12,0.15,50.0,0.2,0
12,0.15,50.0,0.22,0
12,0.15,50.0,0.24,0
12,0.15,50.0,0.26,0
12,0.15,50.0,0.28,135
12,0.15,50.0,0.3,135
12,0.15,50.0,0.32,135
12,0.15,50.0,0.34,180
12,0.15,50.0,0.36,135
12,0.15,50.0,0.38,0
12,0.15,50.0,0.4,0
12,0.15,50.0,0.42,45
12,0.15,50.0,0.44,0
12,0.15,50.0,0.46,90
12,0.15,50.0,0.48,135
12,0.15,50.0,0.5,0
12,0.15,50.0,0.52,0
12,0.15,50.0,0.54,0
12,0.15,50.0,0.56,0
12,0.15,50.0,0.58,0
12,0.15,50.0,0.6,0
12,0.15,50.0,0.62,0
12,0.15,50.0,0.64,0
12,0.15,50.0,0.66,45
12,0.15,50.0,0.68,45
12,0.15,50.0,0.7000000000000001,0
12,0.15,50.0,0.72,0
12,0.15,50.0,0.74,135
12,0.15,100.0,0.0,0
12,0.15,100.0,0.02,45
12,0.15,100.0,0.04,0
12,0.15,100.0,0.06,90
12,0.15,100.0,0.08,135
12,0.15,100.0,0.1,0
12,0.15,100.0,0.12,45
12,0.15,100.0,0.14,90
12,0.15,100.0,0.16,45
12,0.15,100.0,0.18,0
12,0.15,100.0,0.2,45
12,0.15,100.0,0.22,180
12,0.15,100.0,0.24,135
12,0.15,100.0,0.26,45
12,0.15,100.0,0.28,0
12,0.15,100.0,0.3,45
12,0.15,100.0,0.32,0
12,0.15,100.0,0.34,0
12,0.15,100.0,0.36,90
12,0.15,100.0,0.38,135
12,0.15,100.0,0.4,135
12,0.15,100.0,0.42,45
12,0.15,100.0,0.44,180
12,0.15,100.0,0.46,0
12,0.15,100.0,0.48,45
12,0.15,100.0,0.5,0
12,0.15,100.0,0.52,0
12,0.15,100.0,0.54,0
12,0.15,100.0,0.56,45
12,0.15,100.0,0.58,45
12,0.15,100.0,0.6,90
12,0.15,100.0,0.62,90
12,0.15,100.0,0.64,45
12,0.15,100.0,0.66,0
12,0.15,100.0,0.68,0
12,0.15,100.0,0.7000000000000001,0
12,0.15,100.0,0.72,0
12,0.15,100.0,0.74,0
13,0.15,0.0,0.0,0
13,0.15,0.0,0.02,0
13,0.15,0.0,0.04,0
13,0.15,0.0,0.06,0
13,0.15,0.0,0.08,0
13,0.15,0.0,0.1,0
13,0.15,0.0,0.12,0
13,0.15,0.0,0.14,0
13,0.15,0.0,0.16,0
13,0.15,0.0,0.18,0
13,0.15,0.0,0.2,0
13,0.15,0.0,0.22,0
13,0.15,0.0,0.24,0
13,0.15,0.0,0.26,0
13,0.15,0.0,0.28,0
13,0.15,0.0,0.3,0
13,0.15,0.0,0.32,0
13,0.15,0.0,0.34,0
13,0.15,0.0,0.36,0
13,0.15,0.0,0.38,0
13,0.15,0.0,0.4,0
13,0.15,0.0,0.42,0
13,0.15,0.0,0.44,0
13,0.15,0.0,0.46,0
13,0.15,0.0,0.48,0
13,0.15,0.0,0.5,0
13,0.15,0.0,0.52,0
13,0.15,0.0,0.54,0
13,0.15,0.0,0.56,0
13,0.15,0.0,0.58,0
13,0.15,0.0,0.6,0
13,0.15,0.0,0.62,0
13,0.15,0.0,0.64,0
13,0.15,0.0,0.66,0
13,0.15,0.0,0.68,0
13,0.15,0.0,0.7000000000000001,0
13,0.15,0.0,0.72,0
13,0.15,0.0,0.74,0
13,0.15,5.0,0.0,0
13,0.15,5.0,0.02,0
13,0.15,5.0,0.04,0
13,0.15,5.0,0.06,90
13,0.15,5.0,0.08,135
13,0.15,5.0,0.1,135
13,0.15,5.0,0.12,90
13,0.15,5.0,0.14,135
13,0.15,5.0,0.16,135
13,0.15,5.0,0.18,135
13,0.15,5.0,0.2,0
13,0.15,5.0,0.22,0
13,0.15,5.0,0.24,45
13,0.15,5.0,0.26,0
13,0.15,5.0,0.28,0
13,0.15,5.0,0.3,0
13,0.15,5.0,0.32,0
13,0.15,5.0,0.34,0
13,0.15,5.0,0.36,0
13,0.15,5.0,0.38,0
13,0.15,5.0,0.4,45
13,0.15,5.0,0.42,0
13,0.15,5.0,0.44,0
13,0.15,5.0,0.46,0
13,0.15,5.0,0.48,0
13,0.15,5.0,0.5,0
13,0.15,5.0,0.52,0
13,0.15,5.0,0.54,0
13,0.15,5.0,0.56,45
13,0.15,5.0,0.58,0
13,0.15,5.0,0.6,0
13,0.15,5.0,0.62,0
13,0.15,5.0,0.64,0
13,0.15,5.0,0.66,45
13,0.15,5.0,0.68,0
13,0.15,5.0,0.7000000000000001,0
13,0.15,5.0,0.72,0
13,0.15,5.0,0.74,0
13,0.15,10.0,0.0,0
13,0.15,10.0,0.02,0
13,0.15,10.0,0.04,0
13,0.15,10.0,0.06,0
13,0.15,10.0,0.08,0
13,0.15,10.0,0.1,0
13,0.15,10.0,0.12,0
13,0.15,10.0,0.14,0
13,0.15,10.0,0.16,0
13,0.15,10.0,0.18,45
13,0.15,10.0,0.2,0
13,0.15,10.0,0.22,90
13,0.15,10.0,0.24,180
13,0.15,10.0,0.26,135
13,0.15,10.0,0.28,0
13,0.15,10.0,0.3,0
13,0.15,10.0,0.32,0
13,0.15,10.0,0.34,0
13,0.15,10.0,0.36,0
13,0.15,10.0,0.38,0
13,0.15,10.0,0.4,0
13,0.15,10.0,0.42,135
13,0.15,10.0,0.44,45
13,0.15,10.0,0.46,0
13,0.15,10.0,0.48,0
13,0.15,10.0,0.5,135
13,0.15,10.0,0.52,135
13,0.15,10.0,0.54,0
13,0.15,10.0,0.56,0
13,0.15,10.0,0.58,0
13,0.15,10.0,0.6,0
13,0.15,10.0,0.62,0
13,0.15,10.0,0.64,0
13,0.15,10.0,0.66,0
13,0.15,10.0,0.68,0
13,0.15,10.0,0.7000000000000001,0
13,0.15,10.0,0.72,0
13,0.15,10.0,0.74,0
13,0.15,15.0,0.0,0
13,0.15,15.0,0.02,0
13,0.15,15.0,0.04,0
13,0.15,15.0,0.06,0
13,0.15,15.0,0.08,45
13,0.15,15.0,0.1,0
13,0.15,15.0,0.12,45
13,0.15,15.0,0.14,0
13,0.15,15.0,0.16,0
13,0.15,15.0,0.18,0
13,0.15,15.0,0.2,45
13,0.15,15.0,0.22,0
13,0.15,15.0,0.24,0
13,0.15,15.0,0.26,0
13,0.15,15.0,0.28,135
13,0.15,15.0,0.3,0
13,0.15,15.0,0.32,135
13,0.15,15.0,0.34,135
13,0.15,15.0,0.36,135
13,0.15,15.0,0.38,180
13,0.15,15.0,0.4,0
13,0.15,15.0,0.42,0
13,0.15,15.0,0.44,0
13,0.15,15.0,0.46,0
13,0.15,15.0,0.48,0
13,0.15,15.0,0.5,90
13,0.15,15.0,0.52,0
13,0.15,15.0,0.54,0
13,0.15,15.0,0.56,0
13,0.15,15.0,0.58,0
13,0.15,15.0,0.6,0
13,0.15,15.0,0.62,0
13,0.15,15.0,0.64,0
13,0.15,15.0,0.66,0
13,0.15,15.0,0.68,0
13,0.15,15.0,0.7000000000000001,0
13,0.15,15.0,0.72,0
13,0.15,15.0,0.74,0
13,0.15,20.0,0.0,0
13,0.15,20.0,0.02,90
13,0.15,20.0,0.04,0
13,0.15,20.0,0.06,0
13,0.15,20.0,0.08,0
13,0.15,20.0,0.1,0
13,0.15,20.0,0.12,0
13,0.15,20.0,0.14,0
13,0.15,20.0,0.16,90
13,0.15,20.0,0.18,90
13,0.15,20.0,0.2,135
13,0.15,20.0,0.22,135
13,0.15,20.0,0.24,0
13,0.15,20.0,0.26,0
13,0.15,20.0,0.28,0
13,0.15,20.0,0.3,0
13,0.15,20.0,0.32,0
13,0.15,20.0,0.34,135
13,0.15,20.0,0.36,0
13,0.15,20.0,0.38,0
13,0.15,20.0,0.4,0
13,0.15,20.0,0.42,0
13,0.15,20.0,0.44,0
13,0.15,20.0,0.46,45
13,0.15,20.0,0.48,180
13,0.15,20.0,0.5,135
13,0.15,20.0,0.52,0
13,0.15,20.0,0.54,90
13,0.15,20.0,0.56,0
13,0.15,20.0,0.58,90
13,0.15,20.0,0.6,135
13,0.15,20.0,0.62,135
13,0.15,20.0,0.64,135
13,0.15,20.0,0.66,45
13,0.15,20.0,0.68,0
13,0.15,20.0,0.7000000000000001,0
13,0.15,20.0,0.72,0
13,0.15,20.0,0.74,0
13,0.15,25.0,0.0,0
13,0.15,25.0,0.02,135
13,0.15,25.0,0.04,180
13,0.15,25.0,0.06,45
13,0.15,25.0,0.08,135
13,0.15,25.0,0.1,135
13,0.15,25.0,0.12,135
13,0.15,25.0,0.14,90
13,0.15,25.0,0.16,0
13,0.15,25.0,0.18,0
13,0.15,25.0,0.2,135
13,0.15,25.0,0.22,135
13,0.15,25.0,0.24,135
13,0.15,25.0,0.26,135
13,0.15,25.0,0.28,135
13,0.15,25.0,0.3,135
13,0.15,25.0,0.32,135
13,0.15,25.0,0.34,0
13,0.15,25.0,0.36,45
13,0.15,25.0,0.38,180
13,0.15,25.0,0.4,0
13,0.15,25.0,0.42,0
13,0.15,25.0,0.44,0
13,0.15,25.0,0.46,135
13,0.15,25.0,0.48,135
13,0.15,25.0,0.5,90
13,0.15,25.0,0.52,0
13,0.15,25.0,0.54,0
13,0.15,25.0,0.56,0
13,0.15,25.0,0.58,45
13,0.15,25.0,0.6,0
13,0.15,25.0,0.62,0
13,0.15,25.0,0.64,0
13,0.15,25.0,0.66,0
13,0.15,25.0,0.68,180
13,0.15,25.0,0.7000000000000001,135
13,0.15,25.0,0.72,0
13,0.15,25.0,0.74,0
13,0.15,30.0,0.0,0
13,0.15,30.0,0.02,0
13,0.15,30.0,0.04,45
13,0.15,30.0,0.06,0
13,0.15,30.0,0.08,45
13,0.15,30.0,0.1,0
13,0.15,30.0,0.12,0
13,0.15,30.0,0.14,0
13,0.15,30.0,0.16,0
13,0.15,30.0,0.18,45
13,0.15,30.0,0.2,0
13,0.15,30.0,0.22,0
13,0.15,30.0,0.24,135
13,0.15,30.0,0.26,0
13,0.15,30.0,0.28,0
13,0.15,30.0,0.3,0
13,0.15,30.0,0.32,0
13,0.15,30.0,0.34,0
13,0.15,30.0,0.36,0
13,0.15,30.0,0.38,45
13,0.15,30.0,0.4,180
13,0.15,30.0,0.42,135
13,0.15,30.0,0.44,135
13,0.15,30.0,0.46,180
13,0.15,30.0,0.48,90
13,0.15,30.0,0.5,135
13,0.15,30.0,0.52,90
13,0.15,30.0,0.54,90
13,0.15,30.0,0.56,135
13,0.15,30.0,0.58,0
13,0.15,30.0,0.6,0
13,0.15,30.0,0.62,0
13,0.15,30.0,0.64,0
13,0.15,30.0,0.66,0
13,0.15,30.0,0.68,0
13,0.15,30.0,0.7000000000000001,90
13,0.15,30.0,0.72,0
13,0.15,30.0,0.74,0
13,0.15,40.0,0.0,0
13,0.15,40.0,0.02,0
13,0.15,40.0,0.04,0
13,0.15,40.0,0.06,180
13,0.15,40.0,0.08,135
13,0.15,40.0,0.1,135
13,0.15,40.0,0.12,90
13,0.15,40.0,0.14,0
13,0.15,40.0,0.16,45
13,0.15,40.0,0.18,135
13,0.15,40.0,0.2,135
13,0.15,40.0,0.22,45
13,0.15,40.0,0.24,90
13,0.15,40.0,0.26,135
13,0.15,40.0,0.28,135
13,0.15,40.0,0.3,0
13,0.15,40.0,0.32,45
13,0.15,40.0,0.34,45
13,0.15,40.0,0.36,0
13,0.15,40.0,0.38,0
13,0.15,40.0,0.4,135
13,0.15,40.0,0.42,0
13,0.15,40.0,0.44,90
13,0.15,40.0,0.46,0
13,0.15,40.0,0.48,45
13,0.15,40.0,0.5,135
13,0.15,40.0,0.52,135
13,0.15,40.0,0.54,135
13,0.15,40.0,0.56,90
13,0.15,40.0,0.58,45
13,0.15,40.0,0.6,45
13,0.15,40.0,0.62,90
13,0.15,40.0,0.64,135
13,0.15,40.0,0.66,180
13,0.15,40.0,0.68,180
13,0.15,40.0,0.7000000000000001,180
13,0.15,40.0,0.72,45
13,0.15,40.0,0.74,90
13,0.15,50.0,0.0,0
13,0.15,50.0,0.02,0
13,0.15,50.0,0.04,0
13,0.15,50.0,0.06,0
13,0.15,50.0,0.08,45
13,0.15,50.0,0.1,0
13,0.15,50.0,0.12,0
13,0.15,50.0,0.14,0
13,0.15,50.0,0.16,0
13,0.15,50.0,0.18,180
13,0.15,50.0,0.2,135
13,0.15,50.0,0.22,90
13,0.15,50.0,0.24,0
13,0.15,50.0,0.26,0
13,0.15,50.0,0.28,0
13,0.15,50.0,0.3,0
13,0.15,50.0,0.32,45
13,0.15,50.0,0.34,180
13,0.15,50.0,0.36,0
13,0.15,50.0,0.38,135
13,0.15,50.0,0.4,0
13,0.15,50.0,0.42,0
13,0.15,50.0,0.44,0
13,0.15,50.0,0.46,0
13,0.15,50.0,0.48,135
13,0.15,50.0,0.5,0
13,0.15,50.0,0.52,0
13,0.15,50.0,0.54,0
13,0.15,50.0,0.56,0
13,0.15,50.0,0.58,0
13,0.15,50.0,0.6,0
13,0.15,50.0,0.62,0
13,0.15,50.0,0.64,135
13,0.15,50.0,0.66,135
13,0.15,50.0,0.68,0
13,0.15,50.0,0.7000000000000001,45
13,0.15,50.0,0.72,135
13,0.15,50.0,0.74,0
13,0.15,100.0,0.0,0
13,0.15,100.0,0.02,90
13,0.15,100.0,0.04,180
13,0.15,100.0,0.06,45
13,0.15,100.0,0.08,45
13,0.15,100.0,0.1,135
13,0.15,100.0,0.12,180
13,0.15,100.0,0.14,135
13,0.15,100.0,0.16,45
13,0.15,100.0,0.18,0
13,0.15,100.0,0.2,90
13,0.15,100.0,0.22,180
13,0.15,100.0,0.24,135
13,0.15,100.0,0.26,0
13,0.15,100.0,0.28,180
13,0.15,100.0,0.3,90
13,0.15,100.0,0.32,135
13,0.15,100.0,0.34,0
13,0.15,100.0,0.36,90
13,0.15,100.0,0.38,135
13,0.15,100.0,0.4,180
13,0.15,100.0,0.42,0
13,0.15,100.0,0.44,45
13,0.15,100.0,0.46,0
13,0.15,100.0,0.48,0
13,0.15,100.0,0.5,135
13,0.15,100.0,0.52,0
13,0.15,100.0,0.54,0
13,0.15,100.0,0.56,45
13,0.15,100.0,0.58,135
13,0.15,100.0,0.6,180
13,0.15,100.0,0.62,135
13,0.15,100.0,0.64,0
13,0.15,100.0,0.66,0
13,0.15,100.0,0.68,45
13,0.15,100.0,0.7000000000000001,45
13,0.15,100.0,0.72,90
13,0.15,100.0,0.74,0
14,0.15,0.0,0.0,0
14,0.15,0.0,0.02,0
14,0.15,0.0,0.04,0
14,0.15,0.0,0.06,0
14,0.15,0.0,0.08,0
14,0.15,0.0,0.1,0
14,0.15,0.0,0.12,0
14,0.15,0.0,0.14,0
14,0.15,0.0,0.16,0
14,0.15,0.0,0.18,0
14,0.15,0.0,0.2,0
14,0.15,0.0,0.22,0
14,0.15,0.0,0.24,0
14,0.15,0.0,0.26,0
14,0.15,0.0,0.28,0
14,0.15,0.0,0.3,0
14,0.15,0.0,0.32,0
14,0.15,0.0,0.34,0
14,0.15,0.0,0.36,0
14,0.15,0.0,0.38,0
14,0.15,0.0,0.4,0
14,0.15,0.0,0.42,0
14,0.15,0.0,0.44,0
14,0.15,0.0,0.46,0
14,0.15,0.0,0.48,0
14,0.15,0.0,0.5,0
14,0.15,0.0,0.52,0
14,0.15,0.0,0.54,0
14,0.15,0.0,0.56,0
14,0.15,0.0,0.58,0
14,0.15,0.0,0.6,0
14,0.15,0.0,0.62,0
14,0.15,0.0,0.64,0
14,0.15,0.0,0.66,0
14,0.15,0.0,0.68,0
14,0.15,0.0,0.7000000000000001,0
14,0.15,0.0,0.72,0
14,0.15,0.0,0.74,0
14,0.15,5.0,0.0,0
14,0.15,5.0,0.02,0
14,0.15,5.0,0.04,0
14,0.15,5.0,0.06,0
14,0.15,5.0,0.08,0
14,0.15,5.0,0.1,0
14,0.15,5.0,0.12,0
14,0.15,5.0,0.14,0
14,0.15,5.0,0.16,0
14,0.15,5.0,0.18,0
14,0.15,5.0,0.2,0
14,0.15,5.0,0.22,0
14,0.15,5.0,0.24,0
14,0.15,5.0,0.26,0
14,0.15,5.0,0.28,0
14,0.15,5.0,0.3,45
14,0.15,5.0,0.32,0
14,0.15,5.0,0.34,0
14,0.15,5.0,0.36,0
14,0.15,5.0,0.38,0
14,0.15,5.0,0.4,180
14,0.15,5.0,0.42,0
14,0.15,5.0,0.44,0
14,0.15,5.0,0.46,0
14,0.15,5.0,0.48,0
14,0.15,5.0,0.5,0
14,0.15,5.0,0.52,45
14,0.15,5.0,0.54,0
14,0.15,5.0,0.56,0
14,0.15,5.0,0.58,0
14,0.15,5.0,0.6,0
14,0.15,5.0,0.62,0
14,0.15,5.0,0.64,0
14,0.15,5.0,0.66,0
14,0.15,5.0,0.68,0
14,0.15,5.0,0.7000000000000001,0
14,0.15,5.0,0.72,0
14,0.15,5.0,0.74,0
14,0.15,10.0,0.0,0
14,0.15,10.0,0.02,0
14,0.15,10.0,0.04,0
14,0.15,10.0,0.06,0
14,0.15,10.0,0.08,0
14,0.15,10.0,0.1,0
14,0.15,10.0,0.12,0
14,0.15,10.0,0.14,0
14,0.15,10.0,0.16,0
14,0.15,10.0,0.18,0
14,0.15,10.0,0.2,0
14,0.15,10.0,0.22,0
14,0.15,10.0,0.24,135
14,0.15,10.0,0.26,180
14,0.15,10.0,0.28,135
14,0.15,10.0,0.3,135
14,0.15,10.0,0.32,90
14,0.15,10.0,0.34,0
14,0.15,10.0,0.36,90
14,0.15,10.0,0.38,135
14,0.15,10.0,0.4,90
14,0.15,10.0,0.42,0
14,0.15,10.0,0.44,0
14,0.15,10.0,0.46,0
14,0.15,10.0,0.48,0
14,0.15,10.0,0.5,0
14,0.15,10.0,0.52,0
14,0.15,10.0,0.54,0
14,0.15,10.0,0.56,0
14,0.15,10.0,0.58,0
14,0.15,10.0,0.6,135
14,0.15,10.0,0.62,135
14,0.15,10.0,0.64,0
14,0.15,10.0,0.66,0
14,0.15,10.0,0.68,0
14,0.15,10.0,0.7000000000000001,0
14,0.15,10.0,0.72,0
14,0.15,10.0,0.74,0
14,0.15,15.0,0.0,0
14,0.15,15.0,0.02,0
14,0.15,15.0,0.04,0
14,0.15,15.0,0.06,0
14,0.15,15.0,0.08,0
14,0.15,15.0,0.1,0
14,0.15,15.0,0.12,45
14,0.15,15.0,0.14,45
14,0.15,15.0,0.16,0
14,0.15,15.0,0.18,0
14,0.15,15.0,0.2,0
14,0.15,15.0,0.22,135
14,0.15,15.0,0.24,135
14,0.15,15.0,0.26,135
14,0.15,15.0,0.28,0
14,0.15,15.0,0.3,135
14,0.15,15.0,0.32,135
14,0.15,15.0,0.34,0
14,0.15,15.0,0.36,0
14,0.15,15.0,0.38,0
14,0.15,15.0,0.4,90
14,0.15,15.0,0.42,0
14,0.15,15.0,0.44,0
14,0.15,15.0,0.46,0
14,0.15,15.0,0.48,0
14,0.15,15.0,0.5,0
14,0.15,15.0,0.52,0
14,0.15,15.0,0.54,0
14,0.15,15.0,0.56,180
14,0.15,15.0,0.58,135
14,0.15,15.0,0.6,135
14,0.15,15.0,0.62,0
14,0.15,15.0,0.64,135
14,0.15,15.0,0.66,0
14,0.15,15.0,0.68,0
14,0.15,15.0,0.7000000000000001,0
14,0.15,15.0,0.72,0
14,0.15,15.0,0.74,45
14,0.15,20.0,0.0,0
14,0.15,20.0,0.02,0
14,0.15,20.0,0.04,0
14,0.15,20.0,0.06,0
14,0.15,20.0,0.08,0
14,0.15,20.0,0.1,0
14,0.15,20.0,0.12,0
14,0.15,20.0,0.14,0
14,0.15,20.0,0.16,45
14,0.15,20.0,0.18,0
14,0.15,20.0,0.2,0
14,0.15,20.0,0.22,0
14,0.15,20.0,0.24,135
14,0.15,20.0,0.26,135
14,0.15,20.0,0.28,0
14,0.15,20.0,0.3,0
14,0.15,20.0,0.32,0
14,0.15,20.0,0.34,0
14,0.15,20.0,0.36,180
14,0.15,20.0,0.38,135
14,0.15,20.0,0.4,180
14,0.15,20.0,0.42,90
14,0.15,20.0,0.44,0
14,0.15,20.0,0.46,0
14,0.15,20.0,0.48,45
14,0.15,20.0,0.5,90
14,0.15,20.0,0.52,0
14,0.15,20.0,0.54,135
14,0.15,20.0,0.56,90
14,0.15,20.0,0.58,90
14,0.15,20.0,0.6,135
14,0.15,20.0,0.62,135
14,0.15,20.0,0.64,135
14,0.15,20.0,0.66,180
14,0.15,20.0,0.68,135
14,0.15,20.0,0.7000000000000001,0
14,0.15,20.0,0.72,0
14,0.15,20.0,0.74,0
14,0.15,25.0,0.0,0
14,0.15,25.0,0.02,0
14,0.15,25.0,0.04,0
14,0.15,25.0,0.06,0
14,0.15,25.0,0.08,0
14,0.15,25.0,0.1,0
14,0.15,25.0,0.12,0
14,0.15,25.0,0.14,0
14,0.15,25.0,0.16,0
14,0.15,25.0,0.18,0
14,0.15,25.0,0.2,135
14,0.15,25.0,0.22,135
14,0.15,25.0,0.24,135
14,0.15,25.0,0.26,135
14,0.15,25.0,0.28,90
14,0.15,25.0,0.3,0
14,0.15,25.0,0.32,0
14,0.15,25.0,0.34,0
14,0.15,25.0,0.36,0
14,0.15,25.0,0.38,0
14,0.15,25.0,0.4,0
14,0.15,25.0,0.42,0
14,0.15,25.0,0.44,0
14,0.15,25.0,0.46,0
14,0.15,25.0,0.48,90
14,0.15,25.0,0.5,0
14,0.15,25.0,0.52,0
14,0.15,25.0,0.54,90
14,0.15,25.0,0.56,135
14,0.15,25.0,0.58,0
14,0.15,25.0,0.6,0
14,0.15,25.0,0.62,0
14,0.15,25.0,0.64,45
14,0.15,25.0,0.66,90
14,0.15,25.0,0.68,90
14,0.15,25.0,0.7000000000000001,45
14,0.15,25.0,0.72,135
14,0.15,25.0,0.74,180
14,0.15,30.0,0.0,0
14,0.15,30.0,0.02,0
14,0.15,30.0,0.04,0
14,0.15,30.0,0.06,0
14,0.15,30.0,0.08,0
14,0.15,30.0,0.1,0
14,0.15,30.0,0.12,0
14,0.15,30.0,0.14,0
14,0.15,30.0,0.16,0
14,0.15,30.0,0.18,0
14,0.15,30.0,0.2,0
14,0.15,30.0,0.22,0
14,0.15,30.0,0.24,45
14,0.15,30.0,0.26,90
14,0.15,30.0,0.28,0
14,0.15,30.0,0.3,0
14,0.15,30.0,0.32,0
14,0.15,30.0,0.34,0
14,0.15,30.0,0.36,0
14,0.15,30.0,0.38,45
14,0.15,30.0,0.4,0
14,0.15,30.0,0.42,0
14,0.15,30.0,0.44,0
14,0.15,30.0,0.46,0
14,0.15,30.0,0.48,0
14,0.15,30.0,0.5,0
14,0.15,30.0,0.52,45
14,0.15,30.0,0.54,135
14,0.15,30.0,0.56,180
14,0.15,30.0,0.58,0
14,0.15,30.0,0.6,0
14,0.15,30.0,0.62,0
14,0.15,30.0,0.64,45
14,0.15,30.0,0.66,0
14,0.15,30.0,0.68,0
14,0.15,30.0,0.7000000000000001,135
14,0.15,30.0,0.72,180
14,0.15,30.0,0.74,135
14,0.15,40.0,0.0,0
14,0.15,40.0,0.02,0
14,0.15,40.0,0.04,90
14,0.15,40.0,0.06,45
14,0.15,40.0,0.08,45
14,0.15,40.0,0.1,45
14,0.15,40.0,0.12,0
14,0.15,40.0,0.14,0
14,0.15,40.0,0.16,0
14,0.15,40.0,0.18,135
14,0.15,40.0,0.2,0
14,0.15,40.0,0.22,0
14,0.15,40.0,0.24,0
14,0.15,40.0,0.26,0
14,0.15,40.0,0.28,0
14,0.15,40.0,0.3,0
14,0.15,40.0,0.32,135
14,0.15,40.0,0.34,0
14,0.15,40.0,0.36,45
14,0.15,40.0,0.38,135
14,0.15,40.0,0.4,135
14,0.15,40.0,0.42,135
14,0.15,40.0,0.44,0
14,0.15,40.0,0.46,45
14,0.15,40.0,0.48,0
14,0.15,40.0,0.5,0
14,0.15,40.0,0.52,0
14,0.15,40.0,0.54,45
14,0.15,40.0,0.56,0
14,0.15,40.0,0.58,0
14,0.15,40.0,0.6,0
14,0.15,40.0,0.62,0
14,0.15,40.0,0.64,45
14,0.15,40.0,0.66,45
14,0.15,40.0,0.68,0
14,0.15,40.0,0.7000000000000001,45
14,0.15,40.0,0.72,0
14,0.15,40.0,0.74,0
14,0.15,50.0,0.0,0
14,0.15,50.0,0.02,0
14,0.15,50.0,0.04,0
14,0.15,50.0,0.06,0
14,0.15,50.0,0.08,0
14,0.15,50.0,0.1,0
14,0.15,50.0,0.12,0
14,0.15,50.0,0.14,0
14,0.15,50.0,0.16,0
14,0.15,50.0,0.18,0
14,0.15,50.0,0.2,45
14,0.15,50.0,0.22,0
14,0.15,50.0,0.24,90
14,0.15,50.0,0.26,0
14,0.15,50.0,0.28,135
14,0.15,50.0,0.3,135
14,0.15,50.0,0.32,0
14,0.15,50.0,0.34,135
14,0.15,50.0,0.36,135
14,0.15,50.0,0.38,135
14,0.15,50.0,0.4,90
14,0.15,50.0,0.42,45
14,0.15,50.0,0.44,135
14,0.15,50.0,0.46,135
14,0.15,50.0,0.48,90
14,0.15,50.0,0.5,180
14,0.15,50.0,0.52,180
14,0.15,50.0,0.54,90
14,0.15,50.0,0.56,135
14,0.15,50.0,0.58,135
14,0.15,50.0,0.6,135
14,0.15,50.0,0.62,0
14,0.15,50.0,0.64,90
14,0.15,50.0,0.66,45
14,0.15,50.0,0.68,45
14,0.15,50.0,0.7000000000000001,90
14,0.15,50.0,0.72,135
14,0.15,50.0,0.74,90
14,0.15,100.0,0.0,0
14,0.15,100.0,0.02,135
14,0.15,100.0,0.04,90
14,0.15,100.0,0.06,45
14,0.15,100.0,0.08,180
14,0.15,100.0,0.1,0
14,0.15,100.0,0.12,45
14,0.15,100.0,0.14,0
14,0.15,100.0,0.16,0
14,0.15,100.0,0.18,0
14,0.15,100.0,0.2,135
14,0.15,100.0,0.22,90
14,0.15,100.0,0.24,0
14,0.15,100.0,0.26,45
14,0.15,100.0,0.28,0
14,0.15,100.0,0.3,45
14,0.15,100.0,0.32,0
14,0.15,100.0,0.34,0
14,0.15,100.0,0.36,0
14,0.15,100.0,0.38,0
14,0.15,100.0,0.4,45
14,0.15,100.0,0.42,0
14,0.15,100.0,0.44,0
14,0.15,100.0,0.46,0
14,0.15,100.0,0.48,0
14,0.15,100.0,0.5,0
14,0.15,100.0,0.52,0
14,0.15,100.0,0.54,0
14,0.15,100.0,0.56,0
14,0.15,100.0,0.58,0
14,0.15,100.0,0.6,0
14,0.15,100.0,0.62,0
14,0.15,100.0,0.64,45
14,0.15,100.0,0.66,0
14,0.15,100.0,0.68,0
14,0.15,100.0,0.7000000000000001,0
14,0.15,100.0,0.72,0
14,0.15,100.0,0.74,0
15,0.15,0.0,0.0,0
15,0.15,0.0,0.02,0
15,0.15,0.0,0.04,0
15,0.15,0.0,0.06,0
15,0.15,0.0,0.08,0
15,0.15,0.0,0.1,0
15,0.15,0.0,0.12,0
15,0.15,0.0,0.14,0
15,0.15,0.0,0.16,0
15,0.15,0.0,0.18,0
15,0.15,0.0,0.2,0
15,0.15,0.0,0.22,0
15,0.15,0.0,0.24,0
15,0.15,0.0,0.26,0
15,0.15,0.0,0.28,0
15,0.15,0.0,0.3,0
15,0.15,0.0,0.32,0
15,0.15,0.0,0.34,0
15,0.15,0.0,0.36,0
15,0.15,0.0,0.38,0
15,0.15,0.0,0.4,0
15,0.15,0.0,0.42,0
15,0.15,0.0,0.44,0
15,0.15,0.0,0.46,0
15,0.15,0.0,0.48,0
15,0.15,0.0,0.5,0
15,0.15,0.0,0.52,0
15,0.15,0.0,0.54,0
15,0.15,0.0,0.56,0
15,0.15,0.0,0.58,0
15,0.15,0.0,0.6,0
15,0.15,0.0,0.62,0
15,0.15,0.0,0.64,0
15,0.15,0.0,0.66,0
15,0.15,0.0,0.68,0
15,0.15,0.0,0.7000000000000001,0
15,0.15,0.0,0.72,0
15,0.15,0.0,0.74,0
15,0.15,5.0,0.0,0
15,0.15,5.0,0.02,0
15,0.15,5.0,0.04,0
15,0.15,5.0,0.06,0
15,0.15,5.0,0.08,135
15,0.15,5.0,0.1,90
15,0.15,5.0,0.12,0
15,0.15,5.0,0.14,0
15,0.15,5.0,0.16,0
15,0.15,5.0,0.18,0
15,0.15,5.0,0.2,0
15,0.15,5.0,0.22,0
15,0.15,5.0,0.24,0
15,0.15,5.0,0.26,0
15,0.15,5.0,0.28,0
15,0.15,5.0,0.3,0
15,0.15,5.0,0.32,0
15,0.15,5.0,0.34,0
15,0.15,5.0,0.36,0
15,0.15,5.0,0.38,0
15,0.15,5.0,0.4,45
15,0.15,5.0,0.42,0
15,0.15,5.0,0.44,0
15,0.15,5.0,0.46,0
15,0.15,5.0,0.48,0
15,0.15,5.0,0.5,0
15,0.15,5.0,0.52,0
15,0.15,5.0,0.54,0
15,0.15,5.0,0.56,0
15,0.15,5.0,0.58,0
15,0.15,5.0,0.6,0
15,0.15,5.0,0.62,0
15,0.15,5.0,0.64,0
15,0.15,5.0,0.66,0
15,0.15,5.0,0.68,0
15,0.15,5.0,0.7000000000000001,0
15,0.15,5.0,0.72,0
15,0.15,5.0,0.74,0
15,0.15,10.0,0.0,0
15,0.15,10.0,0.02,0
15,0.15,10.0,0.04,0
15,0.15,10.0,0.06,45
15,0.15,10.0,0.08,0
15,0.15,10.0,0.1,90
15,0.15,10.0,0.12,135
15,0.15,10.0,0.14,0
15,0.15,10.0,0.16,0
15,0.15,10.0,0.18,0
15,0.15,10.0,0.2,0
15,0.15,10.0,0.22,0
15,0.15,10.0,0.24,0
15,0.15,10.0,0.26,0
15,0.15,10.0,0.28,0
15,0.15,10.0,0.3,0
15,0.15,10.0,0.32,0
15,0.15,10.0,0.34,0
15,0.15,10.0,0.36,0
15,0.15,10.0,0.38,0
15,0.15,10.0,0.4,0
15,0.15,10.0,0.42,0
15,0.15,10.0,0.44,180
15,0.15,10.0,0.46,90
15,0.15,10.0,0.48,90
15,0.15,10.0,0.5,0
15,0.15,10.0,0.52,0
15,0.15,10.0,0.54,0
15,0.15,10.0,0.56,0
15,0.15,10.0,0.58,0
15,0.15,10.0,0.6,0
15,0.15,10.0,0.62,0
15,0.15,10.0,0.64,0
15,0.15,10.0,0.66,0
15,0.15,10.0,0.68,0
15,0.15,10.0,0.7000000000000001,0
15,0.15,10.0,0.72,45
15,0.15,10.0,0.74,45
15,0.15,15.0,0.0,0
15,0.15,15.0,0.02,0
15,0.15,15.0,0.04,0
15,0.15,15.0,0.06,135
15,0.15,15.0,0.08,180
15,0.15,15.0,0.1,0
15,0.15,15.0,0.12,90
15,0.15,15.0,0.14,135
15,0.15,15.0,0.16,135
15,0.15,15.0,0.18,135
15,0.15,15.0,0.2,135
15,0.15,15.0,0.22,90
15,0.15,15.0,0.24,0
15,0.15,15.0,0.26,135
15,0.15,15.0,0.28,135
15,0.15,15.0,0.3,0
15,0.15,15.0,0.32,0
15,0.15,15.0,0.34,0
15,0.15,15.0,0.36,0
15,0.15,15.0,0.38,0
15,0.15,15.0,0.4,0
15,0.15,15.0,0.42,0
15,0.15,15.0,0.44,0
15,0.15,15.0,0.46,0
15,0.15,15.0,0.48,0
15,0.15,15.0,0.5,90
15,0.15,15.0,0.52,135
15,0.15,15.0,0.54,0
15,0.15,15.0,0.56,0
15,0.15,15.0,0.58,0
15,0.15,15.0,0.6,0
15,0.15,15.0,0.62,0
15,0.15,15.0,0.64,0
15,0.15,15.0,0.66,0
15,0.15,15.0,0.68,0
15,0.15,15.0,0.7000000000000001,0
15,0.15,15.0,0.72,0
15,0.15,15.0,0.74,0
15,0.15,20.0,0.0,0
15,0.15,20.0,0.02,0
15,0.15,20.0,0.04,45
15,0.15,20.0,0.06,90
15,0.15,20.0,0.08,135
15,0.15,20.0,0.1,0
15,0.15,20.0,0.12,0
15,0.15,20.0,0.14,45
15,0.15,20.0,0.16,0
15,0.15,20.0,0.18,0
15,0.15,20.0,0.2,0
15,0.15,20.0,0.22,0
15,0.15,20.0,0.24,0
15,0.15,20.0,0.26,90
15,0.15,20.0,0.28,0
15,0.15,20.0,0.3,0
15,0.15,20.0,0.32,0
15,0.15,20.0,0.34,0
15,0.15,20.0,0.36,45
15,0.15,20.0,0.38,45
15,0.15,20.0,0.4,0
15,0.15,20.0,0.42,0
15,0.15,20.0,0.44,45
15,0.15,20.0,0.46,135
15,0.15,20.0,0.48,135
15,0.15,20.0,0.5,0
15,0.15,20.0,0.52,135
15,0.15,20.0,0.54,0
15,0.15,20.0,0.56,135
15,0.15,20.0,0.58,135
15,0.15,20.0,0.6,135
15,0.15,20.0,0.62,0
15,0.15,20.0,0.64,0
15,0.15,20.0,0.66,0
15,0.15,20.0,0.68,0
15,0.15,20.0,0.7000000000000001,0
15,0.15,20.0,0.72,45
15,0.15,20.0,0.74,45
15,0.15,25.0,0.0,0
15,0.15,25.0,0.02,135
15,0.15,25.0,0.04,90
15,0.15,25.0,0.06,0
15,0.15,25.0,0.08,135
15,0.15,25.0,0.1,180
15,0.15,25.0,0.12,135
15,0.15,25.0,0.14,135
15,0.15,25.0,0.16,90
15,0.15,25.0,0.18,0
15,0.15,25.0,0.2,0
15,0.15,25.0,0.22,0
15,0.15,25.0,0.24,0
15,0.15,25.0,0.26,0
15,0.15,25.0,0.28,0
15,0.15,25.0,0.3,45
15,0.15,25.0,0.32,0
15,0.15,25.0,0.34,135
15,0.15,25.0,0.36,135
15,0.15,25.0,0.38,135
15,0.15,25.0,0.4,135
15,0.15,25.0,0.42,90
15,0.15,25.0,0.44,135
15,0.15,25.0,0.46,180
15,0.15,25.0,0.48,180
15,0.15,25.0,0.5,180
15,0.15,25.0,0.52,180
15,0.15,25.0,0.54,0
15,0.15,25.0,0.56,0
15,0.15,25.0,0.58,0
15,0.15,25.0,0.6,135
15,0.15,25.0,0.62,0
15,0.15,25.0,0.64,90
15,0.15,25.0,0.66,0
15,0.15,25.0,0.68,90
15,0.15,25.0,0.7000000000000001,135
15,0.15,25.0,0.72,135
15,0.15,25.0,0.74,135
15,0.15,30.0,0.0,0
15,0.15,30.0,0.02,45
15,0.15,30.0,0.04,0
15,0.15,30.0,0.06,0
15,0.15,30.0,0.08,0
15,0.15,30.0,0.1,135
15,0.15,30.0,0.12,135
15,0.15,30.0,0.14,180
15,0.15,30.0,0.16,180
15,0.15,30.0,0.18,135
15,0.15,30.0,0.2,135
15,0.15,30.0,0.22,180
15,0.15,30.0,0.24,0
15,0.15,30.0,0.26,0
15,0.15,30.0,0.28,0
15,0.15,30.0,0.3,0
15,0.15,30.0,0.32,45
15,0.15,30.0,0.34,135
15,0.15,30.0,0.36,135
15,0.15,30.0,0.38,135
15,0.15,30.0,0.4,45
15,0.15,30.0,0.42,135
15,0.15,30.0,0.44,135
15,0.15,30.0,0.46,135
15,0.15,30.0,0.48,135
15,0.15,30.0,0.5,180
15,0.15,30.0,0.52,135
15,0.15,30.0,0.54,0
15,0.15,30.0,0.56,0
15,0.15,30.0,0.58,0
15,0.15,30.0,0.6,0
15,0.15,30.0,0.62,0
15,0.15,30.0,0.64,90
15,0.15,30.0,0.66,0
15,0.15,30.0,0.68,0
15,0.15,30.0,0.7000000000000001,45
15,0.15,30.0,0.72,0
15,0.15,30.0,0.74,135
15,0.15,40.0,0.0,0
15,0.15,40.0,0.02,135
15,0.15,40.0,0.04,180
15,0.15,40.0,0.06,135
15,0.15,40.0,0.08,90
15,0.15,40.0,0.1,90
15,0.15,40.0,0.12,135
15,0.15,40.0,0.14,180
15,0.15,40.0,0.16,180
15,0.15,40.0,0.18,135
15,0.15,40.0,0.2,0
15,0.15,40.0,0.22,0
15,0.15,40.0,0.24,0
15,0.15,40.0,0.26,0
15,0.15,40.0,0.28,0
15,0.15,40.0,0.3,0
15,0.15,40.0,0.32,0
15,0.15,40.0,0.34,135
15,0.15,40.0,0.36,0
15,0.15,40.0,0.38,135
15,0.15,40.0,0.4,180
15,0.15,40.0,0.42,90
15,0.15,40.0,0.44,90
15,0.15,40.0,0.46,45
15,0.15,40.0,0.48,0
15,0.15,40.0,0.5,0
15,0.15,40.0,0.52,0
15,0.15,40.0,0.54,0
15,0.15,40.0,0.56,45
15,0.15,40.0,0.58,0
15,0.15,40.0,0.6,0
15,0.15,40.0,0.62,135
15,0.15,40.0,0.64,90
15,0.15,40.0,0.66,0
15,0.15,40.0,0.68,180
15,0.15,40.0,0.7000000000000001,135
15,0.15,40.0,0.72,135
15,0.15,40.0,0.74,0
15,0.15,50.0,0.0,0
15,0.15,50.0,0.02,90
15,0.15,50.0,0.04,0
15,0.15,50.0,0.06,0
15,0.15,50.0,0.08,0
15,0.15,50.0,0.1,45
15,0.15,50.0,0.12,0
15,0.15,50.0,0.14,90
15,0.15,50.0,0.16,45
15,0.15,50.0,0.18,135
15,0.15,50.0,0.2,135
15,0.15,50.0,0.22,90
15,0.15,50.0,0.24,135
15,0.15,50.0,0.26,0
15,0.15,50.0,0.28,0
15,0.15,50.0,0.3,135
15,0.15,50.0,0.32,135
15,0.15,50.0,0.34,135
15,0.15,50.0,0.36,0
15,0.15,50.0,0.38,0
15,0.15,50.0,0.4,0
15,0.15,50.0,0.42,90
15,0.15,50.0,0.44,0
15,0.15,50.0,0.46,0
15,0.15,50.0,0.48,0
15,0.15,50.0,0.5,135
15,0.15,50.0,0.52,0
15,0.15,50.0,0.54,0
15,0.15,50.0,0.56,0
15,0.15,50.0,0.58,90
15,0.15,50.0,0.6,0
15,0.15,50.0,0.62,0
15,0.15,50.0,0.64,0
15,0.15,50.0,0.66,90
15,0.15,50.0,0.68,135
15,0.15,50.0,0.7000000000000001,180
15,0.15,50.0,0.72,90
15,0.15,50.0,0.74,90
15,0.15,100.0,0.0,0
15,0.15,100.0,0.02,0
15,0.15,100.0,0.04,135
15,0.15,100.0,0.06,45
15,0.15,100.0,0.08,45
15,0.15,100.0,0.1,135
15,0.15,100.0,0.12,45
15,0.15,100.0,0.14,90
15,0.15,100.0,0.16,135
15,0.15,100.0,0.18,135
15,0.15,100.0,0.2,135
15,0.15,100.0,0.22,135
15,0.15,100.0,0.24,135
15,0.15,100.0,0.26,135
15,0.15,100.0,0.28,135
15,0.15,100.0,0.3,135
15,0.15,100.0,0.32,0
15,0.15,100.0,0.34,0
15,0.15,100.0,0.36,45
15,0.15,100.0,0.38,0
15,0.15,100.0,0.4,45
15,0.15,100.0,0.42,90
15,0.15,100.0,0.44,45
15,0.15,100.0,0.46,45
15,0.15,100.0,0.48,0
15,0.15,100.0,0.5,0
15,0.15,100.0,0.52,0
15,0.15,100.0,0.54,0
15,0.15,100.0,0.56,45
15,0.15,100.0,0.58,0
15,0.15,100.0,0.6,0
15,0.15,100.0,0.62,0
15,0.15,100.0,0.64,0
15,0.15,100.0,0.66,90
15,0.15,100.0,0.68,0
15,0.15,100.0,0.7000000000000001,0
15,0.15,100.0,0.72,0
15,0.15,100.0,0.74,45
16,0.15,0.0,0.0,0
16,0.15,0.0,0.02,0
16,0.15,0.0,0.04,0
16,0.15,0.0,0.06,0
16,0.15,0.0,0.08,0
16,0.15,0.0,0.1,0
16,0.15,0.0,0.12,0
16,0.15,0.0,0.14,0
16,0.15,0.0,0.16,0
16,0.15,0.0,0.18,0
16,0.15,0.0,0.2,0
16,0.15,0.0,0.22,0
16,0.15,0.0,0.24,0
16,0.15,0.0,0.26,0
16,0.15,0.0,0.28,0
16,0.15,0.0,0.3,0
16,0.15,0.0,0.32,0
16,0.15,0.0,0.34,0
16,0.15,0.0,0.36,0
16,0.15,0.0,0.38,0
16,0.15,0.0,0.4,0
16,0.15,0.0,0.42,0
16,0.15,0.0,0.44,0
16,0.15,0.0,0.46,0
16,0.15,0.0,0.48,0
16,0.15,0.0,0.5,0
16,0.15,0.0,0.52,0
16,0.15,0.0,0.54,0
16,0.15,0.0,0.56,0
16,0.15,0.0,0.58,0
16,0.15,0.0,0.6,0
16,0.15,0.0,0.62,0
16,0.15,0.0,0.64,0
16,0.15,0.0,0.66,0
16,0.15,0.0,0.68,0
16,0.15,0.0,0.7000000000000001,0
16,0.15,0.0,0.72,0
16,0.15,0.0,0.74,0
16,0.15,5.0,0.0,0
16,0.15,5.0,0.02,0
16,0.15,5.0,0.04,0
16,0.15,5.0,0.06,0
16,0.15,5.0,0.08,0
16,0.15,5.0,0.1,0
16,0.15,5.0,0.12,0
16,0.15,5.0,0.14,0
16,0.15,5.0,0.16,0
16,0.15,5.0,0.18,0
16,0.15,5.0,0.2,0
16,0.15,5.0,0.22,0
16,0.15,5.0,0.24,0
16,0.15,5.0,0.26,0
16,0.15,5.0,0.28,0
16,0.15,5.0,0.3,0
16,0.15,5.0,0.32,0
16,0.15,5.0,0.34,0
16,0.15,5.0,0.36,0
16,0.15,5.0,0.38,0
16,0.15,5.0,0.4,0
16,0.15,5.0,0.42,0
16,0.15,5.0,0.44,0
16,0.15,5.0,0.46,0
16,0.15,5.0,0.48,0
16,0.15,5.0,0.5,0
16,0.15,5.0,0.52,0
16,0.15,5.0,0.54,0
16,0.15,5.0,0.56,0
16,0.15,5.0,0.58,0
16,0.15,5.0,0.6,0
16,0.15,5.0,0.62,0
16,0.15,5.0,0.64,0
16,0.15,5.0,0.66,0
16,0.15,5.0,0.68,0
16,0.15,5.0,0.7000000000000001,0
16,0.15,5.0,0.72,0
16,0.15,5.0,0.74,0
16,0.15,10.0,0.0,0
16,0.15,10.0,0.02,0
16,0.15,10.0,0.04,0
16,0.15,10.0,0.06,0
16,0.15,10.0,0.08,0
16,0.15,10.0,0.1,135
16,0.15,10.0,0.12,135
16,0.15,10.0,0.14,135
16,0.15,10.0,0.16,135
16,0.15,10.0,0.18,135
16,0.15,10.0,0.2,135
16,0.15,10.0,0.22,0
16,0.15,10.0,0.24,0
16,0.15,10.0,0.26,0
16,0.15,10.0,0.28,0
16,0.15,10.0,0.3,0
16,0.15,10.0,0.32,0
16,0.15,10.0,0.34,0
16,0.15,10.0,0.36,0
16,0.15,10.0,0.38,0
16,0.15,10.0,0.4,0
16,0.15,10.0,0.42,0
16,0.15,10.0,0.44,135
16,0.15,10.0,0.46,0
16,0.15,10.0,0.48,0
16,0.15,10.0,0.5,0
16,0.15,10.0,0.52,0
16,0.15,10.0,0.54,0
16,0.15,10.0,0.56,0
16,0.15,10.0,0.58,0
16,0.15,10.0,0.6,0
16,0.15,10.0,0.62,0
16,0.15,10.0,0.64,0
16,0.15,10.0,0.66,0
16,0.15,10.0,0.68,0
16,0.15,10.0,0.7000000000000001,0
16,0.15,10.0,0.72,0
16,0.15,10.0,0.74,0
16,0.15,15.0,0.0,0
16,0.15,15.0,0.02,0
16,0.15,15.0,0.04,0
16,0.15,15.0,0.06,135
16,0.15,15.0,0.08,0
16,0.15,15.0,0.1,0
16,0.15,15.0,0.12,0
16,0.15,15.0,0.14,0
16,0.15,15.0,0.16,0
16,0.15,15.0,0.18,0
16,0.15,15.0,0.2,0
16,0.15,15.0,0.22,0
16,0.15,15.0,0.24,0
16,0.15,15.0,0.26,0
16,0.15,15.0,0.28,0
16,0.15,15.0,0.3,0
16,0.15,15.0,0.32,0
16,0.15,15.0,0.34,0
16,0.15,15.0,0.36,0
16,0.15,15.0,0.38,0
16,0.15,15.0,0.4,0
16,0.15,15.0,0.42,0
16,0.15,15.0,0.44,0
16,0.15,15.0,0.46,45
16,0.15,15.0,0.48,0
16,0.15,15.0,0.5,0
16,0.15,15.0,0.52,0
16,0.15,15.0,0.54,0
16,0.15,15.0,0.56,0
16,0.15,15.0,0.58,0
16,0.15,15.0,0.6,0
16,0.15,15.0,0.62,0
16,0.15,15.0,0.64,0
16,0.15,15.0,0.66,0
16,0.15,15.0,0.68,0
16,0.15,15.0,0.7000000000000001,0
16,0.15,15.0,0.72,0
16,0.15,15.0,0.74,0
16,0.15,20.0,0.0,0
16,0.15,20.0,0.02,0
16,0.15,20.0,0.04,0
16,0.15,20.0,0.06,45
16,0.15,20.0,0.08,135
16,0.15,20.0,0.1,135
16,0.15,20.0,0.12,0
16,0.15,20.0,0.14,0
16,0.15,20.0,0.16,0
16,0.15,20.0,0.18,0
16,0.15,20.0,0.2,0
16,0.15,20.0,0.22,0
16,0.15,20.0,0.24,135
16,0.15,20.0,0.26,135
16,0.15,20.0,0.28,135
16,0.15,20.0,0.3,135
16,0.15,20.0,0.32,135
16,0.15,20.0,0.34,45
16,0.15,20.0,0.36,0
16,0.15,20.0,0.38,0
16,0.15,20.0,0.4,0
16,0.15,20.0,0.42,0
16,0.15,20.0,0.44,90
16,0.15,20.0,0.46,0
16,0.15,20.0,0.48,0
16,0.15,20.0,0.5,0
16,0.15,20.0,0.52,90
16,0.15,20.0,0.54,135
16,0.15,20.0,0.56,0
16,0.15,20.0,0.58,90
16,0.15,20.0,0.6,135
16,0.15,20.0,0.62,180
16,0.15,20.0,0.64,45
16,0.15,20.0,0.66,0
16,0.15,20.0,0.68,0
16,0.15,20.0,0.7000000000000001,0
16,0.15,20.0,0.72,0
16,0.15,20.0,0.74,0
16,0.15,25.0,0.0,0
16,0.15,25.0,0.02,135
16,0.15,25.0,0.04,180
16,0.15,25.0,0.06,90
16,0.15,25.0,0.08,90
16,0.15,25.0,0.1,0
16,0.15,25.0,0.12,0
16,0.15,25.0,0.14,45
16,0.15,25.0,0.16,90
16,0.15,25.0,0.18,90
16,0.15,25.0,0.2,0
16,0.15,25.0,0.22,0
16,0.15,25.0,0.24,0
16,0.15,25.0,0.26,45
16,0.15,25.0,0.28,45
16,0.15,25.0,0.3,0
16,0.15,25.0,0.32,0
16,0.15,25.0,0.34,0
16,0.15,25.0,0.36,0
16,0.15,25.0,0.38,0
16,0.15,25.0,0.4,0
16,0.15,25.0,0.42,180
16,0.15,25.0,0.44,135
16,0.15,25.0,0.46,180
16,0.15,25.0,0.48,0
16,0.15,25.0,0.5,0
16,0.15,25.0,0.52,135
16,0.15,25.0,0.54,180
16,0.15,25.0,0.56,135
16,0.15,25.0,0.58,135
16,0.15,25.0,0.6,0
16,0.15,25.0,0.62,45
16,0.15,25.0,0.64,0
16,0.15,25.0,0.66,0
16,0.15,25.0,0.68,0
16,0.15,25.0,0.7000000000000001,135
16,0.15,25.0,0.72,0
16,0.15,25.0,0.74,0
16,0.15,30.0,0.0,0
16,0.15,30.0,0.02,135
16,0.15,30.0,0.04,135
16,0.15,30.0,0.06,90
16,0.15,30.0,0.08,0
16,0.15,30.0,0.1,0
16,0.15,30.0,0.12,0
16,0.15,30.0,0.14,0
16,0.15,30.0,0.16,135
16,0.15,30.0,0.18,90
16,0.15,30.0,0.2,0
16,0.15,30.0,0.22,0
16,0.15,30.0,0.24,0
16,0.15,30.0,0.26,0
16,0.15,30.0,0.28,0
16,0.15,30.0,0.3,0
16,0.15,30.0,0.32,135
16,0.15,30.0,0.34,135
16,0.15,30.0,0.36,135
16,0.15,30.0,0.38,135
16,0.15,30.0,0.4,90
16,0.15,30.0,0.42,45
16,0.15,30.0,0.44,0
16,0.15,30.0,0.46,0
16,0.15,30.0,0.48,0
16,0.15,30.0,0.5,0
16,0.15,30.0,0.52,0
16,0.15,30.0,0.54,0
16,0.15,30.0,0.56,0
16,0.15,30.0,0.58,0
16,0.15,30.0,0.6,0
16,0.15,30.0,0.62,0
16,0.15,30.0,0.64,0
16,0.15,30.0,0.66,0
16,0.15,30.0,0.68,0
16,0.15,30.0,0.7000000000000001,0
16,0.15,30.0,0.72,0
16,0.15,30.0,0.74,45
16,0.15,40.0,0.0,0
16,0.15,40.0,0.02,45
16,0.15,40.0,0.04,0
16,0.15,40.0,0.06,135
16,0.15,40.0,0.08,135
16,0.15,40.0,0.1,0
16,0.15,40.0,0.12,0
16,0.15,40.0,0.14,90
16,0.15,40.0,0.16,135
16,0.15,40.0,0.18,135
16,0.15,40.0,0.2,135
16,0.15,40.0,0.22,0
16,0.15,40.0,0.24,0
16,0.15,40.0,0.26,135
16,0.15,40.0,0.28,180
16,0.15,40.0,0.3,180
16,0.15,40.0,0.32,45
16,0.15,40.0,0.34,0
16,0.15,40.0,0.36,0
16,0.15,40.0,0.38,0
16,0.15,40.0,0.4,0
16,0.15,40.0,0.42,0
16,0.15,40.0,0.44,0
16,0.15,40.0,0.46,0
16,0.15,40.0,0.48,135
16,0.15,40.0,0.5,0
16,0.15,40.0,0.52,0
16,0.15,40.0,0.54,0
16,0.15,40.0,0.56,0
16,0.15,40.0,0.58,0
16,0.15,40.0,0.6,0
16,0.15,40.0,0.62,0
16,0.15,40.0,0.64,0
16,0.15,40.0,0.66,45
16,0.15,40.0,0.68,45
16,0.15,40.0,0.7000000000000001,90
16,0.15,40.0,0.72,45
16,0.15,40.0,0.74,45
16,0.15,50.0,0.0,0
16,0.15,50.0,0.02,0
16,0.15,50.0,0.04,0
16,0.15,50.0,0.06,0
16,0.15,50.0,0.08,45
16,0.15,50.0,0.1,90
16,0.15,50.0,0.12,45
16,0.15,50.0,0.14,0
16,0.15,50.0,0.16,135
16,0.15,50.0,0.18,135
16,0.15,50.0,0.2,0
16,0.15,50.0,0.22,0
16,0.15,50.0,0.24,0
16,0.15,50.0,0.26,0
16,0.15,50.0,0.28,180
16,0.15,50.0,0.3,0
16,0.15,50.0,0.32,0
16,0.15,50.0,0.34,0
16,0.15,50.0,0.36,0
16,0.15,50.0,0.38,0
16,0.15,50.0,0.4,45
16,0.15,50.0,0.42,90
16,0.15,50.0,0.44,180
16,0.15,50.0,0.46,180
16,0.15,50.0,0.48,135
16,0.15,50.0,0.5,135
16,0.15,50.0,0.52,135
16,0.15,50.0,0.54,45
16,0.15,50.0,0.56,135
16,0.15,50.0,0.58,180
16,0.15,50.0,0.6,45
16,0.15,50.0,0.62,135
16,0.15,50.0,0.64,135
16,0.15,50.0,0.66,135
16,0.15,50.0,0.68,45
16,0.15,50.0,0.7000000000000001,0
16,0.15,50.0,0.72,45
16,0.15,50.0,0.74,135
16,0.15,100.0,0.0,0
16,0.15,100.0,0.02,135
16,0.15,100.0,0.04,0
16,0.15,100.0,0.06,90
16,0.15,100.0,0.08,90
16,0.15,100.0,0.1,135
16,0.15,100.0,0.12,135
16,0.15,100.0,0.14,0
16,0.15,100.0,0.16,0
16,0.15,100.0,0.18,180
16,0.15,100.0,0.2,90
16,0.15,100.0,0.22,0
16,0.15,100.0,0.24,45
16,0.15,100.0,0.26,0
16,0.15,100.0,0.28,0
16,0.15,100.0,0.3,45
16,0.15,100.0,0.32,0
16,0.15,100.0,0.34,0
16,0.15,100.0,0.36,0
16,0.15,100.0,0.38,180
16,0.15,100.0,0.4,0
16,0.15,100.0,0.42,45
16,0.15,100.0,0.44,45
16,0.15,100.0,0.46,0
16,0.15,100.0,0.48,0
16,0.15,100.0,0.5,0
16,0.15,100.0,0.52,0
16,0.15,100.0,0.54,0
16,0.15,100.0,0.56,45
16,0.15,100.0,0.58,45
16,0.15,100.0,0.6,45
16,0.15,100.0,0.62,45
16,0.15,100.0,0.64,0
16,0.15,100.0,0.66,0
16,0.15,100.0,0.68,0
16,0.15,100.0,0.7000000000000001,0
16,0.15,100.0,0.72,0
16,0.15,100.0,0.74,0
17,0.15,0.0,0.0,0
17,0.15,0.0,0.02,0
17,0.15,0.0,0.04,0
17,0.15,0.0,0.06,0
17,0.15,0.0,0.08,0
17,0.15,0.0,0.1,0
17,0.15,0.0,0.12,0
17,0.15,0.0,0.14,0
17,0.15,0.0,0.16,0
17,0.15,0.0,0.18,45
17,0.15,0.0,0.2,0
17,0.15,0.0,0.22,0
17,0.15,0.0,0.24,45
17,0.15,0.0,0.26,0
17,0.15,0.0,0.28,0
17,0.15,0.0,0.3,0
17,0.15,0.0,0.32,0
17,0.15,0.0,0.34,0
17,0.15,0.0,0.36,0
17,0.15,0.0,0.38,0
17,0.15,0.0,0.4,0
17,0.15,0.0,0.42,0
17,0.15,0.0,0.44,0
17,0.15,0.0,0.46,0
17,0.15,0.0,0.48,0
17,0.15,0.0,0.5,0
17,0.15,0.0,0.52,0
17,0.15,0.0,0.54,0
17,0.15,0.0,0.56,0
17,0.15,0.0,0.58,0
17,0.15,0.0,0.6,0
17,0.15,0.0,0.62,0
17,0.15,0.0,0.64,0
17,0.15,0.0,0.66,0
17,0.15,0.0,0.68,0
17,0.15,0.0,0.7000000000000001,0
17,0.15,0.0,0.72,0
17,0.15,0.0,0.74,0
17,0.15,5.0,0.0,0
17,0.15,5.0,0.02,0
17,0.15,5.0,0.04,0
17,0.15,5.0,0.06,0
17,0.15,5.0,0.08,0
17,0.15,5.0,0.1,0
17,0.15,5.0,0.12,0
17,0.15,5.0,0.14,0
17,0.15,5.0,0.16,0
17,0.15,5.0,0.18,0
17,0.15,5.0,0.2,0
17,0.15,5.0,0.22,0
17,0.15,5.0,0.24,0
17,0.15,5.0,0.26,0
17,0.15,5.0,0.28,0
17,0.15,5.0,0.3,45
17,0.15,5.0,0.32,0
17,0.15,5.0,0.34,0
17,0.15,5.0,0.36,0
17,0.15,5.0,0.38,0
17,0.15,5.0,0.4,0
17,0.15,5.0,0.42,0
17,0.15,5.0,0.44,0
17,0.15,5.0,0.46,135
17,0.15,5.0,0.48,135
17,0.15,5.0,0.5,135
17,0.15,5.0,0.52,135
17,0.15,5.0,0.54,135
17,0.15,5.0,0.56,0
17,0.15,5.0,0.58,0
17,0.15,5.0,0.6,0
17,0.15,5.0,0.62,0
17,0.15,5.0,0.64,0
17,0.15,5.0,0.66,0
17,0.15,5.0,0.68,0
17,0.15,5.0,0.7000000000000001,45
17,0.15,5.0,0.72,0
17,0.15,5.0,0.74,0
17,0.15,10.0,0.0,0
17,0.15,10.0,0.02,135
17,0.15,10.0,0.04,180
17,0.15,10.0,0.06,90
17,0.15,10.0,0.08,0
17,0.15,10.0,0.1,0
17,0.15,10.0,0.12,0
17,0.15,10.0,0.14,0
17,0.15,10.0,0.16,0
17,0.15,10.0,0.18,0
17,0.15,10.0,0.2,0
17,0.15,10.0,0.22,0
17,0.15,10.0,0.24,0
17,0.15,10.0,0.26,0
17,0.15,10.0,0.28,0
17,0.15,10.0,0.3,45
17,0.15,10.0,0.32,0
17,0.15,10.0,0.34,0
17,0.15,10.0,0.36,135
17,0.15,10.0,0.38,135
17,0.15,10.0,0.4,0
17,0.15,10.0,0.42,0
17,0.15,10.0,0.44,0
17,0.15,10.0,0.46,0
17,0.15,10.0,0.48,0
17,0.15,10.0,0.5,0
17,0.15,10.0,0.52,0
17,0.15,10.0,0.54,0
17,0.15,10.0,0.56,0
17,0.15,10.0,0.58,0
17,0.15,10.0,0.6,0
17,0.15,10.0,0.62,0
17,0.15,10.0,0.64,0
17,0.15,10.0,0.66,90
17,0.15,10.0,0.68,0
17,0.15,10.0,0.7000000000000001,180
17,0.15,10.0,0.72,135
17,0.15,10.0,0.74,0
17,0.15,15.0,0.0,0
17,0.15,15.0,0.02,45
17,0.15,15.0,0.04,135
17,0.15,15.0,0.06,135
17,0.15,15.0,0.08,180
17,0.15,15.0,0.1,135
17,0.15,15.0,0.12,135
17,0.15,15.0,0.14,135
17,0.15,15.0,0.16,90
17,0.15,15.0,0.18,135
17,0.15,15.0,0.2,135
17,0.15,15.0,0.22,180
17,0.15,15.0,0.24,135
17,0.15,15.0,0.26,135
17,0.15,15.0,0.28,180
17,0.15,15.0,0.3,135
17,0.15,15.0,0.32,135
17,0.15,15.0,0.34,135
17,0.15,15.0,0.36,180
17,0.15,15.0,0.38,135
17,0.15,15.0,0.4,180
17,0.15,15.0,0.42,135
17,0.15,15.0,0.44,135
17,0.15,15.0,0.46,135
17,0.15,15.0,0.48,0
17,0.15,15.0,0.5,0
17,0.15,15.0,0.52,0
17,0.15,15.0,0.54,135
17,0.15,15.0,0.56,0
17,0.15,15.0,0.58,45
17,0.15,15.0,0.6,0
17,0.15,15.0,0.62,0
17,0.15,15.0,0.64,0
17,0.15,15.0,0.66,0
17,0.15,15.0,0.68,0
17,0.15,15.0,0.7000000000000001,0
17,0.15,15.0,0.72,0
17,0.15,15.0,0.74,0
17,0.15,20.0,0.0,0
17,0.15,20.0,0.02,0
17,0.15,20.0,0.04,0
17,0.15,20.0,0.06,0
17,0.15,20.0,0.08,0
17,0.15,20.0,0.1,0
17,0.15,20.0,0.12,0
17,0.15,20.0,0.14,135
17,0.15,20.0,0.16,135
17,0.15,20.0,0.18,45
17,0.15,20.0,0.2,0
17,0.15,20.0,0.22,0
17,0.15,20.0,0.24,0
17,0.15,20.0,0.26,0
17,0.15,20.0,0.28,0
17,0.15,20.0,0.3,0
17,0.15,20.0,0.32,0
17,0.15,20.0,0.34,0
17,0.15,20.0,0.36,0
17,0.15,20.0,0.38,135
17,0.15,20.0,0.4,0
17,0.15,20.0,0.42,45
17,0.15,20.0,0.44,0
17,0.15,20.0,0.46,0
17,0.15,20.0,0.48,0
17,0.15,20.0,0.5,0
17,0.15,20.0,0.52,0
17,0.15,20.0,0.54,0
17,0.15,20.0,0.56,135
17,0.15,20.0,0.58,0
17,0.15,20.0,0.6,45
17,0.15,20.0,0.62,0
17,0.15,20.0,0.64,0
17,0.15,20.0,0.66,135
17,0.15,20.0,0.68,135
17,0.15,20.0,0.7000000000000001,135
17,0.15,20.0,0.72,0
17,0.15,20.0,0.74,0
17,0.15,25.0,0.0,0
17,0.15,25.0,0.02,0
17,0.15,25.0,0.04,0
17,0.15,25.0,0.06,0
17,0.15,25.0,0.08,0
17,0.15,25.0,0.1,0
17,0.15,25.0,0.12,0
17,0.15,25.0,0.14,0
17,0.15,25.0,0.16,135
17,0.15,25.0,0.18,45
17,0.15,25.0,0.2,0
17,0.15,25.0,0.22,0
17,0.15,25.0,0.24,0
17,0.15,25.0,0.26,180
17,0.15,25.0,0.28,135
17,0.15,25.0,0.3,0
17,0.15,25.0,0.32,0
17,0.15,25.0,0.34,0
17,0.15,25.0,0.36,0
17,0.15,25.0,0.38,0
17,0.15,25.0,0.4,45
17,0.15,25.0,0.42,45
17,0.15,25.0,0.44,0
17,0.15,25.0,0.46,0
17,0.15,25.0,0.48,90
17,0.15,25.0,0.5,135
17,0.15,25.0,0.52,135
17,0.15,25.0,0.54,0
17,0.15,25.0,0.56,0
17,0.15,25.0,0.58,0
17,0.15,25.0,0.6,0
17,0.15,25.0,0.62,0
17,0.15,25.0,0.64,0
17,0.15,25.0,0.66,0
17,0.15,25.0,0.68,90
17,0.15,25.0,0.7000000000000001,0
17,0.15,25.0,0.72,0
17,0.15,25.0,0.74,0
17,0.15,30.0,0.0,0
17,0.15,30.0,0.02,0
17,0.15,30.0,0.04,0
17,0.15,30.0,0.06,0
17,0.15,30.0,0.08,135
17,0.15,30.0,0.1,0
17,0.15,30.0,0.12,0
17,0.15,30.0,0.14,0
17,0.15,30.0,0.16,0
17,0.15,30.0,0.18,180
17,0.15,30.0,0.2,0
17,0.15,30.0,0.22,0
17,0.15,30.0,0.24,0
17,0.15,30.0,0.26,135
17,0.15,30.0,0.28,180
17,0.15,30.0,0.3,135
17,0.15,30.0,0.32,135
17,0.15,30.0,0.34,135
17,0.15,30.0,0.36,0
17,0.15,30.0,0.38,0
17,0.15,30.0,0.4,0
17,0.15,30.0,0.42,90
17,0.15,30.0,0.44,90
17,0.15,30.0,0.46,45
17,0.15,30.0,0.48,180
17,0.15,30.0,0.5,90
17,0.15,30.0,0.52,0
17,0.15,30.0,0.54,90
17,0.15,30.0,0.56,0
17,0.15,30.0,0.58,0
17,0.15,30.0,0.6,0
17,0.15,30.0,0.62,0
17,0.15,30.0,0.64,45
17,0.15,30.0,0.66,0
17,0.15,30.0,0.68,0
17,0.15,30.0,0.7000000000000001,90
17,0.15,30.0,0.72,90
17,0.15,30.0,0.74,90
17,0.15,40.0,0.0,0
17,0.15,40.0,0.02,0
17,0.15,40.0,0.04,0
17,0.15,40.0,0.06,0
17,0.15,40.0,0.08,0
17,0.15,40.0,0.1,0
17,0.15,40.0,0.12,135
17,0.15,40.0,0.14,180
17,0.15,40.0,0.16,180
17,0.15,40.0,0.18,135
17,0.15,40.0,0.2,135
17,0.15,40.0,0.22,180
17,0.15,40.0,0.24,0
17,0.15,40.0,0.26,180
17,0.15,40.0,0.28,180
17,0.15,40.0,0.3,135
17,0.15,40.0,0.32,135
17,0.15,40.0,0.34,180
17,0.15,40.0,0.36,0
17,0.15,40.0,0.38,0
17,0.15,40.0,0.4,0
17,0.15,40.0,0.42,135
17,0.15,40.0,0.44,135
17,0.15,40.0,0.46,135
17,0.15,40.0,0.48,135
17,0.15,40.0,0.5,135
17,0.15,40.0,0.52,135
17,0.15,40.0,0.54,90
17,0.15,40.0,0.56,0
17,0.15,40.0,0.58,0
17,0.15,40.0,0.6,135
17,0.15,40.0,0.62,135
17,0.15,40.0,0.64,135
17,0.15,40.0,0.66,135
17,0.15,40.0,0.68,0
17,0.15,40.0,0.7000000000000001,135
17,0.15,40.0,0.72,0
17,0.15,40.0,0.74,45
17,0.15,50.0,0.0,0
17,0.15,50.0,0.02,135
17,0.15,50.0,0.04,180
17,0.15,50.0,0.06,135
17,0.15,50.0,0.08,135
17,0.15,50.0,0.1,135
17,0.15,50.0,0.12,135
17,0.15,50.0,0.14,0
17,0.15,50.0,0.16,0
17,0.15,50.0,0.18,0
17,0.15,50.0,0.2,135
17,0.15,50.0,0.22,135
17,0.15,50.0,0.24,180
17,0.15,50.0,0.26,135
17,0.15,50.0,0.28,0
17,0.15,50.0,0.3,0
17,0.15,50.0,0.32,0
17,0.15,50.0,0.34,135
17,0.15,50.0,0.36,180
17,0.15,50.0,0.38,180
17,0.15,50.0,0.4,0
17,0.15,50.0,0.42,90
17,0.15,50.0,0.44,45
17,0.15,50.0,0.46,135
17,0.15,50.0,0.48,0
17,0.15,50.0,0.5,0
17,0.15,50.0,0.52,0
17,0.15,50.0,0.54,90
17,0.15,50.0,0.56,180
17,0.15,50.0,0.58,90
17,0.15,50.0,0.6,90
17,0.15,50.0,0.62,0
17,0.15,50.0,0.64,0
17,0.15,50.0,0.66,0
17,0.15,50.0,0.68,135
17,0.15,50.0,0.7000000000000001,135
17,0.15,50.0,0.72,135
17,0.15,50.0,0.74,135
17,0.15,100.0,0.0,0
17,0.15,100.0,0.02,0
17,0.15,100.0,0.04,90
17,0.15,100.0,0.06,0
17,0.15,100.0,0.08,45
17,0.15,100.0,0.1,135
17,0.15,100.0,0.12,0
17,0.15,100.0,0.14,135
17,0.15,100.0,0.16,135
17,0.15,100.0,0.18,180
17,0.15,100.0,0.2,180
17,0.15,100.0,0.22,90
17,0.15,100.0,0.24,45
17,0.15,100.0,0.26,45
17,0.15,100.0,0.28,45
17,0.15,100.0,0.3,45
17,0.15,100.0,0.32,180
17,0.15,100.0,0.34,0
17,0.15,100.0,0.36,180
17,0.15,100.0,0.38,0
17,0.15,100.0,0.4,0
17,0.15,100.0,0.42,0
17,0.15,100.0,0.44,45
17,0.15,100.0,0.46,0
17,0.15,100.0,0.48,0
17,0.15,100.0,0.5,0
17,0.15,100.0,0.52,0
17,0.15,100.0,0.54,0
17,0.15,100.0,0.56,0
17,0.15,100.0,0.58,0
17,0.15,100.0,0.6,0
17,0.15,100.0,0.62,0
17,0.15,100.0,0.64,0
17,0.15,100.0,0.66,0
17,0.15,100.0,0.68,0
17,0.15,100.0,0.7000000000000001,0
17,0.15,100.0,0.72,0
17,0.15,100.0,0.74,0
18,0.15,0.0,0.0,0
18,0.15,0.0,0.02,0
18,0.15,0.0,0.04,0
18,0.15,0.0,0.06,0
18,0.15,0.0,0.08,0
18,0.15,0.0,0.1,0
18,0.15,0.0,0.12,0
18,0.15,0.0,0.14,0
18,0.15,0.0,0.16,0
18,0.15,0.0,0.18,0
18,0.15,0.0,0.2,0
18,0.15,0.0,0.22,0
18,0.15,0.0,0.24,0
18,0.15,0.0,0.26,0
18,0.15,0.0,0.28,0
18,0.15,0.0,0.3,0
18,0.15,0.0,0.32,0
18,0.15,0.0,0.34,0
18,0.15,0.0,0.36,0
18,0.15,0.0,0.38,0
18,0.15,0.0,0.4,0
18,0.15,0.0,0.42,0
18,0.15,0.0,0.44,0
18,0.15,0.0,0.46,0
18,0.15,0.0,0.48,0
18,0.15,0.0,0.5,0
18,0.15,0.0,0.52,0
18,0.15,0.0,0.54,0
18,0.15,0.0,0.56,0
18,0.15,0.0,0.58,0
18,0.15,0.0,0.6,0
18,0.15,0.0,0.62,0
18,0.15,0.0,0.64,0
18,0.15,0.0,0.66,0
18,0.15,0.0,0.68,0
18,0.15,0.0,0.7000000000000001,0
18,0.15,0.0,0.72,0
18,0.15,0.0,0.74,0
18,0.15,5.0,0.0,0
18,0.15,5.0,0.02,0
18,0.15,5.0,0.04,0
18,0.15,5.0,0.06,0
18,0.15,5.0,0.08,0
18,0.15,5.0,0.1,0
18,0.15,5.0,0.12,0
18,0.15,5.0,0.14,0
18,0.15,5.0,0.16,0
18,0.15,5.0,0.18,0
18,0.15,5.0,0.2,0
18,0.15,5.0,0.22,0
18,0.15,5.0,0.24,0
18,0.15,5.0,0.26,0
18,0.15,5.0,0.28,0
18,0.15,5.0,0.3,45
18,0.15,5.0,0.32,0
18,0.15,5.0,0.34,0
18,0.15,5.0,0.36,0
18,0.15,5.0,0.38,0
18,0.15,5.0,0.4,0
18,0.15,5.0,0.42,0
18,0.15,5.0,0.44,0
18,0.15,5.0,0.46,0
18,0.15,5.0,0.48,0
18,0.15,5.0,0.5,0
18,0.15,5.0,0.52,0
18,0.15,5.0,0.54,0
18,0.15,5.0,0.56,0
18,0.15,5.0,0.58,0
18,0.15,5.0,0.6,0
18,0.15,5.0,0.62,0
18,0.15,5.0,0.64,0
18,0.15,5.0,0.66,0
18,0.15,5.0,0.68,0
18,0.15,5.0,0.7000000000000001,0
18,0.15,5.0,0.72,0
18,0.15,5.0,0.74,0
18,0.15,10.0,0.0,0
18,0.15,10.0,0.02,0
18,0.15,10.0,0.04,135
18,0.15,10.0,0.06,135
18,0.15,10.0,0.08,180
18,0.15,10.0,0.1,0
18,0.15,10.0,0.12,135
18,0.15,10.0,0.14,135
18,0.15,10.0,0.16,135
18,0.15,10.0,0.18,135
18,0.15,10.0,0.2,135
18,0.15,10.0,0.22,135
18,0.15,10.0,0.24,45
18,0.15,10.0,0.26,0
18,0.15,10.0,0.28,0
18,0.15,10.0,0.3,0
18,0.15,10.0,0.32,0
18,0.15,10.0,0.34,0
18,0.15,10.0,0.36,0
18,0.15,10.0,0.38,0
18,0.15,10.0,0.4,0
18,0.15,10.0,0.42,0
18,0.15,10.0,0.44,0
18,0.15,10.0,0.46,0
18,0.15,10.0,0.48,0
18,0.15,10.0,0.5,0
18,0.15,10.0,0.52,0
18,0.15,10.0,0.54,0
18,0.15,10.0,0.56,180
18,0.15,10.0,0.58,180
18,0.15,10.0,0.6,180
18,0.15,10.0,0.62,135
18,0.15,10.0,0.64,135
18,0.15,10.0,0.66,90
18,0.15,10.0,0.68,135
18,0.15,10.0,0.7000000000000001,0
18,0.15,10.0,0.72,0
18,0.15,10.0,0.74,0
18,0.15,15.0,0.0,0
18,0.15,15.0,0.02,0
18,0.15,15.0,0.04,0
18,0.15,15.0,0.06,0
18,0.15,15.0,0.08,0
18,0.15,15.0,0.1,0
18,0.15,15.0,0.12,0
18,0.15,15.0,0.14,0
18,0.15,15.0,0.16,0
18,0.15,15.0,0.18,0
18,0.15,15.0,0.2,0
18,0.15,15.0,0.22,0
18,0.15,15.0,0.24,0
18,0.15,15.0,0.26,0
18,0.15,15.0,0.28,0
18,0.15,15.0,0.3,45
18,0.15,15.0,0.32,0
18,0.15,15.0,0.34,135
18,0.15,15.0,0.36,180
18,0.15,15.0,0.38,180
18,0.15,15.0,0.4,0
18,0.15,15.0,0.42,0
18,0.15,15.0,0.44,0
18,0.15,15.0,0.46,0
18,0.15,15.0,0.48,0
18,0.15,15.0,0.5,0
18,0.15,15.0,0.52,0
18,0.15,15.0,0.54,45
18,0.15,15.0,0.56,135
18,0.15,15.0,0.58,135
18,0.15,15.0,0.6,135
18,0.15,15.0,0.62,0
18,0.15,15.0,0.64,0
18,0.15,15.0,0.66,0
18,0.15,15.0,0.68,0
18,0.15,15.0,0.7000000000000001,0
18,0.15,15.0,0.72,45
18,0.15,15.0,0.74,0
18,0.15,20.0,0.0,0
18,0.15,20.0,0.02,0
18,0.15,20.0,0.04,180
18,0.15,20.0,0.06,0
18,0.15,20.0,0.08,0
18,0.15,20.0,0.1,45
18,0.15,20.0,0.12,90
18,0.15,20.0,0.14,0
18,0.15,20.0,0.16,45
18,0.15,20.0,0.18,45
18,0.15,20.0,0.2,0
18,0.15,20.0,0.22,45
18,0.15,20.0,0.24,90
18,0.15,20.0,0.26,0
18,0.15,20.0,0.28,0
18,0.15,20.0,0.3,0
18,0.15,20.0,0.32,0
18,0.15,20.0,0.34,0
18,0.15,20.0,0.36,0
18,0.15,20.0,0.38,90
18,0.15,20.0,0.4,45
18,0.15,20.0,0.42,135
18,0.15,20.0,0.44,45
18,0.15,20.0,0.46,0
18,0.15,20.0,0.48,0
18,0.15,20.0,0.5,45
18,0.15,20.0,0.52,90
18,0.15,20.0,0.54,0
18,0.15,20.0,0.56,0
18,0.15,20.0,0.58,0
18,0.15,20.0,0.6,0
18,0.15,20.0,0.62,0
18,0.15,20.0,0.64,0
18,0.15,20.0,0.66,0
18,0.15,20.0,0.68,0
18,0.15,20.0,0.7000000000000001,0
18,0.15,20.0,0.72,0
18,0.15,20.0,0.74,0
18,0.15,25.0,0.0,0
18,0.15,25.0,0.02,0
18,0.15,25.0,0.04,0
18,0.15,25.0,0.06,0
18,0.15,25.0,0.08,0
18,0.15,25.0,0.1,90
18,0.15,25.0,0.12,135
18,0.15,25.0,0.14,90
18,0.15,25.0,0.16,90
18,0.15,25.0,0.18,90
18,0.15,25.0,0.2,45
18,0.15,25.0,0.22,0
18,0.15,25.0,0.24,0
18,0.15,25.0,0.26,135
18,0.15,25.0,0.28,135
18,0.15,25.0,0.3,180
18,0.15,25.0,0.32,180
18,0.15,25.0,0.34,135
18,0.15,25.0,0.36,135
18,0.15,25.0,0.38,0
18,0.15,25.0,0.4,135
18,0.15,25.0,0.42,135
18,0.15,25.0,0.44,135
18,0.15,25.0,0.46,90
18,0.15,25.0,0.48,135
18,0.15,25.0,0.5,90
18,0.15,25.0,0.52,135
18,0.15,25.0,0.54,0
18,0.15,25.0,0.56,0
18,0.15,25.0,0.58,135
18,0.15,25.0,0.6,135
18,0.15,25.0,0.62,0
18,0.15,25.0,0.64,90
18,0.15,25.0,0.66,0
18,0.15,25.0,0.68,0
18,0.15,25.0,0.7000000000000001,0
18,0.15,25.0,0.72,0
18,0.15,25.0,0.74,45
18,0.15,30.0,0.0,0
18,0.15,30.0,0.02,45
18,0.15,30.0,0.04,0
18,0.15,30.0,0.06,0
18,0.15,30.0,0.08,0
18,0.15,30.0,0.1,0
18,0.15,30.0,0.12,135
18,0.15,30.0,0.14,90
18,0.15,30.0,0.16,0
18,0.15,30.0,0.18,0
18,0.15,30.0,0.2,0
18,0.15,30.0,0.22,135
18,0.15,30.0,0.24,0
18,0.15,30.0,0.26,0
18,0.15,30.0,0.28,0
18,0.15,30.0,0.3,0
18,0.15,30.0,0.32,0
18,0.15,30.0,0.34,135
18,0.15,30.0,0.36,135
18,0.15,30.0,0.38,135
18,0.15,30.0,0.4,135
18,0.15,30.0,0.42,90
18,0.15,30.0,0.44,0
18,0.15,30.0,0.46,45
18,0.15,30.0,0.48,0
18,0.15,30.0,0.5,0
18,0.15,30.0,0.52,0
18,0.15,30.0,0.54,0
18,0.15,30.0,0.56,0
18,0.15,30.0,0.58,0
18,0.15,30.0,0.6,0
18,0.15,30.0,0.62,0
18,0.15,30.0,0.64,90
18,0.15,30.0,0.66,135
18,0.15,30.0,0.68,0
18,0.15,30.0,0.7000000000000001,0
18,0.15,30.0,0.72,0
18,0.15,30.0,0.74,45
18,0.15,40.0,0.0,0
18,0.15,40.0,0.02,0
18,0.15,40.0,0.04,180
18,0.15,40.0,0.06,135
18,0.15,40.0,0.08,90
18,0.15,40.0,0.1,135
18,0.15,40.0,0.12,135
18,0.15,40.0,0.14,135
18,0.15,40.0,0.16,45
18,0.15,40.0,0.18,0
18,0.15,40.0,0.2,0
18,0.15,40.0,0.22,0
18,0.15,40.0,0.24,0
18,0.15,40.0,0.26,0
18,0.15,40.0,0.28,0
18,0.15,40.0,0.3,90
18,0.15,40.0,0.32,0
18,0.15,40.0,0.34,180
18,0.15,40.0,0.36,180
18,0.15,40.0,0.38,0
18,0.15,40.0,0.4,0
18,0.15,40.0,0.42,90
18,0.15,40.0,0.44,135
18,0.15,40.0,0.46,135
18,0.15,40.0,0.48,0
18,0.15,40.0,0.5,0
18,0.15,40.0,0.52,0
18,0.15,40.0,0.54,0
18,0.15,40.0,0.56,0
18,0.15,40.0,0.58,0
18,0.15,40.0,0.6,0
18,0.15,40.0,0.62,0
18,0.15,40.0,0.64,0
18,0.15,40.0,0.66,0
18,0.15,40.0,0.68,0
18,0.15,40.0,0.7000000000000001,0
18,0.15,40.0,0.72,0
18,0.15,40.0,0.74,0
18,0.15,50.0,0.0,0
18,0.15,50.0,0.02,0
18,0.15,50.0,0.04,0
18,0.15,50.0,0.06,135
18,0.15,50.0,0.08,90
18,0.15,50.0,0.1,0
18,0.15,50.0,0.12,0
18,0.15,50.0,0.14,180
18,0.15,50.0,0.16,180
18,0.15,50.0,0.18,135
18,0.15,50.0,0.2,135
18,0.15,50.0,0.22,45
18,0.15,50.0,0.24,45
18,0.15,50.0,0.26,0
18,0.15,50.0,0.28,0
18,0.15,50.0,0.3,0
18,0.15,50.0,0.32,90
18,0.15,50.0,0.34,45
18,0.15,50.0,0.36,135
18,0.15,50.0,0.38,180
18,0.15,50.0,0.4,90
18,0.15,50.0,0.42,0
18,0.15,50.0,0.44,0
18,0.15,50.0,0.46,90
18,0.15,50.0,0.48,180
18,0.15,50.0,0.5,135
18,0.15,50.0,0.52,135
18,0.15,50.0,0.54,135
18,0.15,50.0,0.56,135
18,0.15,50.0,0.58,0
18,0.15,50.0,0.6,0
18,0.15,50.0,0.62,0
18,0.15,50.0,0.64,0
18,0.15,50.0,0.66,135
18,0.15,50.0,0.68,0
18,0.15,50.0,0.7000000000000001,90
18,0.15,50.0,0.72,45
18,0.15,50.0,0.74,0
18,0.15,100.0,0.0,0
18,0.15,100.0,0.02,135
18,0.15,100.0,0.04,0
18,0.15,100.0,0.06,0
18,0.15,100.0,0.08,90
18,0.15,100.0,0.1,90
18,0.15,100.0,0.12,90
18,0.15,100.0,0.14,90
18,0.15,100.0,0.16,135
18,0.15,100.0,0.18,45
18,0.15,100.0,0.2,135
18,0.15,100.0,0.22,0
18,0.15,100.0,0.24,135
18,0.15,100.0,0.26,135
18,0.15,100.0,0.28,0
18,0.15,100.0,0.3,0
18,0.15,100.0,0.32,0
18,0.15,100.0,0.34,135
18,0.15,100.0,0.36,0
18,0.15,100.0,0.38,135
18,0.15,100.0,0.4,0
18,0.15,100.0,0.42,90
18,0.15,100.0,0.44,135
18,0.15,100.0,0.46,135
18,0.15,100.0,0.48,135
18,0.15,100.0,0.5,90
18,0.15,100.0,0.52,45
18,0.15,100.0,0.54,135
18,0.15,100.0,0.56,45
18,0.15,100.0,0.58,45
18,0.15,100.0,0.6,45
18,0.15,100.0,0.62,45
18,0.15,100.0,0.64,45
18,0.15,100.0,0.66,90
18,0.15,100.0,0.68,90
18,0.15,100.0,0.7000000000000001,90
18,0.15,100.0,0.72,0
18,0.15,100.0,0.74,0
19,0.15,0.0,0.0,0
19,0.15,0.0,0.02,0
19,0.15,0.0,0.04,0
19,0.15,0.0,0.06,0
19,0.15,0.0,0.08,0
19,0.15,0.0,0.1,0
19,0.15,0.0,0.12,0
19,0.15,0.0,0.14,0
19,0.15,0.0,0.16,0
19,0.15,0.0,0.18,0
19,0.15,0.0,0.2,0
19,0.15,0.0,0.22,0
19,0.15,0.0,0.24,0
19,0.15,0.0,0.26,0
19,0.15,0.0,0.28,0
19,0.15,0.0,0.3,0
19,0.15,0.0,0.32,0
19,0.15,0.0,0.34,0
19,0.15,0.0,0.36,0
19,0.15,0.0,0.38,0
19,0.15,0.0,0.4,0
19,0.15,0.0,0.42,0
19,0.15,0.0,0.44,0
19,0.15,0.0,0.46,0
19,0.15,0.0,0.48,0
19,0.15,0.0,0.5,0
19,0.15,0.0,0.52,0
19,0.15,0.0,0.54,0
19,0.15,0.0,0.56,0
19,0.15,0.0,0.58,0
19,0.15,0.0,0.6,0
19,0.15,0.0,0.62,0
19,0.15,0.0,0.64,0
19,0.15,0.0,0.66,0
19,0.15,0.0,0.68,0
19,0.15,0.0,0.7000000000000001,0
19,0.15,0.0,0.72,0
19,0.15,0.0,0.74,0
19,0.15,5.0,0.0,0
19,0.15,5.0,0.02,0
19,0.15,5.0,0.04,0
19,0.15,5.0,0.06,0
19,0.15,5.0,0.08,0
19,0.15,5.0,0.1,0
19,0.15,5.0,0.12,0
19,0.15,5.0,0.14,0
19,0.15,5.0,0.16,0
19,0.15,5.0,0.18,0
19,0.15,5.0,0.2,0
19,0.15,5.0,0.22,0
19,0.15,5.0,0.24,0
19,0.15,5.0,0.26,0
19,0.15,5.0,0.28,0
19,0.15,5.0,0.3,45
19,0.15,5.0,0.32,0
19,0.15,5.0,0.34,0
19,0.15,5.0,0.36,0
19,0.15,5.0,0.38,0
19,0.15,5.0,0.4,0
19,0.15,5.0,0.42,0
19,0.15,5.0,0.44,0
19,0.15,5.0,0.46,0
19,0.15,5.0,0.48,0
19,0.15,5.0,0.5,0
19,0.15,5.0,0.52,0
19,0.15,5.0,0.54,0
19,0.15,5.0,0.56,0
19,0.15,5.0,0.58,0
19,0.15,5.0,0.6,135
19,0.15,5.0,0.62,135
19,0.15,5.0,0.64,135
19,0.15,5.0,0.66,135
19,0.15,5.0,0.68,135
19,0.15,5.0,0.7000000000000001,0
19,0.15,5.0,0.72,0
19,0.15,5.0,0.74,0
19,0.15,10.0,0.0,0
19,0.15,10.0,0.02,0
19,0.15,10.0,0.04,0
19,0.15,10.0,0.06,0
19,0.15,10.0,0.08,0
19,0.15,10.0,0.1,0
19,0.15,10.0,0.12,0
19,0.15,10.0,0.14,0
19,0.15,10.0,0.16,0
19,0.15,10.0,0.18,90
19,0.15,10.0,0.2,0
19,0.15,10.0,0.22,0
19,0.15,10.0,0.24,135
19,0.15,10.0,0.26,135
19,0.15,10.0,0.28,180
19,0.15,10.0,0.3,135
19,0.15,10.0,0.32,90
19,0.15,10.0,0.34,0
19,0.15,10.0,0.36,0
19,0.15,10.0,0.38,0
19,0.15,10.0,0.4,0
19,0.15,10.0,0.42,0
19,0.15,10.0,0.44,0
19,0.15,10.0,0.46,0
19,0.15,10.0,0.48,135
19,0.15,10.0,0.5,0
19,0.15,10.0,0.52,135
19,0.15,10.0,0.54,135
19,0.15,10.0,0.56,135
19,0.15,10.0,0.58,135
19,0.15,10.0,0.6,135
19,0.15,10.0,0.62,135
19,0.15,10.0,0.64,90
19,0.15,10.0,0.66,135
19,0.15,10.0,0.68,135
19,0.15,10.0,0.7000000000000001,135
19,0.15,10.0,0.72,0
19,0.15,10.0,0.74,0
19,0.15,15.0,0.0,0
19,0.15,15.0,0.02,0
19,0.15,15.0,0.04,135
19,0.15,15.0,0.06,135
19,0.15,15.0,0.08,135
19,0.15,15.0,0.1,90
19,0.15,15.0,0.12,0
19,0.15,15.0,0.14,0
19,0.15,15.0,0.16,0
19,0.15,15.0,0.18,0
19,0.15,15.0,0.2,0
19,0.15,15.0,0.22,0
19,0.15,15.0,0.24,0
19,0.15,15.0,0.26,0
19,0.15,15.0,0.28,0
19,0.15,15.0,0.3,0
19,0.15,15.0,0.32,45
19,0.15,15.0,0.34,0
19,0.15,15.0,0.36,0
19,0.15,15.0,0.38,0
19,0.15,15.0,0.4,0
19,0.15,15.0,0.42,0
19,0.15,15.0,0.44,0
19,0.15,15.0,0.46,0
19,0.15,15.0,0.48,0
19,0.15,15.0,0.5,0
19,0.15,15.0,0.52,0
19,0.15,15.0,0.54,135
19,0.15,15.0,0.56,135
19,0.15,15.0,0.58,135
19,0.15,15.0,0.6,135
19,0.15,15.0,0.62,0
19,0.15,15.0,0.64,180
19,0.15,15.0,0.66,135
19,0.15,15.0,0.68,0
19,0.15,15.0,0.7000000000000001,0
19,0.15,15.0,0.72,0
19,0.15,15.0,0.74,45
19,0.15,20.0,0.0,0
19,0.15,20.0,0.02,0
19,0.15,20.0,0.04,0
19,0.15,20.0,0.06,0
19,0.15,20.0,0.08,0
19,0.15,20.0,0.1,0
19,0.15,20.0,0.12,0
19,0.15,20.0,0.14,0
19,0.15,20.0,0.16,90
19,0.15,20.0,0.18,0
19,0.15,20.0,0.2,0
19,0.15,20.0,0.22,0
19,0.15,20.0,0.24,0
19,0.15,20.0,0.26,0
19,0.15,20.0,0.28,0
19,0.15,20.0,0.3,0
19,0.15,20.0,0.32,0
19,0.15,20.0,0.34,135
19,0.15,20.0,0.36,0
19,0.15,20.0,0.38,0
19,0.15,20.0,0.4,0
19,0.15,20.0,0.42,90
19,0.15,20.0,0.44,90
19,0.15,20.0,0.46,45
19,0.15,20.0,0.48,135
19,0.15,20.0,0.5,135
19,0.15,20.0,0.52,135
19,0.15,20.0,0.54,0
19,0.15,20.0,0.56,0
19,0.15,20.0,0.58,0
19,0.15,20.0,0.6,90
19,0.15,20.0,0.62,0
19,0.15,20.0,0.64,0
19,0.15,20.0,0.66,0
19,0.15,20.0,0.68,0
19,0.15,20.0,0.7000000000000001,45
19,0.15,20.0,0.72,0
19,0.15,20.0,0.74,0
19,0.15,25.0,0.0,0
19,0.15,25.0,0.02,135
19,0.15,25.0,0.04,135
19,0.15,25.0,0.06,135
19,0.15,25.0,0.08,0
19,0.15,25.0,0.1,0
19,0.15,25.0,0.12,0
19,0.15,25.0,0.14,0
19,0.15,25.0,0.16,0
19,0.15,25.0,0.18,0
19,0.15,25.0,0.2,0
19,0.15,25.0,0.22,45
19,0.15,25.0,0.24,0
19,0.15,25.0,0.26,0
19,0.15,25.0,0.28,45
19,0.15,25.0,0.3,0
19,0.15,25.0,0.32,45
19,0.15,25.0,0.34,0
19,0.15,25.0,0.36,0
19,0.15,25.0,0.38,135
19,0.15,25.0,0.4,45
19,0.15,25.0,0.42,0
19,0.15,25.0,0.44,0
19,0.15,25.0,0.46,0
19,0.15,25.0,0.48,0
19,0.15,25.0,0.5,0
19,0.15,25.0,0.52,0
19,0.15,25.0,0.54,0
19,0.15,25.0,0.56,0
19,0.15,25.0,0.58,0
19,0.15,25.0,0.6,90
19,0.15,25.0,0.62,0
19,0.15,25.0,0.64,0
19,0.15,25.0,0.66,0
19,0.15,25.0,0.68,0
19,0.15,25.0,0.7000000000000001,0
19,0.15,25.0,0.72,0
19,0.15,25.0,0.74,0
19,0.15,30.0,0.0,0
19,0.15,30.0,0.02,0
19,0.15,30.0,0.04,0
19,0.15,30.0,0.06,0
19,0.15,30.0,0.08,0
19,0.15,30.0,0.1,0
19,0.15,30.0,0.12,0
19,0.15,30.0,0.14,0
19,0.15,30.0,0.16,135
19,0.15,30.0,0.18,0
19,0.15,30.0,0.2,0
19,0.15,30.0,0.22,0
19,0.15,30.0,0.24,45
19,0.15,30.0,0.26,45
19,0.15,30.0,0.28,0
19,0.15,30.0,0.3,0
19,0.15,30.0,0.32,0
19,0.15,30.0,0.34,0
19,0.15,30.0,0.36,0
19,0.15,30.0,0.38,0
19,0.15,30.0,0.4,0
19,0.15,30.0,0.42,0
19,0.15,30.0,0.44,0
19,0.15,30.0,0.46,0
19,0.15,30.0,0.48,0
19,0.15,30.0,0.5,0
19,0.15,30.0,0.52,0
19,0.15,30.0,0.54,45
19,0.15,30.0,0.56,0
19,0.15,30.0,0.58,0
19,0.15,30.0,0.6,45
19,0.15,30.0,0.62,135
19,0.15,30.0,0.64,180
19,0.15,30.0,0.66,180
19,0.15,30.0,0.68,135
19,0.15,30.0,0.7000000000000001,180
19,0.15,30.0,0.72,90
19,0.15,30.0,0.74,0
19,0.15,40.0,0.0,0
19,0.15,40.0,0.02,0
19,0.15,40.0,0.04,0
19,0.15,40.0,0.06,45
19,0.15,40.0,0.08,0
19,0.15,40.0,0.1,0
19,0.15,40.0,0.12,0
19,0.15,40.0,0.14,0
19,0.15,40.0,0.16,0
19,0.15,40.0,0.18,0
19,0.15,40.0,0.2,0
19,0.15,40.0,0.22,135
19,0.15,40.0,0.24,135
19,0.15,40.0,0.26,180
19,0.15,40.0,0.28,135
19,0.15,40.0,0.3,180
19,0.15,40.0,0.32,135
19,0.15,40.0,0.34,135
19,0.15,40.0,0.36,135
19,0.15,40.0,0.38,0
19,0.15,40.0,0.4,0
19,0.15,40.0,0.42,0
19,0.15,40.0,0.44,90
19,0.15,40.0,0.46,180
19,0.15,40.0,0.48,45
19,0.15,40.0,0.5,90
19,0.15,40.0,0.52,0
19,0.15,40.0,0.54,0
19,0.15,40.0,0.56,0
19,0.15,40.0,0.58,0
19,0.15,40.0,0.6,135
19,0.15,40.0,0.62,135
19,0.15,40.0,0.64,45
19,0.15,40.0,0.66,0
19,0.15,40.0,0.68,0
19,0.15,40.0,0.7000000000000001,0
19,0.15,40.0,0.72,0
19,0.15,40.0,0.74,45
19,0.15,50.0,0.0,0
19,0.15,50.0,0.02,45
19,0.15,50.0,0.04,0
19,0.15,50.0,0.06,0
19,0.15,50.0,0.08,45
19,0.15,50.0,0.1,0
19,0.15,50.0,0.12,0
19,0.15,50.0,0.14,0
19,0.15,50.0,0.16,135
19,0.15,50.0,0.18,0
19,0.15,50.0,0.2,0
19,0.15,50.0,0.22,0
19,0.15,50.0,0.24,90
19,0.15,50.0,0.26,135
19,0.15,50.0,0.28,135
19,0.15,50.0,0.3,135
19,0.15,50.0,0.32,90
19,0.15,50.0,0.34,0
19,0.15,50.0,0.36,0
19,0.15,50.0,0.38,0
19,0.15,50.0,0.4,45
19,0.15,50.0,0.42,135
19,0.15,50.0,0.44,0
19,0.15,50.0,0.46,0
19,0.15,50.0,0.48,0
19,0.15,50.0,0.5,90
19,0.15,50.0,0.52,135
19,0.15,50.0,0.54,135
19,0.15,50.0,0.56,135
19,0.15,50.0,0.58,45
19,0.15,50.0,0.6,180
19,0.15,50.0,0.62,0
19,0.15,50.0,0.64,135
19,0.15,50.0,0.66,45
19,0.15,50.0,0.68,180
19,0.15,50.0,0.7000000000000001,135
19,0.15,50.0,0.72,45
19,0.15,50.0,0.74,45
19,0.15,100.0,0.0,0
19,0.15,100.0,0.02,135
19,0.15,100.0,0.04,0
19,0.15,100.0,0.06,180
19,0.15,100.0,0.08,45
19,0.15,100.0,0.1,135
19,0.15,100.0,0.12,90
19,0.15,100.0,0.14,135
19,0.15,100.0,0.16,135
19,0.15,100.0,0.18,135
19,0.15,100.0,0.2,0
19,0.15,100.0,0.22,0
19,0.15,100.0,0.24,135
19,0.15,100.0,0.26,180
19,0.15,100.0,0.28,180
19,0.15,100.0,0.3,135
19,0.15,100.0,0.32,135
19,0.15,100.0,0.34,0
19,0.15,100.0,0.36,0
19,0.15,100.0,0.38,0
19,0.15,100.0,0.4,45
19,0.15,100.0,0.42,45
19,0.15,100.0,0.44,45
19,0.15,100.0,0.46,0
19,0.15,100.0,0.48,45
19,0.15,100.0,0.5,135
19,0.15,100.0,0.52,135
19,0.15,100.0,0.54,45
19,0.15,100.0,0.56,45
19,0.15,100.0,0.58,0
19,0.15,100.0,0.6,90
19,0.15,100.0,0.62,45
19,0.15,100.0,0.64,45
19,0.15,100.0,0.66,90
19,0.15,100.0,0.68,135
19,0.15,100.0,0.7000000000000001,45
19,0.15,100.0,0.72,90
19,0.15,100.0,0.74,90
10,0.2,0.0,0.0,0
10,0.2,0.0,0.02,0
10,0.2,0.0,0.04,0
10,0.2,0.0,0.06,0
10,0.2,0.0,0.08,0
10,0.2,0.0,0.1,0
10,0.2,0.0,0.12,0
10,0.2,0.0,0.14,0
10,0.2,0.0,0.16,0
10,0.2,0.0,0.18,0
10,0.2,0.0,0.2,0
10,0.2,0.0,0.22,0
10,0.2,0.0,0.24,0
10,0.2,0.0,0.26,0
10,0.2,0.0,0.28,0
10,0.2,0.0,0.3,0
10,0.2,0.0,0.32,0
10,0.2,0.0,0.34,0
10,0.2,0.0,0.36,0
10,0.2,0.0,0.38,0
10,0.2,0.0,0.4,0
10,0.2,0.0,0.42,0
10,0.2,0.0,0.44,0
10,0.2,0.0,0.46,0
10,0.2,0.0,0.48,0
10,0.2,0.0,0.5,0
10,0.2,0.0,0.52,0
10,0.2,0.0,0.54,0
10,0.2,0.0,0.56,0
10,0.2,0.0,0.58,0
10,0.2,0.0,0.6,0
10,0.2,0.0,0.62,0
10,0.2,0.0,0.64,0
10,0.2,0.0,0.66,0
10,0.2,0.0,0.68,0
10,0.2,0.0,0.7000000000000001,0
10,0.2,0.0,0.72,0
10,0.2,0.0,0.74,0
10,0.2,5.0,0.0,0
10,0.2,5.0,0.02,0
10,0.2,5.0,0.04,45
10,0.2,5.0,0.06,0
10,0.2,5.0,0.08,0
10,0.2,5.0,0.1,45
10,0.2,5.0,0.12,0
10,0.2,5.0,0.14,0
10,0.2,5.0,0.16,0
10,0.2,5.0,0.18,0
10,0.2,5.0,0.2,0
10,0.2,5.0,0.22,0
10,0.2,5.0,0.24,0
10,0.2,5.0,0.26,0
10,0.2,5.0,0.28,90
10,0.2,5.0,0.3,135
10,0.2,5.0,0.32,135
10,0.2,5.0,0.34,135
10,0.2,5.0,0.36,0
10,0.2,5.0,0.38,0
10,0.2,5.0,0.4,0
10,0.2,5.0,0.42,0
10,0.2,5.0,0.44,0
10,0.2,5.0,0.46,0
10,0.2,5.0,0.48,0
10,0.2,5.0,0.5,0
10,0.2,5.0,0.52,0
10,0.2,5.0,0.54,0
10,0.2,5.0,0.56,0
10,0.2,5.0,0.58,0
10,0.2,5.0,0.6,0
10,0.2,5.0,0.62,0
10,0.2,5.0,0.64,0
10,0.2,5.0,0.66,0
10,0.2,5.0,0.68,0
10,0.2,5.0,0.7000000000000001,0
10,0.2,5.0,0.72,0
10,0.2,5.0,0.74,180
10,0.2,10.0,0.0,0
10,0.2,10.0,0.02,0
10,0.2,10.0,0.04,0
10,0.2,10.0,0.06,0
10,0.2,10.0,0.08,0
10,0.2,10.0,0.1,0
10,0.2,10.0,0.12,0
10,0.2,10.0,0.14,0
10,0.2,10.0,0.16,0
10,0.2,10.0,0.18,0
10,0.2,10.0,0.2,0
10,0.2,10.0,0.22,0
10,0.2,10.0,0.24,0
10,0.2,10.0,0.26,0
10,0.2,10.0,0.28,0
10,0.2,10.0,0.3,0
10,0.2,10.0,0.32,0
10,0.2,10.0,0.34,0
10,0.2,10.0,0.36,0
10,0.2,10.0,0.38,0
10,0.2,10.0,0.4,0
10,0.2,10.0,0.42,135
10,0.2,10.0,0.44,0
10,0.2,10.0,0.46,0
10,0.2,10.0,0.48,0
10,0.2,10.0,0.5,0
10,0.2,10.0,0.52,0
10,0.2,10.0,0.54,0
10,0.2,10.0,0.56,90
10,0.2,10.0,0.58,0
10,0.2,10.0,0.6,0
10,0.2,10.0,0.62,0
10,0.2,10.0,0.64,0
10,0.2,10.0,0.66,0
10,0.2,10.0,0.68,0
10,0.2,10.0,0.7000000000000001,0
10,0.2,10.0,0.72,0
10,0.2,10.0,0.74,0
10,0.2,15.0,0.0,0
10,0.2,15.0,0.02,0
10,0.2,15.0,0.04,0
10,0.2,15.0,0.06,0
10,0.2,15.0,0.08,0
10,0.2,15.0,0.1,0
10,0.2,15.0,0.12,0
10,0.2,15.0,0.14,0
10,0.2,15.0,0.16,0
10,0.2,15.0,0.18,0
10,0.2,15.0,0.2,90
10,0.2,15.0,0.22,90
10,0.2,15.0,0.24,135
10,0.2,15.0,0.26,0
10,0.2,15.0,0.28,0
10,0.2,15.0,0.3,0
10,0.2,15.0,0.32,0
10,0.2,15.0,0.34,0
10,0.2,15.0,0.36,0
10,0.2,15.0,0.38,0
10,0.2,15.0,0.4,0
10,0.2,15.0,0.42,0
10,0.2,15.0,0.44,0
10,0.2,15.0,0.46,0
10,0.2,15.0,0.48,0
10,0.2,15.0,0.5,0
10,0.2,15.0,0.52,0
10,0.2,15.0,0.54,0
10,0.2,15.0,0.56,0
10,0.2,15.0,0.58,0
10,0.2,15.0,0.6,0
10,0.2,15.0,0.62,0
10,0.2,15.0,0.64,0
10,0.2,15.0,0.66,0
10,0.2,15.0,0.68,0
10,0.2,15.0,0.7000000000000001,0
10,0.2,15.0,0.72,0
10,0.2,15.0,0.74,135
10,0.2,20.0,0.0,0
10,0.2,20.0,0.02,0
10,0.2,20.0,0.04,0
10,0.2,20.0,0.06,0
10,0.2,20.0,0.08,0
10,0.2,20.0,0.1,0
10,0.2,20.0,0.12,0
10,0.2,20.0,0.14,45
10,0.2,20.0,0.16,0
10,0.2,20.0,0.18,0
10,0.2,20.0,0.2,0
10,0.2,20.0,0.22,0
10,0.2,20.0,0.24,0
10,0.2,20.0,0.26,0
10,0.2,20.0,0.28,0
10,0.2,20.0,0.3,0
10,0.2,20.0,0.32,0
10,0.2,20.0,0.34,0
10,0.2,20.0,0.36,0
10,0.2,20.0,0.38,90
10,0.2,20.0,0.4,0
10,0.2,20.0,0.42,0
10,0.2,20.0,0.44,0
10,0.2,20.0,0.46,0
10,0.2,20.0,0.48,0
10,0.2,20.0,0.5,180
10,0.2,20.0,0.52,135
10,0.2,20.0,0.54,135
10,0.2,20.0,0.56,0
10,0.2,20.0,0.58,0
10,0.2,20.0,0.6,0
10,0.2,20.0,0.62,0
10,0.2,20.0,0.64,0
10,0.2,20.0,0.66,0
10,0.2,20.0,0.68,0
10,0.2,20.0,0.7000000000000001,0
10,0.2,20.0,0.72,0
10,0.2,20.0,0.74,0
10,0.2,25.0,0.0,0
10,0.2,25.0,0.02,0
10,0.2,25.0,0.04,0
10,0.2,25.0,0.06,0
10,0.2,25.0,0.08,0
10,0.2,25.0,0.1,0
10,0.2,25.0,0.12,0
10,0.2,25.0,0.14,0
10,0.2,25.0,0.16,0
10,0.2,25.0,0.18,0
10,0.2,25.0,0.2,0
10,0.2,25.0,0.22,0
10,0.2,25.0,0.24,0
10,0.2,25.0,0.26,0
10,0.2,25.0,0.28,0
10,0.2,25.0,0.3,0
10,0.2,25.0,0.32,45
10,0.2,25.0,0.34,45
10,0.2,25.0,0.36,45
10,0.2,25.0,0.38,0
10,0.2,25.0,0.4,0
10,0.2,25.0,0.42,0
10,0.2,25.0,0.44,0
10,0.2,25.0,0.46,0
10,0.2,25.0,0.48,135
10,0.2,25.0,0.5,135
10,0.2,25.0,0.52,135
10,0.2,25.0,0.54,90
10,0.2,25.0,0.56,0
10,0.2,25.0,0.58,0
10,0.2,25.0,0.6,0
10,0.2,25.0,0.62,0
10,0.2,25.0,0.64,0
10,0.2,25.0,0.66,0
10,0.2,25.0,0.68,0
10,0.2,25.0,0.7000000000000001,0
10,0.2,25.0,0.72,0
10,0.2,25.0,0.74,0
10,0.2,30.0,0.0,0
10,0.2,30.0,0.02,0
10,0.2,30.0,0.04,0
10,0.2,30.0,0.06,0
10,0.2,30.0,0.08,0
10,0.2,30.0,0.1,0
10,0.2,30.0,0.12,135
10,0.2,30.0,0.14,180
10,0.2,30.0,0.16,180
10,0.2,30.0,0.18,135
10,0.2,30.0,0.2,0
10,0.2,30.0,0.22,0
10,0.2,30.0,0.24,0
10,0.2,30.0,0.26,45
10,0.2,30.0,0.28,0
10,0.2,30.0,0.3,0
10,0.2,30.0,0.32,0
10,0.2,30.0,0.34,0
10,0.2,30.0,0.36,0
10,0.2,30.0,0.38,0
10,0.2,30.0,0.4,0
10,0.2,30.0,0.42,90
10,0.2,30.0,0.44,135
10,0.2,30.0,0.46,135
10,0.2,30.0,0.48,135
10,0.2,30.0,0.5,135
10,0.2,30.0,0.52,135
10,0.2,30.0,0.54,0
10,0.2,30.0,0.56,0
10,0.2,30.0,0.58,0
10,0.2,30.0,0.6,0
10,0.2,30.0,0.62,0
10,0.2,30.0,0.64,0
10,0.2,30.0,0.66,0
10,0.2,30.0,0.68,0
10,0.2,30.0,0.7000000000000001,90
10,0.2,30.0,0.72,0
10,0.2,30.0,0.74,0
10,0.2,40.0,0.0,0
10,0.2,40.0,0.02,135
10,0.2,40.0,0.04,180
10,0.2,40.0,0.06,0
10,0.2,40.0,0.08,0
10,0.2,40.0,0.1,135
10,0.2,40.0,0.12,90
10,0.2,40.0,0.14,0
10,0.2,40.0,0.16,0
10,0.2,40.0,0.18,0
10,0.2,40.0,0.2,0
10,0.2,40.0,0.22,0
10,0.2,40.0,0.24,0
10,0.2,40.0,0.26,0
10,0.2,40.0,0.28,0
10,0.2,40.0,0.3,0
10,0.2,40.0,0.32,0
10,0.2,40.0,0.34,0
10,0.2,40.0,0.36,45
10,0.2,40.0,0.38,0
10,0.2,40.0,0.4,0
10,0.2,40.0,0.42,0
10,0.2,40.0,0.44,0
10,0.2,40.0,0.46,0
10,0.2,40.0,0.48,0
10,0.2,40.0,0.5,0
10,0.2,40.0,0.52,0
10,0.2,40.0,0.54,0
10,0.2,40.0,0.56,0
10,0.2,40.0,0.58,0
10,0.2,40.0,0.6,0
10,0.2,40.0,0.62,0
10,0.2,40.0,0.64,0
10,0.2,40.0,0.66,0
10,0.2,40.0,0.68,0
10,0.2,40.0,0.7000000000000001,45
10,0.2,40.0,0.72,0
10,0.2,40.0,0.74,45
10,0.2,50.0,0.0,0
10,0.2,50.0,0.02,45
10,0.2,50.0,0.04,0
10,0.2,50.0,0.06,0
10,0.2,50.0,0.08,0
10,0.2,50.0,0.1,0
10,0.2,50.0,0.12,0
10,0.2,50.0,0.14,135
10,0.2,50.0,0.16,135
10,0.2,50.0,0.18,0
10,0.2,50.0,0.2,45
10,0.2,50.0,0.22,0
10,0.2,50.0,0.24,0
10,0.2,50.0,0.26,0
10,0.2,50.0,0.28,0
10,0.2,50.0,0.3,0
10,0.2,50.0,0.32,0
10,0.2,50.0,0.34,0
10,0.2,50.0,0.36,0
10,0.2,50.0,0.38,0
10,0.2,50.0,0.4,0
10,0.2,50.0,0.42,0
10,0.2,50.0,0.44,0
10,0.2,50.0,0.46,0
10,0.2,50.0,0.48,0
10,0.2,50.0,0.5,0
10,0.2,50.0,0.52,0
10,0.2,50.0,0.54,0
10,0.2,50.0,0.56,135
10,0.2,50.0,0.58,180
10,0.2,50.0,0.6,180
10,0.2,50.0,0.62,180
10,0.2,50.0,0.64,135
10,0.2,50.0,0.66,180
10,0.2,50.0,0.68,90
10,0.2,50.0,0.7000000000000001,0
10,0.2,50.0,0.72,135
10,0.2,50.0,0.74,45
10,0.2,100.0,0.0,0
10,0.2,100.0,0.02,0
10,0.2,100.0,0.04,90
10,0.2,100.0,0.06,45
10,0.2,100.0,0.08,0
10,0.2,100.0,0.1,0
10,0.2,100.0,0.12,0
10,0.2,100.0,0.14,0
10,0.2,100.0,0.16,135
10,0.2,100.0,0.18,135
10,0.2,100.0,0.2,135
10,0.2,100.0,0.22,135
10,0.2,100.0,0.24,0
10,0.2,100.0,0.26,45
10,0.2,100.0,0.28,45
10,0.2,100.0,0.3,0
10,0.2,100.0,0.32,0
10,0.2,100.0,0.34,0
10,0.2,100.0,0.36,0
10,0.2,100.0,0.38,0
10,0.2,100.0,0.4,0
10,0.2,100.0,0.42,135
10,0.2,100.0,0.44,0
10,0.2,100.0,0.46,0
10,0.2,100.0,0.48,0
10,0.2,100.0,0.5,45
10,0.2,100.0,0.52,180
10,0.2,100.0,0.54,135
10,0.2,100.0,0.56,135
10,0.2,100.0,0.58,135
10,0.2,100.0,0.6,135
10,0.2,100.0,0.62,135
10,0.2,100.0,0.64,180
10,0.2,100.0,0.66,45
10,0.2,100.0,0.68,45
10,0.2,100.0,0.7000000000000001,45
10,0.2,100.0,0.72,0
10,0.2,100.0,0.74,0
11,0.2,0.0,0.0,0
11,0.2,0.0,0.02,0
11,0.2,0.0,0.04,0
11,0.2,0.0,0.06,0
11,0.2,0.0,0.08,0
11,0.2,0.0,0.1,0
11,0.2,0.0,0.12,0
11,0.2,0.0,0.14,0
11,0.2,0.0,0.16,0
11,0.2,0.0,0.18,0
11,0.2,0.0,0.2,0
11,0.2,0.0,0.22,0
11,0.2,0.0,0.24,0
11,0.2,0.0,0.26,0
11,0.2,0.0,0.28,0
11,0.2,0.0,0.3,0
11,0.2,0.0,0.32,0
11,0.2,0.0,0.34,0
11,0.2,0.0,0.36,0
11,0.2,0.0,0.38,0
11,0.2,0.0,0.4,0
11,0.2,0.0,0.42,0
11,0.2,0.0,0.44,0
11,0.2,0.0,0.46,0
11,0.2,0.0,0.48,0
11,0.2,0.0,0.5,0
11,0.2,0.0,0.52,0
11,0.2,0.0,0.54,0
11,0.2,0.0,0.56,0
11,0.2,0.0,0.58,0
11,0.2,0.0,0.6,0
11,0.2,0.0,0.62,0
11,0.2,0.0,0.64,0
11,0.2,0.0,0.66,0
11,0.2,0.0,0.68,0
11,0.2,0.0,0.7000000000000001,0
11,0.2,0.0,0.72,0
11,0.2,0.0,0.74,0
11,0.2,5.0,0.0,0
11,0.2,5.0,0.02,0
11,0.2,5.0,0.04,0
11,0.2,5.0,0.06,0
11,0.2,5.0,0.08,0
11,0.2,5.0,0.1,0
11,0.2,5.0,0.12,0
11,0.2,5.0,0.14,0
11,0.2,5.0,0.16,0
11,0.2,5.0,0.18,0
11,0.2,5.0,0.2,0
11,0.2,5.0,0.22,0
11,0.2,5.0,0.24,0
11,0.2,5.0,0.26,0
11,0.2,5.0,0.28,0
11,0.2,5.0,0.3,0
11,0.2,5.0,0.32,0
11,0.2,5.0,0.34,0
11,0.2,5.0,0.36,0
11,0.2,5.0,0.38,0
11,0.2,5.0,0.4,0
11,0.2,5.0,0.42,0
11,0.2,5.0,0.44,0
11,0.2,5.0,0.46,0
11,0.2,5.0,0.48,0
11,0.2,5.0,0.5,0
11,0.2,5.0,0.52,0
11,0.2,5.0,0.54,0
11,0.2,5.0,0.56,0
11,0.2,5.0,0.58,0
11,0.2,5.0,0.6,0
11,0.2,5.0,0.62,0
11,0.2,5.0,0.64,0
11,0.2,5.0,0.66,0
11,0.2,5.0,0.68,0
11,0.2,5.0,0.7000000000000001,0
11,0.2,5.0,0.72,0
11,0.2,5.0,0.74,0
11,0.2,10.0,0.0,0
11,0.2,10.0,0.02,0
11,0.2,10.0,0.04,0
11,0.2,10.0,0.06,0
11,0.2,10.0,0.08,0
11,0.2,10.0,0.1,0
11,0.2,10.0,0.12,0
11,0.2,10.0,0.14,0
11,0.2,10.0,0.16,0
11,0.2,10.0,0.18,0
11,0.2,10.0,0.2,0
11,0.2,10.0,0.22,0
11,0.2,10.0,0.24,0
11,0.2,10.0,0.26,0
11,0.2,10.0,0.28,0
11,0.2,10.0,0.3,0
11,0.2,10.0,0.32,0
11,0.2,10.0,0.34,0
11,0.2,10.0,0.36,0
11,0.2,10.0,0.38,0
11,0.2,10.0,0.4,0
11,0.2,10.0,0.42,0
11,0.2,10.0,0.44,0
11,0.2,10.0,0.46,0
11,0.2,10.0,0.48,0
11,0.2,10.0,0.5,135
11,0.2,10.0,0.52,180
11,0.2,10.0,0.54,135
11,0.2,10.0,0.56,135
11,0.2,10.0,0.58,135
11,0.2,10.0,0.6,135
11,0.2,10.0,0.62,0
11,0.2,10.0,0.64,90
11,0.2,10.0,0.66,135
11,0.2,10.0,0.68,90
11,0.2,10.0,0.7000000000000001,135
11,0.2,10.0,0.72,135
11,0.2,10.0,0.74,0
11,0.2,15.0,0.0,0
11,0.2,15.0,0.02,90
11,0.2,15.0,0.04,90
11,0.2,15.0,0.06,0
11,0.2,15.0,0.08,0
11,0.2,15.0,0.1,0
11,0.2,15.0,0.12,0
11,0.2,15.0,0.14,0
11,0.2,15.0,0.16,0
11,0.2,15.0,0.18,0
11,0.2,15.0,0.2,45
11,0.2,15.0,0.22,0
11,0.2,15.0,0.24,0
11,0.2,15.0,0.26,0
11,0.2,15.0,0.28,0
11,0.2,15.0,0.3,0
11,0.2,15.0,0.32,0
11,0.2,15.0,0.34,0
11,0.2,15.0,0.36,45
11,0.2,15.0,0.38,0
11,0.2,15.0,0.4,0
11,0.2,15.0,0.42,0
11,0.2,15.0,0.44,0
11,0.2,15.0,0.46,0
11,0.2,15.0,0.48,0
11,0.2,15.0,0.5,0
11,0.2,15.0,0.52,0
11,0.2,15.0,0.54,0
11,0.2,15.0,0.56,0
11,0.2,15.0,0.58,0
11,0.2,15.0,0.6,0
11,0.2,15.0,0.62,0
11,0.2,15.0,0.64,0
11,0.2,15.0,0.66,0
11,0.2,15.0,0.68,0
11,0.2,15.0,0.7000000000000001,0
11,0.2,15.0,0.72,0
11,0.2,15.0,0.74,0
11,0.2,20.0,0.0,0
11,0.2,20.0,0.02,0
11,0.2,20.0,0.04,0
11,0.2,20.0,0.06,0
11,0.2,20.0,0.08,0
11,0.2,20.0,0.1,0
11,0.2,20.0,0.12,0
11,0.2,20.0,0.14,0
11,0.2,20.0,0.16,0
11,0.2,20.0,0.18,0
11,0.2,20.0,0.2,0
11,0.2,20.0,0.22,135
11,0.2,20.0,0.24,90
11,0.2,20.0,0.26,135
11,0.2,20.0,0.28,45
11,0.2,20.0,0.3,0
11,0.2,20.0,0.32,0
11,0.2,20.0,0.34,0
11,0.2,20.0,0.36,0
11,0.2,20.0,0.38,0
11,0.2,20.0,0.4,0
11,0.2,20.0,0.42,0
11,0.2,20.0,0.44,0
11,0.2,20.0,0.46,0
11,0.2,20.0,0.48,0
11,0.2,20.0,0.5,135
11,0.2,20.0,0.52,180
11,0.2,20.0,0.54,0
11,0.2,20.0,0.56,0
11,0.2,20.0,0.58,0
11,0.2,20.0,0.6,0
11,0.2,20.0,0.62,0
11,0.2,20.0,0.64,0
11,0.2,20.0,0.66,45
11,0.2,20.0,0.68,45
11,0.2,20.0,0.7000000000000001,0
11,0.2,20.0,0.72,0
11,0.2,20.0,0.74,0
11,0.2,25.0,0.0,0
11,0.2,25.0,0.02,0
11,0.2,25.0,0.04,0
11,0.2,25.0,0.06,0
11,0.2,25.0,0.08,0
11,0.2,25.0,0.1,45
11,0.2,25.0,0.12,0
11,0.2,25.0,0.14,0
11,0.2,25.0,0.16,0
11,0.2,25.0,0.18,0
11,0.2,25.0,0.2,0
11,0.2,25.0,0.22,0
11,0.2,25.0,0.24,135
11,0.2,25.0,0.26,135
11,0.2,25.0,0.28,135
11,0.2,25.0,0.3,135
11,0.2,25.0,0.32,135
11,0.2,25.0,0.34,135
11,0.2,25.0,0.36,0
11,0.2,25.0,0.38,90
11,0.2,25.0,0.4,135
11,0.2,25.0,0.42,135
11,0.2,25.0,0.44,180
11,0.2,25.0,0.46,135
11,0.2,25.0,0.48,135
11,0.2,25.0,0.5,180
11,0.2,25.0,0.52,0
11,0.2,25.0,0.54,135
11,0.2,25.0,0.56,90
11,0.2,25.0,0.58,90
11,0.2,25.0,0.6,90
11,0.2,25.0,0.62,45
11,0.2,25.0,0.64,45
11,0.2,25.0,0.66,45
11,0.2,25.0,0.68,0
11,0.2,25.0,0.7000000000000001,0
11,0.2,25.0,0.72,45
11,0.2,25.0,0.74,45
11,0.2,30.0,0.0,0
11,0.2,30.0,0.02,0
11,0.2,30.0,0.04,0
11,0.2,30.0,0.06,135
11,0.2,30.0,0.08,135
11,0.2,30.0,0.1,135
11,0.2,30.0,0.12,0
11,0.2,30.0,0.14,0
11,0.2,30.0,0.16,45
11,0.2,30.0,0.18,0
11,0.2,30.0,0.2,0
11,0.2,30.0,0.22,0
11,0.2,30.0,0.24,0
11,0.2,30.0,0.26,0
11,0.2,30.0,0.28,0
11,0.2,30.0,0.3,0
11,0.2,30.0,0.32,0
11,0.2,30.0,0.34,0
11,0.2,30.0,0.36,0
11,0.2,30.0,0.38,0
11,0.2,30.0,0.4,90
11,0.2,30.0,0.42,0
11,0.2,30.0,0.44,135
11,0.2,30.0,0.46,135
11,0.2,30.0,0.48,135
11,0.2,30.0,0.5,135
11,0.2,30.0,0.52,180
11,0.2,30.0,0.54,135
11,0.2,30.0,0.56,135
11,0.2,30.0,0.58,135
11,0.2,30.0,0.6,135
11,0.2,30.0,0.62,90
11,0.2,30.0,0.64,90
11,0.2,30.0,0.66,90
11,0.2,30.0,0.68,0
11,0.2,30.0,0.7000000000000001,0
11,0.2,30.0,0.72,0
11,0.2,30.0,0.74,0
11,0.2,40.0,0.0,0
11,0.2,40.0,0.02,0
11,0.2,40.0,0.04,0
11,0.2,40.0,0.06,0
11,0.2,40.0,0.08,0
11,0.2,40.0,0.1,0
11,0.2,40.0,0.12,90
11,0.2,40.0,0.14,45
11,0.2,40.0,0.16,135
11,0.2,40.0,0.18,90
11,0.2,40.0,0.2,0
11,0.2,40.0,0.22,0
11,0.2,40.0,0.24,0
11,0.2,40.0,0.26,0
11,0.2,40.0,0.28,0
11,0.2,40.0,0.3,0
11,0.2,40.0,0.32,0
11,0.2,40.0,0.34,0
11,0.2,40.0,0.36,0
11,0.2,40.0,0.38,0
11,0.2,40.0,0.4,0
11,0.2,40.0,0.42,90
11,0.2,40.0,0.44,135
11,0.2,40.0,0.46,135
11,0.2,40.0,0.48,0
11,0.2,40.0,0.5,0
11,0.2,40.0,0.52,0
11,0.2,40.0,0.54,0
11,0.2,40.0,0.56,0
11,0.2,40.0,0.58,0
11,0.2,40.0,0.6,0
11,0.2,40.0,0.62,90
11,0.2,40.0,0.64,0
11,0.2,40.0,0.66,0
11,0.2,40.0,0.68,0
11,0.2,40.0,0.7000000000000001,0
11,0.2,40.0,0.72,0
11,0.2,40.0,0.74,0
11,0.2,50.0,0.0,0
11,0.2,50.0,0.02,0
11,0.2,50.0,0.04,0
11,0.2,50.0,0.06,0
11,0.2,50.0,0.08,0
11,0.2,50.0,0.1,0
11,0.2,50.0,0.12,0
11,0.2,50.0,0.14,0
11,0.2,50.0,0.16,0
11,0.2,50.0,0.18,180
11,0.2,50.0,0.2,135
11,0.2,50.0,0.22,135
11,0.2,50.0,0.24,0
11,0.2,50.0,0.26,0
11,0.2,50.0,0.28,0
11,0.2,50.0,0.3,0
11,0.2,50.0,0.32,0
11,0.2,50.0,0.34,180
11,0.2,50.0,0.36,0
11,0.2,50.0,0.38,0
11,0.2,50.0,0.4,0
11,0.2,50.0,0.42,90
11,0.2,50.0,0.44,0
11,0.2,50.0,0.46,0
11,0.2,50.0,0.48,0
11,0.2,50.0,0.5,0
11,0.2,50.0,0.52,0
11,0.2,50.0,0.54,0
11,0.2,50.0,0.56,0
11,0.2,50.0,0.58,0
11,0.2,50.0,0.6,0
11,0.2,50.0,0.62,0
11,0.2,50.0,0.64,0
11,0.2,50.0,0.66,0
11,0.2,50.0,0.68,0
11,0.2,50.0,0.7000000000000001,0
11,0.2,50.0,0.72,180
11,0.2,50.0,0.74,135
11,0.2,100.0,0.0,0
11,0.2,100.0,0.02,45
11,0.2,100.0,0.04,135
11,0.2,100.0,0.06,90
11,0.2,100.0,0.08,0
11,0.2,100.0,0.1,0
11,0.2,100.0,0.12,0
11,0.2,100.0,0.14,0
11,0.2,100.0,0.16,45
11,0.2,100.0,0.18,0
11,0.2,100.0,0.2,0
11,0.2,100.0,0.22,0
11,0.2,100.0,0.24,45
11,0.2,100.0,0.26,45
11,0.2,100.0,0.28,180
11,0.2,100.0,0.3,90
11,0.2,100.0,0.32,135
11,0.2,100.0,0.34,180
11,0.2,100.0,0.36,135
11,0.2,100.0,0.38,135
11,0.2,100.0,0.4,135
11,0.2,100.0,0.42,90
11,0.2,100.0,0.44,45
11,0.2,100.0,0.46,45
11,0.2,100.0,0.48,135
11,0.2,100.0,0.5,45
11,0.2,100.0,0.52,135
11,0.2,100.0,0.54,45
11,0.2,100.0,0.56,45
11,0.2,100.0,0.58,45
11,0.2,100.0,0.6,0
11,0.2,100.0,0.62,0
11,0.2,100.0,0.64,0
11,0.2,100.0,0.66,0
11,0.2,100.0,0.68,0
11,0.2,100.0,0.7000000000000001,0
11,0.2,100.0,0.72,0
11,0.2,100.0,0.74,0
12,0.2,0.0,0.0,0
12,0.2,0.0,0.02,0
12,0.2,0.0,0.04,0
12,0.2,0.0,0.06,0
12,0.2,0.0,0.08,0
12,0.2,0.0,0.1,0
12,0.2,0.0,0.12,0
12,0.2,0.0,0.14,0
12,0.2,0.0,0.16,0
12,0.2,0.0,0.18,0
12,0.2,0.0,0.2,0
12,0.2,0.0,0.22,0
12,0.2,0.0,0.24,0
12,0.2,0.0,0.26,0
12,0.2,0.0,0.28,0
12,0.2,0.0,0.3,0
12,0.2,0.0,0.32,0
12,0.2,0.0,0.34,0
12,0.2,0.0,0.36,0
12,0.2,0.0,0.38,0
12,0.2,0.0,0.4,0
12,0.2,0.0,0.42,0
12,0.2,0.0,0.44,0
12,0.2,0.0,0.46,0
12,0.2,0.0,0.48,0
12,0.2,0.0,0.5,0
12,0.2,0.0,0.52,0
12,0.2,0.0,0.54,0
12,0.2,0.0,0.56,0
12,0.2,0.0,0.58,0
12,0.2,0.0,0.6,0
12,0.2,0.0,0.62,0
12,0.2,0.0,0.64,0
12,0.2,0.0,0.66,0
12,0.2,0.0,0.68,0
12,0.2,0.0,0.7000000000000001,0
12,0.2,0.0,0.72,0
12,0.2,0.0,0.74,0
12,0.2,5.0,0.0,0
12,0.2,5.0,0.02,0
12,0.2,5.0,0.04,0
12,0.2,5.0,0.06,0
12,0.2,5.0,0.08,0
12,0.2,5.0,0.1,0
12,0.2,5.0,0.12,0
12,0.2,5.0,0.14,0
12,0.2,5.0,0.16,0
12,0.2,5.0,0.18,0
12,0.2,5.0,0.2,0
12,0.2,5.0,0.22,0
12,0.2,5.0,0.24,0
12,0.2,5.0,0.26,0
12,0.2,5.0,0.28,0
12,0.2,5.0,0.3,0
12,0.2,5.0,0.32,0
12,0.2,5.0,0.34,0
12,0.2,5.0,0.36,0
12,0.2,5.0,0.38,0
12,0.2,5.0,0.4,0
12,0.2,5.0,0.42,0
12,0.2,5.0,0.44,0
12,0.2,5.0,0.46,0
12,0.2,5.0,0.48,0
12,0.2,5.0,0.5,0
12,0.2,5.0,0.52,0
12,0.2,5.0,0.54,0
12,0.2,5.0,0.56,0
12,0.2,5.0,0.58,0
12,0.2,5.0,0.6,0
12,0.2,5.0,0.62,0
12,0.2,5.0,0.64,0
12,0.2,5.0,0.66,0
12,0.2,5.0,0.68,0
12,0.2,5.0,0.7000000000000001,0
12,0.2,5.0,0.72,0
12,0.2,5.0,0.74,0
12,0.2,10.0,0.0,0
12,0.2,10.0,0.02,0
12,0.2,10.0,0.04,0
12,0.2,10.0,0.06,0
12,0.2,10.0,0.08,0
12,0.2,10.0,0.1,0
12,0.2,10.0,0.12,0
12,0.2,10.0,0.14,0
12,0.2,10.0,0.16,45
12,0.2,10.0,0.18,0
12,0.2,10.0,0.2,0
12,0.2,10.0,0.22,0
12,0.2,10.0,0.24,0
12,0.2,10.0,0.26,0
12,0.2,10.0,0.28,0
12,0.2,10.0,0.3,0
12,0.2,10.0,0.32,0
12,0.2,10.0,0.34,0
12,0.2,10.0,0.36,0
12,0.2,10.0,0.38,0
12,0.2,10.0,0.4,0
12,0.2,10.0,0.42,90
12,0.2,10.0,0.44,0
12,0.2,10.0,0.46,0
12,0.2,10.0,0.48,0
12,0.2,10.0,0.5,0
12,0.2,10.0,0.52,0
12,0.2,10.0,0.54,0
12,0.2,10.0,0.56,0
12,0.2,10.0,0.58,0
12,0.2,10.0,0.6,0
12,0.2,10.0,0.62,0
12,0.2,10.0,0.64,0
12,0.2,10.0,0.66,0
12,0.2,10.0,0.68,0
12,0.2,10.0,0.7000000000000001,0
12,0.2,10.0,0.72,0
12,0.2,10.0,0.74,0
12,0.2,15.0,0.0,0
12,0.2,15.0,0.02,0
12,0.2,15.0,0.04,0
12,0.2,15.0,0.06,0
12,0.2,15.0,0.08,0
12,0.2,15.0,0.1,0
12,0.2,15.0,0.12,0
12,0.2,15.0,0.14,0
12,0.2,15.0,0.16,0
12,0.2,15.0,0.18,0
12,0.2,15.0,0.2,0
12,0.2,15.0,0.22,0
12,0.2,15.0,0.24,90
12,0.2,15.0,0.26,0
12,0.2,15.0,0.28,0
12,0.2,15.0,0.3,0
12,0.2,15.0,0.32,0
12,0.2,15.0,0.34,0
12,0.2,15.0,0.36,0
12,0.2,15.0,0.38,135
12,0.2,15.0,0.4,180
12,0.2,15.0,0.42,180
12,0.2,15.0,0.44,0
12,0.2,15.0,0.46,0
12,0.2,15.0,0.48,0
12,0.2,15.0,0.5,0
12,0.2,15.0,0.52,0
12,0.2,15.0,0.54,0
12,0.2,15.0,0.56,0
12,0.2,15.0,0.58,0
12,0.2,15.0,0.6,0
12,0.2,15.0,0.62,0
12,0.2,15.0,0.64,0
12,0.2,15.0,0.66,0
12,0.2,15.0,0.68,0
12,0.2,15.0,0.7000000000000001,0
12,0.2,15.0,0.72,0
12,0.2,15.0,0.74,0
12,0.2,20.0,0.0,0
12,0.2,20.0,0.02,0
12,0.2,20.0,0.04,0
12,0.2,20.0,0.06,0
12,0.2,20.0,0.08,0
12,0.2,20.0,0.1,0
12,0.2,20.0,0.12,0
12,0.2,20.0,0.14,0
12,0.2,20.0,0.16,0
12,0.2,20.0,0.18,0
12,0.2,20.0,0.2,0
12,0.2,20.0,0.22,0
12,0.2,20.0,0.24,0
12,0.2,20.0,0.26,0
12,0.2,20.0,0.28,0
12,0.2,20.0,0.3,90
12,0.2,20.0,0.32,0
12,0.2,20.0,0.34,0
12,0.2,20.0,0.36,0
12,0.2,20.0,0.38,45
12,0.2,20.0,0.4,0
12,0.2,20.0,0.42,0
12,0.2,20.0,0.44,0
12,0.2,20.0,0.46,0
12,0.2,20.0,0.48,0
12,0.2,20.0,0.5,0
12,0.2,20.0,0.52,0
12,0.2,20.0,0.54,0
12,0.2,20.0,0.56,0
12,0.2,20.0,0.58,135
12,0.2,20.0,0.6,135
12,0.2,20.0,0.62,135
12,0.2,20.0,0.64,135
12,0.2,20.0,0.66,135
12,0.2,20.0,0.68,180
12,0.2,20.0,0.7000000000000001,0
12,0.2,20.0,0.72,90
12,0.2,20.0,0.74,0
12,0.2,25.0,0.0,0
12,0.2,25.0,0.02,45
12,0.2,25.0,0.04,0
12,0.2,25.0,0.06,0
12,0.2,25.0,0.08,0
12,0.2,25.0,0.1,0
12,0.2,25.0,0.12,135
12,0.2,25.0,0.14,135
12,0.2,25.0,0.16,135
12,0.2,25.0,0.18,135
12,0.2,25.0,0.2,0
12,0.2,25.0,0.22,0
12,0.2,25.0,0.24,0
12,0.2,25.0,0.26,45
12,0.2,25.0,0.28,0
12,0.2,25.0,0.3,0
12,0.2,25.0,0.32,0
12,0.2,25.0,0.34,180
12,0.2,25.0,0.36,135
12,0.2,25.0,0.38,0
12,0.2,25.0,0.4,0
12,0.2,25.0,0.42,0
12,0.2,25.0,0.44,180
12,0.2,25.0,0.46,135
12,0.2,25.0,0.48,0
12,0.2,25.0,0.5,0
12,0.2,25.0,0.52,0
12,0.2,25.0,0.54,0
12,0.2,25.0,0.56,0
12,0.2,25.0,0.58,0
12,0.2,25.0,0.6,0
12,0.2,25.0,0.62,0
12,0.2,25.0,0.64,0
12,0.2,25.0,0.66,0
12,0.2,25.0,0.68,0
12,0.2,25.0,0.7000000000000001,0
12,0.2,25.0,0.72,0
12,0.2,25.0,0.74,0
12,0.2,30.0,0.0,0
12,0.2,30.0,0.02,0
12,0.2,30.0,0.04,0
12,0.2,30.0,0.06,0
12,0.2,30.0,0.08,45
12,0.2,30.0,0.1,0
12,0.2,30.0,0.12,0
12,0.2,30.0,0.14,0
12,0.2,30.0,0.16,0
12,0.2,30.0,0.18,0
12,0.2,30.0,0.2,0
12,0.2,30.0,0.22,0
12,0.2,30.0,0.24,0
12,0.2,30.0,0.26,0
12,0.2,30.0,0.28,0
12,0.2,30.0,0.3,135
12,0.2,30.0,0.32,135
12,0.2,30.0,0.34,0
12,0.2,30.0,0.36,0
12,0.2,30.0,0.38,0
12,0.2,30.0,0.4,0
12,0.2,30.0,0.42,0
12,0.2,30.0,0.44,0
12,0.2,30.0,0.46,0
12,0.2,30.0,0.48,0
12,0.2,30.0,0.5,90
12,0.2,30.0,0.52,135
12,0.2,30.0,0.54,180
12,0.2,30.0,0.56,135
12,0.2,30.0,0.58,90
12,0.2,30.0,0.6,0
12,0.2,30.0,0.62,135
12,0.2,30.0,0.64,135
12,0.2,30.0,0.66,180
12,0.2,30.0,0.68,135
12,0.2,30.0,0.7000000000000001,135
12,0.2,30.0,0.72,135
12,0.2,30.0,0.74,135
12,0.2,40.0,0.0,0
12,0.2,40.0,0.02,0
12,0.2,40.0,0.04,0
12,0.2,40.0,0.06,135
12,0.2,40.0,0.08,0
12,0.2,40.0,0.1,0
12,0.2,40.0,0.12,45
12,0.2,40.0,0.14,0
12,0.2,40.0,0.16,135
12,0.2,40.0,0.18,135
12,0.2,40.0,0.2,135
12,0.2,40.0,0.22,180
12,0.2,40.0,0.24,135
12,0.2,40.0,0.26,180
12,0.2,40.0,0.28,180
12,0.2,40.0,0.3,180
12,0.2,40.0,0.32,45
12,0.2,40.0,0.34,0
12,0.2,40.0,0.36,135
12,0.2,40.0,0.38,0
12,0.2,40.0,0.4,0
12,0.2,40.0,0.42,0
12,0.2,40.0,0.44,0
12,0.2,40.0,0.46,0
12,0.2,40.0,0.48,0
12,0.2,40.0,0.5,0
12,0.2,40.0,0.52,45
12,0.2,40.0,0.54,0
12,0.2,40.0,0.56,0
12,0.2,40.0,0.58,0
12,0.2,40.0,0.6,0
12,0.2,40.0,0.62,0
12,0.2,40.0,0.64,0
12,0.2,40.0,0.66,0
12,0.2,40.0,0.68,90
12,0.2,40.0,0.7000000000000001,45
12,0.2,40.0,0.72,0
12,0.2,40.0,0.74,0
12,0.2,50.0,0.0,0
12,0.2,50.0,0.02,45
12,0.2,50.0,0.04,0
12,0.2,50.0,0.06,0
12,0.2,50.0,0.08,0
12,0.2,50.0,0.1,0
12,0.2,50.0,0.12,0
12,0.2,50.0,0.14,0
12,0.2,50.0,0.16,0
12,0.2,50.0,0.18,135
12,0.2,50.0,0.2,90
12,0.2,50.0,0.22,135
12,0.2,50.0,0.24,0
12,0.2,50.0,0.26,0
12,0.2,50.0,0.28,0
12,0.2,50.0,0.3,135
12,0.2,50.0,0.32,135
12,0.2,50.0,0.34,135
12,0.2,50.0,0.36,135
12,0.2,50.0,0.38,0
12,0.2,50.0,0.4,135
12,0.2,50.0,0.42,0
12,0.2,50.0,0.44,0
12,0.2,50.0,0.46,0
12,0.2,50.0,0.48,0
12,0.2,50.0,0.5,0
12,0.2,50.0,0.52,0
12,0.2,50.0,0.54,0
12,0.2,50.0,0.56,0
12,0.2,50.0,0.58,0
12,0.2,50.0,0.6,0
12,0.2,50.0,0.62,0
12,0.2,50.0,0.64,0
12,0.2,50.0,0.66,0
12,0.2,50.0,0.68,135
12,0.2,50.0,0.7000000000000001,0
12,0.2,50.0,0.72,45
12,0.2,50.0,0.74,0
12,0.2,100.0,0.0,0
12,0.2,100.0,0.02,0
12,0.2,100.0,0.04,0
12,0.2,100.0,0.06,0
12,0.2,100.0,0.08,0
12,0.2,100.0,0.1,90
12,0.2,100.0,0.12,135
12,0.2,100.0,0.14,135
12,0.2,100.0,0.16,135
12,0.2,100.0,0.18,135
12,0.2,100.0,0.2,135
12,0.2,100.0,0.22,90
12,0.2,100.0,0.24,180
12,0.2,100.0,0.26,135
12,0.2,100.0,0.28,135
12,0.2,100.0,0.3,180
12,0.2,100.0,0.32,135
12,0.2,100.0,0.34,45
12,0.2,100.0,0.36,180
12,0.2,100.0,0.38,180
12,0.2,100.0,0.4,180
12,0.2,100.0,0.42,135
12,0.2,100.0,0.44,135
12,0.2,100.0,0.46,135
12,0.2,100.0,0.48,90
12,0.2,100.0,0.5,90
12,0.2,100.0,0.52,90
12,0.2,100.0,0.54,0
12,0.2,100.0,0.56,0
12,0.2,100.0,0.58,45
12,0.2,100.0,0.6,0
12,0.2,100.0,0.62,0
12,0.2,100.0,0.64,0
12,0.2,100.0,0.66,0
12,0.2,100.0,0.68,0
12,0.2,100.0,0.7000000000000001,45
12,0.2,100.0,0.72,0
12,0.2,100.0,0.74,0
13,0.2,0.0,0.0,0
13,0.2,0.0,0.02,0
13,0.2,0.0,0.04,0
13,0.2,0.0,0.06,0
13,0.2,0.0,0.08,0
13,0.2,0.0,0.1,0
13,0.2,0.0,0.12,0
13,0.2,0.0,0.14,0
13,0.2,0.0,0.16,0
13,0.2,0.0,0.18,0
13,0.2,0.0,0.2,0
13,0.2,0.0,0.22,0
13,0.2,0.0,0.24,0
13,0.2,0.0,0.26,0
13,0.2,0.0,0.28,0
13,0.2,0.0,0.3,0
13,0.2,0.0,0.32,0
13,0.2,0.0,0.34,0
13,0.2,0.0,0.36,0
13,0.2,0.0,0.38,0
13,0.2,0.0,0.4,0
13,0.2,0.0,0.42,0
13,0.2,0.0,0.44,0
13,0.2,0.0,0.46,0
13,0.2,0.0,0.48,0
13,0.2,0.0,0.5,0
13,0.2,0.0,0.52,0
13,0.2,0.0,0.54,0
13,0.2,0.0,0.56,0
13,0.2,0.0,0.58,0
13,0.2,0.0,0.6,0
13,0.2,0.0,0.62,0
13,0.2,0.0,0.64,0
13,0.2,0.0,0.66,0
13,0.2,0.0,0.68,0
13,0.2,0.0,0.7000000000000001,0
13,0.2,0.0,0.72,0
13,0.2,0.0,0.74,0
13,0.2,5.0,0.0,0
13,0.2,5.0,0.02,135
13,0.2,5.0,0.04,0
13,0.2,5.0,0.06,0
13,0.2,5.0,0.08,0
13,0.2,5.0,0.1,0
13,0.2,5.0,0.12,0
13,0.2,5.0,0.14,0
13,0.2,5.0,0.16,0
13,0.2,5.0,0.18,0
13,0.2,5.0,0.2,0
13,0.2,5.0,0.22,0
13,0.2,5.0,0.24,0
13,0.2,5.0,0.26,0
13,0.2,5.0,0.28,0
13,0.2,5.0,0.3,135
13,0.2,5.0,0.32,0
13,0.2,5.0,0.34,90
13,0.2,5.0,0.36,135
13,0.2,5.0,0.38,135
13,0.2,5.0,0.4,0
13,0.2,5.0,0.42,0
13,0.2,5.0,0.44,0
13,0.2,5.0,0.46,0
13,0.2,5.0,0.48,0
13,0.2,5.0,0.5,0
13,0.2,5.0,0.52,0
13,0.2,5.0,0.54,0
13,0.2,5.0,0.56,0
13,0.2,5.0,0.58,0
13,0.2,5.0,0.6,0
13,0.2,5.0,0.62,0
13,0.2,5.0,0.64,0
13,0.2,5.0,0.66,0
13,0.2,5.0,0.68,0
13,0.2,5.0,0.7000000000000001,0
13,0.2,5.0,0.72,0
13,0.2,5.0,0.74,0
13,0.2,10.0,0.0,0
13,0.2,10.0,0.02,0
13,0.2,10.0,0.04,0
13,0.2,10.0,0.06,0
13,0.2,10.0,0.08,0
13,0.2,10.0,0.1,0
13,0.2,10.0,0.12,0
13,0.2,10.0,0.14,0
13,0.2,10.0,0.16,0
13,0.2,10.0,0.18,0
13,0.2,10.0,0.2,0
13,0.2,10.0,0.22,0
13,0.2,10.0,0.24,0
13,0.2,10.0,0.26,0
13,0.2,10.0,0.28,0
13,0.2,10.0,0.3,0
13,0.2,10.0,0.32,0
13,0.2,10.0,0.34,0
13,0.2,10.0,0.36,0
13,0.2,10.0,0.38,0
13,0.2,10.0,0.4,0
13,0.2,10.0,0.42,135
13,0.2,10.0,0.44,180
13,0.2,10.0,0.46,135
13,0.2,10.0,0.48,135
13,0.2,10.0,0.5,135
13,0.2,10.0,0.52,135
13,0.2,10.0,0.54,0
13,0.2,10.0,0.56,0
13,0.2,10.0,0.58,0
13,0.2,10.0,0.6,0
13,0.2,10.0,0.62,0
13,0.2,10.0,0.64,0
13,0.2,10.0,0.66,0
13,0.2,10.0,0.68,0
13,0.2,10.0,0.7000000000000001,135
13,0.2,10.0,0.72,180
13,0.2,10.0,0.74,135
13,0.2,15.0,0.0,0
13,0.2,15.0,0.02,90
13,0.2,15.0,0.04,90
13,0.2,15.0,0.06,0
13,0.2,15.0,0.08,0
13,0.2,15.0,0.1,0
13,0.2,15.0,0.12,0
13,0.2,15.0,0.14,0
13,0.2,15.0,0.16,0
13,0.2,15.0,0.18,0
13,0.2,15.0,0.2,0
13,0.2,15.0,0.22,0
13,0.2,15.0,0.24,0
13,0.2,15.0,0.26,0
13,0.2,15.0,0.28,0
13,0.2,15.0,0.3,135
13,0.2,15.0,0.32,180
13,0.2,15.0,0.34,0
13,0.2,15.0,0.36,0
13,0.2,15.0,0.38,90
13,0.2,15.0,0.4,0
13,0.2,15.0,0.42,0
13,0.2,15.0,0.44,0
13,0.2,15.0,0.46,0
13,0.2,15.0,0.48,45
13,0.2,15.0,0.5,90
13,0.2,15.0,0.52,135
13,0.2,15.0,0.54,0
13,0.2,15.0,0.56,0
13,0.2,15.0,0.58,0
13,0.2,15.0,0.6,0
13,0.2,15.0,0.62,0
13,0.2,15.0,0.64,90
13,0.2,15.0,0.66,0
13,0.2,15.0,0.68,0
13,0.2,15.0,0.7000000000000001,0
13,0.2,15.0,0.72,0
13,0.2,15.0,0.74,0
13,0.2,20.0,0.0,0
13,0.2,20.0,0.02,90
13,0.2,20.0,0.04,0
13,0.2,20.0,0.06,0
13,0.2,20.0,0.08,0
13,0.2,20.0,0.1,0
13,0.2,20.0,0.12,45
13,0.2,20.0,0.14,0
13,0.2,20.0,0.16,45
13,0.2,20.0,0.18,45
13,0.2,20.0,0.2,0
13,0.2,20.0,0.22,0
13,0.2,20.0,0.24,0
13,0.2,20.0,0.26,0
13,0.2,20.0,0.28,0
13,0.2,20.0,0.3,0
13,0.2,20.0,0.32,0
13,0.2,20.0,0.34,45
13,0.2,20.0,0.36,90
13,0.2,20.0,0.38,0
13,0.2,20.0,0.4,45
13,0.2,20.0,0.42,0
13,0.2,20.0,0.44,0
13,0.2,20.0,0.46,0
13,0.2,20.0,0.48,0
13,0.2,20.0,0.5,0
13,0.2,20.0,0.52,0
13,0.2,20.0,0.54,0
13,0.2,20.0,0.56,0
13,0.2,20.0,0.58,0
13,0.2,20.0,0.6,0
13,0.2,20.0,0.62,0
13,0.2,20.0,0.64,0
13,0.2,20.0,0.66,0
13,0.2,20.0,0.68,0
13,0.2,20.0,0.7000000000000001,0
13,0.2,20.0,0.72,0
13,0.2,20.0,0.74,0
13,0.2,25.0,0.0,0
13,0.2,25.0,0.02,0
13,0.2,25.0,0.04,90
13,0.2,25.0,0.06,180
13,0.2,25.0,0.08,0
13,0.2,25.0,0.1,135
13,0.2,25.0,0.12,90
13,0.2,25.0,0.14,90
13,0.2,25.0,0.16,0
13,0.2,25.0,0.18,0
13,0.2,25.0,0.2,0
13,0.2,25.0,0.22,0
13,0.2,25.0,0.24,0
13,0.2,25.0,0.26,0
13,0.2,25.0,0.28,0
13,0.2,25.0,0.3,45
13,0.2,25.0,0.32,0
13,0.2,25.0,0.34,0
13,0.2,25.0,0.36,45
13,0.2,25.0,0.38,0
13,0.2,25.0,0.4,0
13,0.2,25.0,0.42,0
13,0.2,25.0,0.44,0
13,0.2,25.0,0.46,0
13,0.2,25.0,0.48,0
13,0.2,25.0,0.5,0
13,0.2,25.0,0.52,0
13,0.2,25.0,0.54,0
13,0.2,25.0,0.56,0
13,0.2,25.0,0.58,0
13,0.2,25.0,0.6,0
13,0.2,25.0,0.62,0
13,0.2,25.0,0.64,0
13,0.2,25.0,0.66,0
13,0.2,25.0,0.68,0
13,0.2,25.0,0.7000000000000001,0
13,0.2,25.0,0.72,0
13,0.2,25.0,0.74,0
13,0.2,30.0,0.0,0
13,0.2,30.0,0.02,0
13,0.2,30.0,0.04,0
13,0.2,30.0,0.06,0
13,0.2,30.0,0.08,90
13,0.2,30.0,0.1,180
13,0.2,30.0,0.12,135
13,0.2,30.0,0.14,90
13,0.2,30.0,0.16,0
13,0.2,30.0,0.18,0
13,0.2,30.0,0.2,135
13,0.2,30.0,0.22,135
13,0.2,30.0,0.24,135
13,0.2,30.0,0.26,0
13,0.2,30.0,0.28,0
13,0.2,30.0,0.3,0
13,0.2,30.0,0.32,0
13,0.2,30.0,0.34,0
13,0.2,30.0,0.36,0
13,0.2,30.0,0.38,45
13,0.2,30.0,0.4,45
13,0.2,30.0,0.42,135
13,0.2,30.0,0.44,180
13,0.2,30.0,0.46,135
13,0.2,30.0,0.48,135
13,0.2,30.0,0.5,135
13,0.2,30.0,0.52,180
13,0.2,30.0,0.54,180
13,0.2,30.0,0.56,135
13,0.2,30.0,0.58,90
13,0.2,30.0,0.6,45
13,0.2,30.0,0.62,0
13,0.2,30.0,0.64,0
13,0.2,30.0,0.66,45
13,0.2,30.0,0.68,0
13,0.2,30.0,0.7000000000000001,0
13,0.2,30.0,0.72,135
13,0.2,30.0,0.74,90
13,0.2,40.0,0.0,0
13,0.2,40.0,0.02,0
13,0.2,40.0,0.04,0
13,0.2,40.0,0.06,0
13,0.2,40.0,0.08,45
13,0.2,40.0,0.1,0
13,0.2,40.0,0.12,0
13,0.2,40.0,0.14,0
13,0.2,40.0,0.16,0
13,0.2,40.0,0.18,0
13,0.2,40.0,0.2,0
13,0.2,40.0,0.22,0
13,0.2,40.0,0.24,0
13,0.2,40.0,0.26,0
13,0.2,40.0,0.28,0
13,0.2,40.0,0.3,0
13,0.2,40.0,0.32,180
13,0.2,40.0,0.34,135
13,0.2,40.0,0.36,0
13,0.2,40.0,0.38,0
13,0.2,40.0,0.4,0
13,0.2,40.0,0.42,0
13,0.2,40.0,0.44,0
13,0.2,40.0,0.46,0
13,0.2,40.0,0.48,0
13,0.2,40.0,0.5,135
13,0.2,40.0,0.52,135
13,0.2,40.0,0.54,45
13,0.2,40.0,0.56,0
13,0.2,40.0,0.58,135
13,0.2,40.0,0.6,0
13,0.2,40.0,0.62,0
13,0.2,40.0,0.64,0
13,0.2,40.0,0.66,0
13,0.2,40.0,0.68,0
13,0.2,40.0,0.7000000000000001,0
13,0.2,40.0,0.72,0
13,0.2,40.0,0.74,90
13,0.2,50.0,0.0,0
13,0.2,50.0,0.02,90
13,0.2,50.0,0.04,0
13,0.2,50.0,0.06,0
13,0.2,50.0,0.08,0
13,0.2,50.0,0.1,0
13,0.2,50.0,0.12,0
13,0.2,50.0,0.14,0
13,0.2,50.0,0.16,0
13,0.2,50.0,0.18,0
13,0.2,50.0,0.2,90
13,0.2,50.0,0.22,90
13,0.2,50.0,0.24,90
13,0.2,50.0,0.26,135
13,0.2,50.0,0.28,180
13,0.2,50.0,0.3,135
13,0.2,50.0,0.32,135
13,0.2,50.0,0.34,0
13,0.2,50.0,0.36,0
13,0.2,50.0,0.38,0
13,0.2,50.0,0.4,0
13,0.2,50.0,0.42,0
13,0.2,50.0,0.44,0
13,0.2,50.0,0.46,0
13,0.2,50.0,0.48,0
13,0.2,50.0,0.5,0
13,0.2,50.0,0.52,0
13,0.2,50.0,0.54,135
13,0.2,50.0,0.56,135
13,0.2,50.0,0.58,135
13,0.2,50.0,0.6,0
13,0.2,50.0,0.62,0
13,0.2,50.0,0.64,0
13,0.2,50.0,0.66,45
13,0.2,50.0,0.68,0
13,0.2,50.0,0.7000000000000001,0
13,0.2,50.0,0.72,0
13,0.2,50.0,0.74,0
13,0.2,100.0,0.0,0
13,0.2,100.0,0.02,0
13,0.2,100.0,0.04,45
13,0.2,100.0,0.06,0
13,0.2,100.0,0.08,135
13,0.2,100.0,0.1,135
13,0.2,100.0,0.12,90
13,0.2,100.0,0.14,135
13,0.2,100.0,0.16,45
13,0.2,100.0,0.18,135
13,0.2,100.0,0.2,0
13,0.2,100.0,0.22,45
13,0.2,100.0,0.24,180
13,0.2,100.0,0.26,0
13,0.2,100.0,0.28,0
13,0.2,100.0,0.3,0
13,0.2,100.0,0.32,0
13,0.2,100.0,0.34,135
13,0.2,100.0,0.36,135
13,0.2,100.0,0.38,180
13,0.2,100.0,0.4,135
13,0.2,100.0,0.42,180
13,0.2,100.0,0.44,180
13,0.2,100.0,0.46,135
13,0.2,100.0,0.48,90
13,0.2,100.0,0.5,135
13,0.2,100.0,0.52,90
13,0.2,100.0,0.54,0
13,0.2,100.0,0.56,0
13,0.2,100.0,0.58,45
13,0.2,100.0,0.6,0
13,0.2,100.0,0.62,0
13,0.2,100.0,0.64,0
13,0.2,100.0,0.66,0
13,0.2,100.0,0.68,0
13,0.2,100.0,0.7000000000000001,90
13,0.2,100.0,0.72,180
13,0.2,100.0,0.74,180
14,0.2,0.0,0.0,0
14,0.2,0.0,0.02,0
14,0.2,0.0,0.04,0
14,0.2,0.0,0.06,0
14,0.2,0.0,0.08,0
14,0.2,0.0,0.1,0
14,0.2,0.0,0.12,0
14,0.2,0.0,0.14,0
14,0.2,0.0,0.16,0
14,0.2,0.0,0.18,0
14,0.2,0.0,0.2,0
14,0.2,0.0,0.22,0
14,0.2,0.0,0.24,0
14,0.2,0.0,0.26,0
14,0.2,0.0,0.28,0
14,0.2,0.0,0.3,0
14,0.2,0.0,0.32,0
14,0.2,0.0,0.34,0
14,0.2,0.0,0.36,0
14,0.2,0.0,0.38,0
14,0.2,0.0,0.4,0
14,0.2,0.0,0.42,0
14,0.2,0.0,0.44,0
14,0.2,0.0,0.46,0
14,0.2,0.0,0.48,0
14,0.2,0.0,0.5,0
14,0.2,0.0,0.52,0
14,0.2,0.0,0.54,0
14,0.2,0.0,0.56,0
14,0.2,0.0,0.58,0
14,0.2,0.0,0.6,0
14,0.2,0.0,0.62,0
14,0.2,0.0,0.64,0
14,0.2,0.0,0.66,0
14,0.2,0.0,0.68,0
14,0.2,0.0,0.7000000000000001,0
14,0.2,0.0,0.72,0
14,0.2,0.0,0.74,0
14,0.2,5.0,0.0,0
14,0.2,5.0,0.02,0
14,0.2,5.0,0.04,0
14,0.2,5.0,0.06,0
14,0.2,5.0,0.08,0
14,0.2,5.0,0.1,0
14,0.2,5.0,0.12,0
14,0.2,5.0,0.14,0
14,0.2,5.0,0.16,0
14,0.2,5.0,0.18,0
14,0.2,5.0,0.2,0
14,0.2,5.0,0.22,0
14,0.2,5.0,0.24,0
14,0.2,5.0,0.26,0
14,0.2,5.0,0.28,0
14,0.2,5.0,0.3,0
14,0.2,5.0,0.32,0
14,0.2,5.0,0.34,0
14,0.2,5.0,0.36,0
14,0.2,5.0,0.38,0
14,0.2,5.0,0.4,0
14,0.2,5.0,0.42,0
14,0.2,5.0,0.44,0
14,0.2,5.0,0.46,0
14,0.2,5.0,0.48,0
14,0.2,5.0,0.5,0
14,0.2,5.0,0.52,0
14,0.2,5.0,0.54,0
14,0.2,5.0,0.56,0
14,0.2,5.0,0.58,0
14,0.2,5.0,0.6,0
14,0.2,5.0,0.62,0
14,0.2,5.0,0.64,0
14,0.2,5.0,0.66,0
14,0.2,5.0,0.68,0
14,0.2,5.0,0.7000000000000001,0
14,0.2,5.0,0.72,0
14,0.2,5.0,0.74,0
14,0.2,10.0,0.0,0
14,0.2,10.0,0.02,0
14,0.2,10.0,0.04,0
14,0.2,10.0,0.06,0
14,0.2,10.0,0.08,0
14,0.2,10.0,0.1,0
14,0.2,10.0,0.12,0
14,0.2,10.0,0.14,0
14,0.2,10.0,0.16,0
14,0.2,10.0,0.18,0
14,0.2,10.0,0.2,0
14,0.2,10.0,0.22,0
14,0.2,10.0,0.24,0
14,0.2,10.0,0.26,0
14,0.2,10.0,0.28,0
14,0.2,10.0,0.3,0
14,0.2,10.0,0.32,0
14,0.2,10.0,0.34,0
14,0.2,10.0,0.36,0
14,0.2,10.0,0.38,0
14,0.2,10.0,0.4,0
14,0.2,10.0,0.42,0
14,0.2,10.0,0.44,0
14,0.2,10.0,0.46,0
14,0.2,10.0,0.48,0
14,0.2,10.0,0.5,0
14,0.2,10.0,0.52,0
14,0.2,10.0,0.54,0
14,0.2,10.0,0.56,0
14,0.2,10.0,0.58,0
14,0.2,10.0,0.6,0
14,0.2,10.0,0.62,0
14,0.2,10.0,0.64,0
14,0.2,10.0,0.66,0
14,0.2,10.0,0.68,0
14,0.2,10.0,0.7000000000000001,0
14,0.2,10.0,0.72,0
14,0.2,10.0,0.74,0
14,0.2,15.0,0.0,0
14,0.2,15.0,0.02,90
14,0.2,15.0,0.04,135
14,0.2,15.0,0.06,90
14,0.2,15.0,0.08,135
14,0.2,15.0,0.1,180
14,0.2,15.0,0.12,180
14,0.2,15.0,0.14,135
14,0.2,15.0,0.16,135
14,0.2,15.0,0.18,90
14,0.2,15.0,0.2,90
14,0.2,15.0,0.22,45
14,0.2,15.0,0.24,0
14,0.2,15.0,0.26,0
14,0.2,15.0,0.28,0
14,0.2,15.0,0.3,0
14,0.2,15.0,0.32,0
14,0.2,15.0,0.34,0
14,0.2,15.0,0.36,0
14,0.2,15.0,0.38,0
14,0.2,15.0,0.4,0
14,0.2,15.0,0.42,0
14,0.2,15.0,0.44,0
14,0.2,15.0,0.46,0
14,0.2,15.0,0.48,0
14,0.2,15.0,0.5,0
14,0.2,15.0,0.52,0
14,0.2,15.0,0.54,0
14,0.2,15.0,0.56,0
14,0.2,15.0,0.58,0
14,0.2,15.0,0.6,0
14,0.2,15.0,0.62,0
14,0.2,15.0,0.64,0
14,0.2,15.0,0.66,0
14,0.2,15.0,0.68,0
14,0.2,15.0,0.7000000000000001,180
14,0.2,15.0,0.72,135
14,0.2,15.0,0.74,0
14,0.2,20.0,0.0,0
14,0.2,20.0,0.02,0
14,0.2,20.0,0.04,0
14,0.2,20.0,0.06,0
14,0.2,20.0,0.08,0
14,0.2,20.0,0.1,0
14,0.2,20.0,0.12,0
14,0.2,20.0,0.14,0
14,0.2,20.0,0.16,0
14,0.2,20.0,0.18,0
14,0.2,20.0,0.2,0
14,0.2,20.0,0.22,45
14,0.2,20.0,0.24,0
14,0.2,20.0,0.26,0
14,0.2,20.0,0.28,0
14,0.2,20.0,0.3,0
14,0.2,20.0,0.32,135
14,0.2,20.0,0.34,135
14,0.2,20.0,0.36,180
14,0.2,20.0,0.38,135
14,0.2,20.0,0.4,0
14,0.2,20.0,0.42,0
14,0.2,20.0,0.44,0
14,0.2,20.0,0.46,0
14,0.2,20.0,0.48,0
14,0.2,20.0,0.5,0
14,0.2,20.0,0.52,0
14,0.2,20.0,0.54,0
14,0.2,20.0,0.56,0
14,0.2,20.0,0.58,0
14,0.2,20.0,0.6,0
14,0.2,20.0,0.62,0
14,0.2,20.0,0.64,0
14,0.2,20.0,0.66,0
14,0.2,20.0,0.68,0
14,0.2,20.0,0.7000000000000001,0
14,0.2,20.0,0.72,0
14,0.2,20.0,0.74,45
14,0.2,25.0,0.0,0
14,0.2,25.0,0.02,0
14,0.2,25.0,0.04,0
14,0.2,25.0,0.06,0
14,0.2,25.0,0.08,0
14,0.2,25.0,0.1,0
14,0.2,25.0,0.12,0
14,0.2,25.0,0.14,0
14,0.2,25.0,0.16,0
14,0.2,25.0,0.18,0
14,0.2,25.0,0.2,0
14,0.2,25.0,0.22,0
14,0.2,25.0,0.24,0
14,0.2,25.0,0.26,135
14,0.2,25.0,0.28,135
14,0.2,25.0,0.3,135
14,0.2,25.0,0.32,0
14,0.2,25.0,0.34,0
14,0.2,25.0,0.36,0
14,0.2,25.0,0.38,0
14,0.2,25.0,0.4,90
14,0.2,25.0,0.42,90
14,0.2,25.0,0.44,135
14,0.2,25.0,0.46,135
14,0.2,25.0,0.48,180
14,0.2,25.0,0.5,135
14,0.2,25.0,0.52,45
14,0.2,25.0,0.54,45
14,0.2,25.0,0.56,0
14,0.2,25.0,0.58,0
14,0.2,25.0,0.6,0
14,0.2,25.0,0.62,0
14,0.2,25.0,0.64,0
14,0.2,25.0,0.66,0
14,0.2,25.0,0.68,0
14,0.2,25.0,0.7000000000000001,0
14,0.2,25.0,0.72,0
14,0.2,25.0,0.74,0
14,0.2,30.0,0.0,0
14,0.2,30.0,0.02,0
14,0.2,30.0,0.04,0
14,0.2,30.0,0.06,0
14,0.2,30.0,0.08,0
14,0.2,30.0,0.1,0
14,0.2,30.0,0.12,0
14,0.2,30.0,0.14,45
14,0.2,30.0,0.16,0
14,0.2,30.0,0.18,0
14,0.2,30.0,0.2,0
14,0.2,30.0,0.22,90
14,0.2,30.0,0.24,90
14,0.2,30.0,0.26,0
14,0.2,30.0,0.28,0
14,0.2,30.0,0.3,0
14,0.2,30.0,0.32,0
14,0.2,30.0,0.34,90
14,0.2,30.0,0.36,0
14,0.2,30.0,0.38,45
14,0.2,30.0,0.4,0
14,0.2,30.0,0.42,0
14,0.2,30.0,0.44,0
14,0.2,30.0,0.46,0
14,0.2,30.0,0.48,0
14,0.2,30.0,0.5,0
14,0.2,30.0,0.52,0
14,0.2,30.0,0.54,0
14,0.2,30.0,0.56,0
14,0.2,30.0,0.58,0
14,0.2,30.0,0.6,0
14,0.2,30.0,0.62,135
14,0.2,30.0,0.64,135
14,0.2,30.0,0.66,0
14,0.2,30.0,0.68,0
14,0.2,30.0,0.7000000000000001,45
14,0.2,30.0,0.72,90
14,0.2,30.0,0.74,0
14,0.2,40.0,0.0,0
14,0.2,40.0,0.02,45
14,0.2,40.0,0.04,0
14,0.2,40.0,0.06,0
14,0.2,40.0,0.08,0
14,0.2,40.0,0.1,135
14,0.2,40.0,0.12,135
14,0.2,40.0,0.14,90
14,0.2,40.0,0.16,0
14,0.2,40.0,0.18,0
14,0.2,40.0,0.2,0
14,0.2,40.0,0.22,0
14,0.2,40.0,0.24,0
14,0.2,40.0,0.26,0
14,0.2,40.0,0.28,0
14,0.2,40.0,0.3,0
14,0.2,40.0,0.32,0
14,0.2,40.0,0.34,0
14,0.2,40.0,0.36,90
14,0.2,40.0,0.38,0
14,0.2,40.0,0.4,0
14,0.2,40.0,0.42,0
14,0.2,40.0,0.44,0
14,0.2,40.0,0.46,0
14,0.2,40.0,0.48,0
14,0.2,40.0,0.5,0
14,0.2,40.0,0.52,0
14,0.2,40.0,0.54,0
14,0.2,40.0,0.56,0
14,0.2,40.0,0.58,0
14,0.2,40.0,0.6,0
14,0.2,40.0,0.62,180
14,0.2,40.0,0.64,0
14,0.2,40.0,0.66,0
14,0.2,40.0,0.68,0
14,0.2,40.0,0.7000000000000001,0
14,0.2,40.0,0.72,0
14,0.2,40.0,0.74,0
14,0.2,50.0,0.0,0
14,0.2,50.0,0.02,0
14,0.2,50.0,0.04,0
14,0.2,50.0,0.06,0
14,0.2,50.0,0.08,0
14,0.2,50.0,0.1,90
14,0.2,50.0,0.12,45
14,0.2,50.0,0.14,0
14,0.2,50.0,0.16,0
14,0.2,50.0,0.18,135
14,0.2,50.0,0.2,135
14,0.2,50.0,0.22,135
14,0.2,50.0,0.24,180
14,0.2,50.0,0.26,180
14,0.2,50.0,0.28,135
14,0.2,50.0,0.3,90
14,0.2,50.0,0.32,0
14,0.2,50.0,0.34,90
14,0.2,50.0,0.36,135
14,0.2,50.0,0.38,90
14,0.2,50.0,0.4,0
14,0.2,50.0,0.42,0
14,0.2,50.0,0.44,0
14,0.2,50.0,0.46,135
14,0.2,50.0,0.48,0
14,0.2,50.0,0.5,45
14,0.2,50.0,0.52,180
14,0.2,50.0,0.54,135
14,0.2,50.0,0.56,135
14,0.2,50.0,0.58,90
14,0.2,50.0,0.6,135
14,0.2,50.0,0.62,0
14,0.2,50.0,0.64,0
14,0.2,50.0,0.66,180
14,0.2,50.0,0.68,180
14,0.2,50.0,0.7000000000000001,180
14,0.2,50.0,0.72,45
14,0.2,50.0,0.74,45
14,0.2,100.0,0.0,0
14,0.2,100.0,0.02,135
14,0.2,100.0,0.04,135
14,0.2,100.0,0.06,135
14,0.2,100.0,0.08,135
14,0.2,100.0,0.1,135
14,0.2,100.0,0.12,0
14,0.2,100.0,0.14,45
14,0.2,100.0,0.16,0
14,0.2,100.0,0.18,0
14,0.2,100.0,0.2,0
14,0.2,100.0,0.22,0
14,0.2,100.0,0.24,0
14,0.2,100.0,0.26,0
14,0.2,100.0,0.28,90
14,0.2,100.0,0.3,45
14,0.2,100.0,0.32,45
14,0.2,100.0,0.34,0
14,0.2,100.0,0.36,0
14,0.2,100.0,0.38,0
14,0.2,100.0,0.4,0
14,0.2,100.0,0.42,0
14,0.2,100.0,0.44,0
14,0.2,100.0,0.46,0
14,0.2,100.0,0.48,45
14,0.2,100.0,0.5,90
14,0.2,100.0,0.52,0
14,0.2,100.0,0.54,45
14,0.2,100.0,0.56,0
14,0.2,100.0,0.58,0
14,0.2,100.0,0.6,90
14,0.2,100.0,0.62,135
14,0.2,100.0,0.64,0
14,0.2,100.0,0.66,0
14,0.2,100.0,0.68,0
14,0.2,100.0,0.7000000000000001,0
14,0.2,100.0,0.72,0
14,0.2,100.0,0.74,135
15,0.2,0.0,0.0,0
15,0.2,0.0,0.02,0
15,0.2,0.0,0.04,0
15,0.2,0.0,0.06,0
15,0.2,0.0,0.08,0
15,0.2,0.0,0.1,0
15,0.2,0.0,0.12,0
15,0.2,0.0,0.14,0
15,0.2,0.0,0.16,0
15,0.2,0.0,0.18,0
15,0.2,0.0,0.2,0
15,0.2,0.0,0.22,0
15,0.2,0.0,0.24,0
15,0.2,0.0,0.26,0
15,0.2,0.0,0.28,0
15,0.2,0.0,0.3,0
15,0.2,0.0,0.32,0
15,0.2,0.0,0.34,0
15,0.2,0.0,0.36,0
15,0.2,0.0,0.38,0
15,0.2,0.0,0.4,0
15,0.2,0.0,0.42,0
15,0.2,0.0,0.44,0
15,0.2,0.0,0.46,0
15,0.2,0.0,0.48,0
15,0.2,0.0,0.5,0
15,0.2,0.0,0.52,0
15,0.2,0.0,0.54,0
15,0.2,0.0,0.56,0
15,0.2,0.0,0.58,0
15,0.2,0.0,0.6,0
15,0.2,0.0,0.62,0
15,0.2,0.0,0.64,0
15,0.2,0.0,0.66,0
15,0.2,0.0,0.68,0
15,0.2,0.0,0.7000000000000001,0
15,0.2,0.0,0.72,0
15,0.2,0.0,0.74,0
15,0.2,5.0,0.0,0
15,0.2,5.0,0.02,0
15,0.2,5.0,0.04,0
15,0.2,5.0,0.06,0
15,0.2,5.0,0.08,0
15,0.2,5.0,0.1,0
15,0.2,5.0,0.12,0
15,0.2,5.0,0.14,0
15,0.2,5.0,0.16,0
15,0.2,5.0,0.18,0
15,0.2,5.0,0.2,0
15,0.2,5.0,0.22,0
15,0.2,5.0,0.24,0
15,0.2,5.0,0.26,45
15,0.2,5.0,0.28,0
15,0.2,5.0,0.3,0
15,0.2,5.0,0.32,0
15,0.2,5.0,0.34,0
15,0.2,5.0,0.36,0
15,0.2,5.0,0.38,0
15,0.2,5.0,0.4,0
15,0.2,5.0,0.42,0
15,0.2,5.0,0.44,0
15,0.2,5.0,0.46,0
15,0.2,5.0,0.48,0
15,0.2,5.0,0.5,0
15,0.2,5.0,0.52,0
15,0.2,5.0,0.54,0
15,0.2,5.0,0.56,0
15,0.2,5.0,0.58,0
15,0.2,5.0,0.6,0
15,0.2,5.0,0.62,0
15,0.2,5.0,0.64,0
15,0.2,5.0,0.66,0
15,0.2,5.0,0.68,0
15,0.2,5.0,0.7000000000000001,0
15,0.2,5.0,0.72,0
15,0.2,5.0,0.74,0
15,0.2,10.0,0.0,0
15,0.2,10.0,0.02,0
15,0.2,10.0,0.04,0
15,0.2,10.0,0.06,0
15,0.2,10.0,0.08,0
15,0.2,10.0,0.1,0
15,0.2,10.0,0.12,0
15,0.2,10.0,0.14,0
15,0.2,10.0,0.16,0
15,0.2,10.0,0.18,0
15,0.2,10.0,0.2,0
15,0.2,10.0,0.22,0
15,0.2,10.0,0.24,0
15,0.2,10.0,0.26,0
15,0.2,10.0,0.28,0
15,0.2,10.0,0.3,0
15,0.2,10.0,0.32,0
15,0.2,10.0,0.34,180
15,0.2,10.0,0.36,180
15,0.2,10.0,0.38,90
15,0.2,10.0,0.4,135
15,0.2,10.0,0.42,135
15,0.2,10.0,0.44,135
15,0.2,10.0,0.46,135
15,0.2,10.0,0.48,135
15,0.2,10.0,0.5,135
15,0.2,10.0,0.52,135
15,0.2,10.0,0.54,135
15,0.2,10.0,0.56,0
15,0.2,10.0,0.58,0
15,0.2,10.0,0.6,0
15,0.2,10.0,0.62,0
15,0.2,10.0,0.64,0
15,0.2,10.0,0.66,0
15,0.2,10.0,0.68,0
15,0.2,10.0,0.7000000000000001,0
15,0.2,10.0,0.72,0
15,0.2,10.0,0.74,0
15,0.2,15.0,0.0,0
15,0.2,15.0,0.02,0
15,0.2,15.0,0.04,0
15,0.2,15.0,0.06,0
15,0.2,15.0,0.08,0
15,0.2,15.0,0.1,0
15,0.2,15.0,0.12,0
15,0.2,15.0,0.14,0
15,0.2,15.0,0.16,0
15,0.2,15.0,0.18,0
15,0.2,15.0,0.2,135
15,0.2,15.0,0.22,0
15,0.2,15.0,0.24,0
15,0.2,15.0,0.26,0
15,0.2,15.0,0.28,0
15,0.2,15.0,0.3,0
15,0.2,15.0,0.32,135
15,0.2,15.0,0.34,135
15,0.2,15.0,0.36,135
15,0.2,15.0,0.38,135
15,0.2,15.0,0.4,135
15,0.2,15.0,0.42,135
15,0.2,15.0,0.44,180
15,0.2,15.0,0.46,135
15,0.2,15.0,0.48,0
15,0.2,15.0,0.5,0
15,0.2,15.0,0.52,0
15,0.2,15.0,0.54,0
15,0.2,15.0,0.56,0
15,0.2,15.0,0.58,0
15,0.2,15.0,0.6,0
15,0.2,15.0,0.62,0
15,0.2,15.0,0.64,0
15,0.2,15.0,0.66,0
15,0.2,15.0,0.68,0
15,0.2,15.0,0.7000000000000001,0
15,0.2,15.0,0.72,0
15,0.2,15.0,0.74,90
15,0.2,20.0,0.0,0
15,0.2,20.0,0.02,0
15,0.2,20.0,0.04,180
15,0.2,20.0,0.06,180
15,0.2,20.0,0.08,0
15,0.2,20.0,0.1,0
15,0.2,20.0,0.12,0
15,0.2,20.0,0.14,0
15,0.2,20.0,0.16,45
15,0.2,20.0,0.18,0
15,0.2,20.0,0.2,0
15,0.2,20.0,0.22,0
15,0.2,20.0,0.24,0
15,0.2,20.0,0.26,0
15,0.2,20.0,0.28,0
15,0.2,20.0,0.3,180
15,0.2,20.0,0.32,135
15,0.2,20.0,0.34,135
15,0.2,20.0,0.36,0
15,0.2,20.0,0.38,0
15,0.2,20.0,0.4,0
15,0.2,20.0,0.42,0
15,0.2,20.0,0.44,0
15,0.2,20.0,0.46,0
15,0.2,20.0,0.48,0
15,0.2,20.0,0.5,0
15,0.2,20.0,0.52,0
15,0.2,20.0,0.54,0
15,0.2,20.0,0.56,0
15,0.2,20.0,0.58,0
15,0.2,20.0,0.6,0
15,0.2,20.0,0.62,0
15,0.2,20.0,0.64,0
15,0.2,20.0,0.66,135
15,0.2,20.0,0.68,180
15,0.2,20.0,0.7000000000000001,135
15,0.2,20.0,0.72,0
15,0.2,20.0,0.74,180
15,0.2,25.0,0.0,0
15,0.2,25.0,0.02,0
15,0.2,25.0,0.04,0
15,0.2,25.0,0.06,0
15,0.2,25.0,0.08,0
15,0.2,25.0,0.1,90
15,0.2,25.0,0.12,0
15,0.2,25.0,0.14,0
15,0.2,25.0,0.16,0
15,0.2,25.0,0.18,0
15,0.2,25.0,0.2,0
15,0.2,25.0,0.22,0
15,0.2,25.0,0.24,0
15,0.2,25.0,0.26,0
15,0.2,25.0,0.28,0
15,0.2,25.0,0.3,0
15,0.2,25.0,0.32,0
15,0.2,25.0,0.34,0
15,0.2,25.0,0.36,0
15,0.2,25.0,0.38,0
15,0.2,25.0,0.4,0
15,0.2,25.0,0.42,45
15,0.2,25.0,0.44,0
15,0.2,25.0,0.46,0
15,0.2,25.0,0.48,90
15,0.2,25.0,0.5,0
15,0.2,25.0,0.52,0
15,0.2,25.0,0.54,0
15,0.2,25.0,0.56,0
15,0.2,25.0,0.58,180
15,0.2,25.0,0.6,135
15,0.2,25.0,0.62,135
15,0.2,25.0,0.64,135
15,0.2,25.0,0.66,135
15,0.2,25.0,0.68,0
15,0.2,25.0,0.7000000000000001,0
15,0.2,25.0,0.72,0
15,0.2,25.0,0.74,0
15,0.2,30.0,0.0,0
15,0.2,30.0,0.02,0
15,0.2,30.0,0.04,0
15,0.2,30.0,0.06,0
15,0.2,30.0,0.08,0
15,0.2,30.0,0.1,0
15,0.2,30.0,0.12,0
15,0.2,30.0,0.14,0
15,0.2,30.0,0.16,0
15,0.2,30.0,0.18,0
15,0.2,30.0,0.2,0
15,0.2,30.0,0.22,0
15,0.2,30.0,0.24,0
15,0.2,30.0,0.26,90
15,0.2,30.0,0.28,45
15,0.2,30.0,0.3,0
15,0.2,30.0,0.32,0
15,0.2,30.0,0.34,0
15,0.2,30.0,0.36,90
15,0.2,30.0,0.38,135
15,0.2,30.0,0.4,0
15,0.2,30.0,0.42,0
15,0.2,30.0,0.44,0
15,0.2,30.0,0.46,0
15,0.2,30.0,0.48,0
15,0.2,30.0,0.5,0
15,0.2,30.0,0.52,0
15,0.2,30.0,0.54,0
15,0.2,30.0,0.56,0
15,0.2,30.0,0.58,0
15,0.2,30.0,0.6,0
15,0.2,30.0,0.62,0
15,0.2,30.0,0.64,0
15,0.2,30.0,0.66,0
15,0.2,30.0,0.68,0
15,0.2,30.0,0.7000000000000001,0
15,0.2,30.0,0.72,0
15,0.2,30.0,0.74,90
15,0.2,40.0,0.0,0
15,0.2,40.0,0.02,90
15,0.2,40.0,0.04,90
15,0.2,40.0,0.06,0
15,0.2,40.0,0.08,135
15,0.2,40.0,0.1,0
15,0.2,40.0,0.12,0
15,0.2,40.0,0.14,0
15,0.2,40.0,0.16,135
15,0.2,40.0,0.18,45
15,0.2,40.0,0.2,0
15,0.2,40.0,0.22,90
15,0.2,40.0,0.24,0
15,0.2,40.0,0.26,0
15,0.2,40.0,0.28,0
15,0.2,40.0,0.3,0
15,0.2,40.0,0.32,0
15,0.2,40.0,0.34,0
15,0.2,40.0,0.36,0
15,0.2,40.0,0.38,0
15,0.2,40.0,0.4,0
15,0.2,40.0,0.42,0
15,0.2,40.0,0.44,0
15,0.2,40.0,0.46,0
15,0.2,40.0,0.48,0
15,0.2,40.0,0.5,135
15,0.2,40.0,0.52,135
15,0.2,40.0,0.54,90
15,0.2,40.0,0.56,45
15,0.2,40.0,0.58,0
15,0.2,40.0,0.6,0
15,0.2,40.0,0.62,0
15,0.2,40.0,0.64,135
15,0.2,40.0,0.66,135
15,0.2,40.0,0.68,180
15,0.2,40.0,0.7000000000000001,135
15,0.2,40.0,0.72,135
15,0.2,40.0,0.74,0
15,0.2,50.0,0.0,0
15,0.2,50.0,0.02,45
15,0.2,50.0,0.04,0
15,0.2,50.0,0.06,0
15,0.2,50.0,0.08,180
15,0.2,50.0,0.1,90
15,0.2,50.0,0.12,90
15,0.2,50.0,0.14,0
15,0.2,50.0,0.16,0
15,0.2,50.0,0.18,0
15,0.2,50.0,0.2,0
15,0.2,50.0,0.22,45
15,0.2,50.0,0.24,0
15,0.2,50.0,0.26,0
15,0.2,50.0,0.28,0
15,0.2,50.0,0.3,0
15,0.2,50.0,0.32,180
15,0.2,50.0,0.34,180
15,0.2,50.0,0.36,135
15,0.2,50.0,0.38,0
15,0.2,50.0,0.4,45
15,0.2,50.0,0.42,180
15,0.2,50.0,0.44,135
15,0.2,50.0,0.46,135
15,0.2,50.0,0.48,0
15,0.2,50.0,0.5,0
15,0.2,50.0,0.52,0
15,0.2,50.0,0.54,45
15,0.2,50.0,0.56,45
15,0.2,50.0,0.58,45
15,0.2,50.0,0.6,45
15,0.2,50.0,0.62,135
15,0.2,50.0,0.64,135
15,0.2,50.0,0.66,180
15,0.2,50.0,0.68,180
15,0.2,50.0,0.7000000000000001,180
15,0.2,50.0,0.72,0
15,0.2,50.0,0.74,45
15,0.2,100.0,0.0,0
15,0.2,100.0,0.02,0
15,0.2,100.0,0.04,0
15,0.2,100.0,0.06,0
15,0.2,100.0,0.08,0
15,0.2,100.0,0.1,0
15,0.2,100.0,0.12,0
15,0.2,100.0,0.14,45
15,0.2,100.0,0.16,135
15,0.2,100.0,0.18,180
15,0.2,100.0,0.2,45
15,0.2,100.0,0.22,135
15,0.2,100.0,0.24,0
15,0.2,100.0,0.26,0
15,0.2,100.0,0.28,45
15,0.2,100.0,0.3,0
15,0.2,100.0,0.32,45
15,0.2,100.0,0.34,90
15,0.2,100.0,0.36,45
15,0.2,100.0,0.38,180
15,0.2,100.0,0.4,135
15,0.2,100.0,0.42,90
15,0.2,100.0,0.44,0
15,0.2,100.0,0.46,90
15,0.2,100.0,0.48,90
15,0.2,100.0,0.5,90
15,0.2,100.0,0.52,135
15,0.2,100.0,0.54,90
15,0.2,100.0,0.56,45
15,0.2,100.0,0.58,135
15,0.2,100.0,0.6,135
15,0.2,100.0,0.62,90
15,0.2,100.0,0.64,45
15,0.2,100.0,0.66,0
15,0.2,100.0,0.68,180
15,0.2,100.0,0.7000000000000001,180
15,0.2,100.0,0.72,135
15,0.2,100.0,0.74,0
16,0.2,0.0,0.0,0
16,0.2,0.0,0.02,0
16,0.2,0.0,0.04,0
16,0.2,0.0,0.06,0
16,0.2,0.0,0.08,0
16,0.2,0.0,0.1,0
16,0.2,0.0,0.12,0
16,0.2,0.0,0.14,0
16,0.2,0.0,0.16,0
16,0.2,0.0,0.18,0
16,0.2,0.0,0.2,0
16,0.2,0.0,0.22,0
16,0.2,0.0,0.24,0
16,0.2,0.0,0.26,0
16,0.2,0.0,0.28,0
16,0.2,0.0,0.3,0
16,0.2,0.0,0.32,0
16,0.2,0.0,0.34,0
16,0.2,0.0,0.36,0
16,0.2,0.0,0.38,0
16,0.2,0.0,0.4,0
16,0.2,0.0,0.42,0
16,0.2,0.0,0.44,0
16,0.2,0.0,0.46,0
16,0.2,0.0,0.48,0
16,0.2,0.0,0.5,0
16,0.2,0.0,0.52,0
16,0.2,0.0,0.54,0
16,0.2,0.0,0.56,0
16,0.2,0.0,0.58,0
16,0.2,0.0,0.6,0
16,0.2,0.0,0.62,0
16,0.2,0.0,0.64,0
16,0.2,0.0,0.66,0
16,0.2,0.0,0.68,0
16,0.2,0.0,0.7000000000000001,0
16,0.2,0.0,0.72,0
16,0.2,0.0,0.74,0
16,0.2,5.0,0.0,0
16,0.2,5.0,0.02,0
16,0.2,5.0,0.04,0
16,0.2,5.0,0.06,0
16,0.2,5.0,0.08,0
16,0.2,5.0,0.1,0
16,0.2,5.0,0.12,0
16,0.2,5.0,0.14,0
16,0.2,5.0,0.16,0
16,0.2,5.0,0.18,0
16,0.2,5.0,0.2,0
16,0.2,5.0,0.22,0
16,0.2,5.0,0.24,0
16,0.2,5.0,0.26,0
16,0.2,5.0,0.28,0
16,0.2,5.0,0.3,0
16,0.2,5.0,0.32,0
16,0.2,5.0,0.34,0
16,0.2,5.0,0.36,0
16,0.2,5.0,0.38,0
16,0.2,5.0,0.4,0
16,0.2,5.0,0.42,0
16,0.2,5.0,0.44,0
16,0.2,5.0,0.46,0
16,0.2,5.0,0.48,0
16,0.2,5.0,0.5,0
16,0.2,5.0,0.52,0
16,0.2,5.0,0.54,0
16,0.2,5.0,0.56,0
16,0.2,5.0,0.58,0
16,0.2,5.0,0.6,0
16,0.2,5.0,0.62,0
16,0.2,5.0,0.64,0
16,0.2,5.0,0.66,0
16,0.2,5.0,0.68,0
16,0.2,5.0,0.7000000000000001,0
16,0.2,5.0,0.72,0
16,0.2,5.0,0.74,0
16,0.2,10.0,0.0,0
16,0.2,10.0,0.02,0
16,0.2,10.0,0.04,0
16,0.2,10.0,0.06,0
16,0.2,10.0,0.08,0
16,0.2,10.0,0.1,0
16,0.2,10.0,0.12,45
16,0.2,10.0,0.14,0
16,0.2,10.0,0.16,0
16,0.2,10.0,0.18,0
16,0.2,10.0,0.2,0
16,0.2,10.0,0.22,0
16,0.2,10.0,0.24,0
16,0.2,10.0,0.26,0
16,0.2,10.0,0.28,0
16,0.2,10.0,0.3,0
16,0.2,10.0,0.32,90
16,0.2,10.0,0.34,0
16,0.2,10.0,0.36,0
16,0.2,10.0,0.38,0
16,0.2,10.0,0.4,0
16,0.2,10.0,0.42,0
16,0.2,10.0,0.44,90
16,0.2,10.0,0.46,45
16,0.2,10.0,0.48,0
16,0.2,10.0,0.5,0
16,0.2,10.0,0.52,0
16,0.2,10.0,0.54,0
16,0.2,10.0,0.56,0
16,0.2,10.0,0.58,0
16,0.2,10.0,0.6,0
16,0.2,10.0,0.62,0
16,0.2,10.0,0.64,0
16,0.2,10.0,0.66,0
16,0.2,10.0,0.68,0
16,0.2,10.0,0.7000000000000001,0
16,0.2,10.0,0.72,0
16,0.2,10.0,0.74,0
16,0.2,15.0,0.0,0
16,0.2,15.0,0.02,0
16,0.2,15.0,0.04,0
16,0.2,15.0,0.06,0
16,0.2,15.0,0.08,0
16,0.2,15.0,0.1,45
16,0.2,15.0,0.12,0
16,0.2,15.0,0.14,45
16,0.2,15.0,0.16,0
16,0.2,15.0,0.18,0
16,0.2,15.0,0.2,0
16,0.2,15.0,0.22,0
16,0.2,15.0,0.24,0
16,0.2,15.0,0.26,0
16,0.2,15.0,0.28,0
16,0.2,15.0,0.3,90
16,0.2,15.0,0.32,0
16,0.2,15.0,0.34,135
16,0.2,15.0,0.36,135
16,0.2,15.0,0.38,0
16,0.2,15.0,0.4,0
16,0.2,15.0,0.42,0
16,0.2,15.0,0.44,0
16,0.2,15.0,0.46,0
16,0.2,15.0,0.48,0
16,0.2,15.0,0.5,0
16,0.2,15.0,0.52,90
16,0.2,15.0,0.54,135
16,0.2,15.0,0.56,0
16,0.2,15.0,0.58,0
16,0.2,15.0,0.6,0
16,0.2,15.0,0.62,0
16,0.2,15.0,0.64,0
16,0.2,15.0,0.66,0
16,0.2,15.0,0.68,0
16,0.2,15.0,0.7000000000000001,0
16,0.2,15.0,0.72,90
16,0.2,15.0,0.74,90
16,0.2,20.0,0.0,0
16,0.2,20.0,0.02,0
16,0.2,20.0,0.04,0
16,0.2,20.0,0.06,0
16,0.2,20.0,0.08,45
16,0.2,20.0,0.1,45
16,0.2,20.0,0.12,0
16,0.2,20.0,0.14,0
16,0.2,20.0,0.16,45
16,0.2,20.0,0.18,0
16,0.2,20.0,0.2,0
16,0.2,20.0,0.22,90
16,0.2,20.0,0.24,90
16,0.2,20.0,0.26,180
16,0.2,20.0,0.28,135
16,0.2,20.0,0.3,90
16,0.2,20.0,0.32,0
16,0.2,20.0,0.34,0
16,0.2,20.0,0.36,0
16,0.2,20.0,0.38,135
16,0.2,20.0,0.4,0
16,0.2,20.0,0.42,0
16,0.2,20.0,0.44,0
16,0.2,20.0,0.46,0
16,0.2,20.0,0.48,0
16,0.2,20.0,0.5,0
16,0.2,20.0,0.52,0
16,0.2,20.0,0.54,0
16,0.2,20.0,0.56,0
16,0.2,20.0,0.58,0
16,0.2,20.0,0.6,0
16,0.2,20.0,0.62,0
16,0.2,20.0,0.64,0
16,0.2,20.0,0.66,0
16,0.2,20.0,0.68,0
16,0.2,20.0,0.7000000000000001,0
16,0.2,20.0,0.72,0
16,0.2,20.0,0.74,0
16,0.2,25.0,0.0,0
16,0.2,25.0,0.02,45
16,0.2,25.0,0.04,0
16,0.2,25.0,0.06,0
16,0.2,25.0,0.08,0
16,0.2,25.0,0.1,0
16,0.2,25.0,0.12,0
16,0.2,25.0,0.14,180
16,0.2,25.0,0.16,180
16,0.2,25.0,0.18,0
16,0.2,25.0,0.2,0
16,0.2,25.0,0.22,0
16,0.2,25.0,0.24,0
16,0.2,25.0,0.26,0
16,0.2,25.0,0.28,0
16,0.2,25.0,0.3,0
16,0.2,25.0,0.32,0
16,0.2,25.0,0.34,0
16,0.2,25.0,0.36,0
16,0.2,25.0,0.38,180
16,0.2,25.0,0.4,135
16,0.2,25.0,0.42,0
16,0.2,25.0,0.44,0
16,0.2,25.0,0.46,0
16,0.2,25.0,0.48,0
16,0.2,25.0,0.5,0
16,0.2,25.0,0.52,0
16,0.2,25.0,0.54,0
16,0.2,25.0,0.56,0
16,0.2,25.0,0.58,0
16,0.2,25.0,0.6,0
16,0.2,25.0,0.62,0
16,0.2,25.0,0.64,0
16,0.2,25.0,0.66,0
16,0.2,25.0,0.68,0
16,0.2,25.0,0.7000000000000001,0
16,0.2,25.0,0.72,0
16,0.2,25.0,0.74,0
16,0.2,30.0,0.0,0
16,0.2,30.0,0.02,0
16,0.2,30.0,0.04,0
16,0.2,30.0,0.06,45
16,0.2,30.0,0.08,135
16,0.2,30.0,0.1,135
16,0.2,30.0,0.12,135
16,0.2,30.0,0.14,135
16,0.2,30.0,0.16,0
16,0.2,30.0,0.18,0
16,0.2,30.0,0.2,0
16,0.2,30.0,0.22,0
16,0.2,30.0,0.24,0
16,0.2,30.0,0.26,0
16,0.2,30.0,0.28,45
16,0.2,30.0,0.3,45
16,0.2,30.0,0.32,90
16,0.2,30.0,0.34,90
16,0.2,30.0,0.36,45
16,0.2,30.0,0.38,135
16,0.2,30.0,0.4,0
16,0.2,30.0,0.42,0
16,0.2,30.0,0.44,0
16,0.2,30.0,0.46,0
16,0.2,30.0,0.48,0
16,0.2,30.0,0.5,0
16,0.2,30.0,0.52,0
16,0.2,30.0,0.54,0
16,0.2,30.0,0.56,135
16,0.2,30.0,0.58,180
16,0.2,30.0,0.6,135
16,0.2,30.0,0.62,0
16,0.2,30.0,0.64,0
16,0.2,30.0,0.66,135
16,0.2,30.0,0.68,135
16,0.2,30.0,0.7000000000000001,0
16,0.2,30.0,0.72,45
16,0.2,30.0,0.74,135
16,0.2,40.0,0.0,0
16,0.2,40.0,0.02,0
16,0.2,40.0,0.04,0
16,0.2,40.0,0.06,45
16,0.2,40.0,0.08,0
16,0.2,40.0,0.1,0
16,0.2,40.0,0.12,0
16,0.2,40.0,0.14,0
16,0.2,40.0,0.16,0
16,0.2,40.0,0.18,0
16,0.2,40.0,0.2,45
16,0.2,40.0,0.22,0
16,0.2,40.0,0.24,0
16,0.2,40.0,0.26,0
16,0.2,40.0,0.28,0
16,0.2,40.0,0.3,45
16,0.2,40.0,0.32,0
16,0.2,40.0,0.34,0
16,0.2,40.0,0.36,0
16,0.2,40.0,0.38,135
16,0.2,40.0,0.4,135
16,0.2,40.0,0.42,135
16,0.2,40.0,0.44,135
16,0.2,40.0,0.46,0
16,0.2,40.0,0.48,0
16,0.2,40.0,0.5,0
16,0.2,40.0,0.52,90
16,0.2,40.0,0.54,90
16,0.2,40.0,0.56,0
16,0.2,40.0,0.58,0
16,0.2,40.0,0.6,0
16,0.2,40.0,0.62,0
16,0.2,40.0,0.64,0
16,0.2,40.0,0.66,0
16,0.2,40.0,0.68,0
16,0.2,40.0,0.7000000000000001,0
16,0.2,40.0,0.72,0
16,0.2,40.0,0.74,0
16,0.2,50.0,0.0,0
16,0.2,50.0,0.02,45
16,0.2,50.0,0.04,0
16,0.2,50.0,0.06,0
16,0.2,50.0,0.08,0
16,0.2,50.0,0.1,0
16,0.2,50.0,0.12,0
16,0.2,50.0,0.14,0
16,0.2,50.0,0.16,0
16,0.2,50.0,0.18,0
16,0.2,50.0,0.2,90
16,0.2,50.0,0.22,180
16,0.2,50.0,0.24,90
16,0.2,50.0,0.26,0
16,0.2,50.0,0.28,0
16,0.2,50.0,0.3,0
16,0.2,50.0,0.32,0
16,0.2,50.0,0.34,45
16,0.2,50.0,0.36,180
16,0.2,50.0,0.38,90
16,0.2,50.0,0.4,90
16,0.2,50.0,0.42,0
16,0.2,50.0,0.44,0
16,0.2,50.0,0.46,0
16,0.2,50.0,0.48,90
16,0.2,50.0,0.5,0
16,0.2,50.0,0.52,0
16,0.2,50.0,0.54,0
16,0.2,50.0,0.56,45
16,0.2,50.0,0.58,0
16,0.2,50.0,0.6,0
16,0.2,50.0,0.62,0
16,0.2,50.0,0.64,0
16,0.2,50.0,0.66,0
16,0.2,50.0,0.68,90
16,0.2,50.0,0.7000000000000001,0
16,0.2,50.0,0.72,0
16,0.2,50.0,0.74,135
16,0.2,100.0,0.0,0
16,0.2,100.0,0.02,180
16,0.2,100.0,0.04,45
16,0.2,100.0,0.06,180
16,0.2,100.0,0.08,0
16,0.2,100.0,0.1,0
16,0.2,100.0,0.12,135
16,0.2,100.0,0.14,135
16,0.2,100.0,0.16,0
16,0.2,100.0,0.18,135
16,0.2,100.0,0.2,180
16,0.2,100.0,0.22,135
16,0.2,100.0,0.24,0
16,0.2,100.0,0.26,0
16,0.2,100.0,0.28,0
16,0.2,100.0,0.3,0
16,0.2,100.0,0.32,135
16,0.2,100.0,0.34,180
16,0.2,100.0,0.36,180
16,0.2,100.0,0.38,135
16,0.2,100.0,0.4,0
16,0.2,100.0,0.42,0
16,0.2,100.0,0.44,0
16,0.2,100.0,0.46,0
16,0.2,100.0,0.48,0
16,0.2,100.0,0.5,0
16,0.2,100.0,0.52,0
16,0.2,100.0,0.54,0
16,0.2,100.0,0.56,0
16,0.2,100.0,0.58,0
16,0.2,100.0,0.6,0
16,0.2,100.0,0.62,135
16,0.2,100.0,0.64,135
16,0.2,100.0,0.66,0
16,0.2,100.0,0.68,0
16,0.2,100.0,0.7000000000000001,0
16,0.2,100.0,0.72,0
16,0.2,100.0,0.74,0
17,0.2,0.0,0.0,0
17,0.2,0.0,0.02,0
17,0.2,0.0,0.04,0
17,0.2,0.0,0.06,0
17,0.2,0.0,0.08,0
17,0.2,0.0,0.1,0
17,0.2,0.0,0.12,0
17,0.2,0.0,0.14,0
17,0.2,0.0,0.16,0
17,0.2,0.0,0.18,0
17,0.2,0.0,0.2,0
17,0.2,0.0,0.22,0
17,0.2,0.0,0.24,0
17,0.2,0.0,0.26,0
17,0.2,0.0,0.28,0
17,0.2,0.0,0.3,0
17,0.2,0.0,0.32,0
17,0.2,0.0,0.34,0
17,0.2,0.0,0.36,0
17,0.2,0.0,0.38,0
17,0.2,0.0,0.4,0
17,0.2,0.0,0.42,0
17,0.2,0.0,0.44,0
17,0.2,0.0,0.46,0
17,0.2,0.0,0.48,0
17,0.2,0.0,0.5,0
17,0.2,0.0,0.52,0
17,0.2,0.0,0.54,0
17,0.2,0.0,0.56,0
17,0.2,0.0,0.58,0
17,0.2,0.0,0.6,0
17,0.2,0.0,0.62,0
17,0.2,0.0,0.64,0
17,0.2,0.0,0.66,0
17,0.2,0.0,0.68,0
17,0.2,0.0,0.7000000000000001,0
17,0.2,0.0,0.72,0
17,0.2,0.0,0.74,0
17,0.2,5.0,0.0,0
17,0.2,5.0,0.02,0
17,0.2,5.0,0.04,0
17,0.2,5.0,0.06,0
17,0.2,5.0,0.08,0
17,0.2,5.0,0.1,0
17,0.2,5.0,0.12,0
17,0.2,5.0,0.14,0
17,0.2,5.0,0.16,0
17,0.2,5.0,0.18,0
17,0.2,5.0,0.2,0
17,0.2,5.0,0.22,0
17,0.2,5.0,0.24,0
17,0.2,5.0,0.26,0
17,0.2,5.0,0.28,0
17,0.2,5.0,0.3,0
17,0.2,5.0,0.32,0
17,0.2,5.0,0.34,0
17,0.2,5.0,0.36,0
17,0.2,5.0,0.38,0
17,0.2,5.0,0.4,0
17,0.2,5.0,0.42,0
17,0.2,5.0,0.44,0
17,0.2,5.0,0.46,0
17,0.2,5.0,0.48,0
17,0.2,5.0,0.5,0
17,0.2,5.0,0.52,0
17,0.2,5.0,0.54,0
17,0.2,5.0,0.56,0
17,0.2,5.0,0.58,0
17,0.2,5.0,0.6,0
17,0.2,5.0,0.62,0
17,0.2,5.0,0.64,135
17,0.2,5.0,0.66,135
17,0.2,5.0,0.68,0
17,0.2,5.0,0.7000000000000001,0
17,0.2,5.0,0.72,0
17,0.2,5.0,0.74,0
17,0.2,10.0,0.0,0
17,0.2,10.0,0.02,0
17,0.2,10.0,0.04,0
17,0.2,10.0,0.06,0
17,0.2,10.0,0.08,0
17,0.2,10.0,0.1,0
17,0.2,10.0,0.12,0
17,0.2,10.0,0.14,0
17,0.2,10.0,0.16,0
17,0.2,10.0,0.18,0
17,0.2,10.0,0.2,0
17,0.2,10.0,0.22,0
17,0.2,10.0,0.24,0
17,0.2,10.0,0.26,0
17,0.2,10.0,0.28,0
17,0.2,10.0,0.3,0
17,0.2,10.0,0.32,0
17,0.2,10.0,0.34,0
17,0.2,10.0,0.36,0
17,0.2,10.0,0.38,0
17,0.2,10.0,0.4,0
17,0.2,10.0,0.42,0
17,0.2,10.0,0.44,0
17,0.2,10.0,0.46,0
17,0.2,10.0,0.48,180
17,0.2,10.0,0.5,135
17,0.2,10.0,0.52,135
17,0.2,10.0,0.54,90
17,0.2,10.0,0.56,0
17,0.2,10.0,0.58,0
17,0.2,10.0,0.6,0
17,0.2,10.0,0.62,0
17,0.2,10.0,0.64,0
17,0.2,10.0,0.66,0
17,0.2,10.0,0.68,0
17,0.2,10.0,0.7000000000000001,0
17,0.2,10.0,0.72,0
17,0.2,10.0,0.74,0
17,0.2,15.0,0.0,0
17,0.2,15.0,0.02,0
17,0.2,15.0,0.04,0
17,0.2,15.0,0.06,0
17,0.2,15.0,0.08,0
17,0.2,15.0,0.1,0
17,0.2,15.0,0.12,0
17,0.2,15.0,0.14,0
17,0.2,15.0,0.16,0
17,0.2,15.0,0.18,0
17,0.2,15.0,0.2,0
17,0.2,15.0,0.22,0
17,0.2,15.0,0.24,0
17,0.2,15.0,0.26,0
17,0.2,15.0,0.28,0
17,0.2,15.0,0.3,0
17,0.2,15.0,0.32,0
17,0.2,15.0,0.34,0
17,0.2,15.0,0.36,0
17,0.2,15.0,0.38,0
17,0.2,15.0,0.4,0
17,0.2,15.0,0.42,0
17,0.2,15.0,0.44,0
17,0.2,15.0,0.46,0
17,0.2,15.0,0.48,0
17,0.2,15.0,0.5,0
17,0.2,15.0,0.52,0
17,0.2,15.0,0.54,0
17,0.2,15.0,0.56,0
17,0.2,15.0,0.58,0
17,0.2,15.0,0.6,0
17,0.2,15.0,0.62,0
17,0.2,15.0,0.64,0
17,0.2,15.0,0.66,0
17,0.2,15.0,0.68,0
17,0.2,15.0,0.7000000000000001,0
17,0.2,15.0,0.72,0
17,0.2,15.0,0.74,0
17,0.2,20.0,0.0,0
17,0.2,20.0,0.02,0
17,0.2,20.0,0.04,0
17,0.2,20.0,0.06,0
17,0.2,20.0,0.08,0
17,0.2,20.0,0.1,0
17,0.2,20.0,0.12,0
17,0.2,20.0,0.14,90
17,0.2,20.0,0.16,90
17,0.2,20.0,0.18,90
17,0.2,20.0,0.2,0
17,0.2,20.0,0.22,0
17,0.2,20.0,0.24,0
17,0.2,20.0,0.26,0
17,0.2,20.0,0.28,0
17,0.2,20.0,0.3,0
17,0.2,20.0,0.32,0
17,0.2,20.0,0.34,0
17,0.2,20.0,0.36,0
17,0.2,20.0,0.38,0
17,0.2,20.0,0.4,0
17,0.2,20.0,0.42,0
17,0.2,20.0,0.44,0
17,0.2,20.0,0.46,0
17,0.2,20.0,0.48,0
17,0.2,20.0,0.5,0
17,0.2,20.0,0.52,0
17,0.2,20.0,0.54,0
17,0.2,20.0,0.56,0
17,0.2,20.0,0.58,45
17,0.2,20.0,0.6,135
17,0.2,20.0,0.62,135
17,0.2,20.0,0.64,135
17,0.2,20.0,0.66,180
17,0.2,20.0,0.68,135
17,0.2,20.0,0.7000000000000001,45
17,0.2,20.0,0.72,0
17,0.2,20.0,0.74,0
17,0.2,25.0,0.0,0
17,0.2,25.0,0.02,0
17,0.2,25.0,0.04,0
17,0.2,25.0,0.06,45
17,0.2,25.0,0.08,0
17,0.2,25.0,0.1,0
17,0.2,25.0,0.12,0
17,0.2,25.0,0.14,0
17,0.2,25.0,0.16,0
17,0.2,25.0,0.18,0
17,0.2,25.0,0.2,0
17,0.2,25.0,0.22,0
17,0.2,25.0,0.24,0
17,0.2,25.0,0.26,0
17,0.2,25.0,0.28,0
17,0.2,25.0,0.3,0
17,0.2,25.0,0.32,0
17,0.2,25.0,0.34,45
17,0.2,25.0,0.36,0
17,0.2,25.0,0.38,0
17,0.2,25.0,0.4,0
17,0.2,25.0,0.42,0
17,0.2,25.0,0.44,0
17,0.2,25.0,0.46,0
17,0.2,25.0,0.48,0
17,0.2,25.0,0.5,0
17,0.2,25.0,0.52,0
17,0.2,25.0,0.54,0
17,0.2,25.0,0.56,0
17,0.2,25.0,0.58,0
17,0.2,25.0,0.6,0
17,0.2,25.0,0.62,135
17,0.2,25.0,0.64,135
17,0.2,25.0,0.66,0
17,0.2,25.0,0.68,0
17,0.2,25.0,0.7000000000000001,0
17,0.2,25.0,0.72,0
17,0.2,25.0,0.74,0
17,0.2,30.0,0.0,0
17,0.2,30.0,0.02,0
17,0.2,30.0,0.04,0
17,0.2,30.0,0.06,0
17,0.2,30.0,0.08,90
17,0.2,30.0,0.1,90
17,0.2,30.0,0.12,0
17,0.2,30.0,0.14,0
17,0.2,30.0,0.16,0
17,0.2,30.0,0.18,45
17,0.2,30.0,0.2,0
17,0.2,30.0,0.22,0
17,0.2,30.0,0.24,0
17,0.2,30.0,0.26,90
17,0.2,30.0,0.28,135
17,0.2,30.0,0.3,90
17,0.2,30.0,0.32,0
17,0.2,30.0,0.34,0
17,0.2,30.0,0.36,0
17,0.2,30.0,0.38,0
17,0.2,30.0,0.4,45
17,0.2,30.0,0.42,0
17,0.2,30.0,0.44,0
17,0.2,30.0,0.46,45
17,0.2,30.0,0.48,90
17,0.2,30.0,0.5,135
17,0.2,30.0,0.52,0
17,0.2,30.0,0.54,0
17,0.2,30.0,0.56,0
17,0.2,30.0,0.58,0
17,0.2,30.0,0.6,0
17,0.2,30.0,0.62,0
17,0.2,30.0,0.64,0
17,0.2,30.0,0.66,0
17,0.2,30.0,0.68,0
17,0.2,30.0,0.7000000000000001,0
17,0.2,30.0,0.72,45
17,0.2,30.0,0.74,0
17,0.2,40.0,0.0,0
17,0.2,40.0,0.02,0
17,0.2,40.0,0.04,0
17,0.2,40.0,0.06,0
17,0.2,40.0,0.08,45
17,0.2,40.0,0.1,45
17,0.2,40.0,0.12,45
17,0.2,40.0,0.14,0
17,0.2,40.0,0.16,0
17,0.2,40.0,0.18,0
17,0.2,40.0,0.2,0
17,0.2,40.0,0.22,0
17,0.2,40.0,0.24,0
17,0.2,40.0,0.26,0
17,0.2,40.0,0.28,0
17,0.2,40.0,0.3,0
17,0.2,40.0,0.32,135
17,0.2,40.0,0.34,135
17,0.2,40.0,0.36,135
17,0.2,40.0,0.38,0
17,0.2,40.0,0.4,0
17,0.2,40.0,0.42,0
17,0.2,40.0,0.44,0
17,0.2,40.0,0.46,0
17,0.2,40.0,0.48,0
17,0.2,40.0,0.5,0
17,0.2,40.0,0.52,135
17,0.2,40.0,0.54,0
17,0.2,40.0,0.56,0
17,0.2,40.0,0.58,0
17,0.2,40.0,0.6,0
17,0.2,40.0,0.62,180
17,0.2,40.0,0.64,135
17,0.2,40.0,0.66,0
17,0.2,40.0,0.68,0
17,0.2,40.0,0.7000000000000001,0
17,0.2,40.0,0.72,0
17,0.2,40.0,0.74,0
17,0.2,50.0,0.0,0
17,0.2,50.0,0.02,90
17,0.2,50.0,0.04,0
17,0.2,50.0,0.06,180
17,0.2,50.0,0.08,135
17,0.2,50.0,0.1,0
17,0.2,50.0,0.12,0
17,0.2,50.0,0.14,0
17,0.2,50.0,0.16,0
17,0.2,50.0,0.18,0
17,0.2,50.0,0.2,45
17,0.2,50.0,0.22,0
17,0.2,50.0,0.24,0
17,0.2,50.0,0.26,0
17,0.2,50.0,0.28,45
17,0.2,50.0,0.3,0
17,0.2,50.0,0.32,0
17,0.2,50.0,0.34,0
17,0.2,50.0,0.36,0
17,0.2,50.0,0.38,0
17,0.2,50.0,0.4,0
17,0.2,50.0,0.42,0
17,0.2,50.0,0.44,0
17,0.2,50.0,0.46,0
17,0.2,50.0,0.48,0
17,0.2,50.0,0.5,0
17,0.2,50.0,0.52,0
17,0.2,50.0,0.54,0
17,0.2,50.0,0.56,0
17,0.2,50.0,0.58,90
17,0.2,50.0,0.6,180
17,0.2,50.0,0.62,0
17,0.2,50.0,0.64,45
17,0.2,50.0,0.66,45
17,0.2,50.0,0.68,0
17,0.2,50.0,0.7000000000000001,180
17,0.2,50.0,0.72,180
17,0.2,50.0,0.74,0
17,0.2,100.0,0.0,0
17,0.2,100.0,0.02,135
17,0.2,100.0,0.04,135
17,0.2,100.0,0.06,180
17,0.2,100.0,0.08,135
17,0.2,100.0,0.1,0
17,0.2,100.0,0.12,0
17,0.2,100.0,0.14,0
17,0.2,100.0,0.16,0
17,0.2,100.0,0.18,180
17,0.2,100.0,0.2,180
17,0.2,100.0,0.22,135
17,0.2,100.0,0.24,135
17,0.2,100.0,0.26,0
17,0.2,100.0,0.28,180
17,0.2,100.0,0.3,90
17,0.2,100.0,0.32,0
17,0.2,100.0,0.34,45
17,0.2,100.0,0.36,45
17,0.2,100.0,0.38,0
17,0.2,100.0,0.4,0
17,0.2,100.0,0.42,180
17,0.2,100.0,0.44,90
17,0.2,100.0,0.46,135
17,0.2,100.0,0.48,135
17,0.2,100.0,0.5,135
17,0.2,100.0,0.52,135
17,0.2,100.0,0.54,0
17,0.2,100.0,0.56,90
17,0.2,100.0,0.58,90
17,0.2,100.0,0.6,135
17,0.2,100.0,0.62,45
17,0.2,100.0,0.64,90
17,0.2,100.0,0.66,45
17,0.2,100.0,0.68,135
17,0.2,100.0,0.7000000000000001,90
17,0.2,100.0,0.72,135
17,0.2,100.0,0.74,135
18,0.2,0.0,0.0,0
18,0.2,0.0,0.02,0
18,0.2,0.0,0.04,0
18,0.2,0.0,0.06,0
18,0.2,0.0,0.08,0
18,0.2,0.0,0.1,0
18,0.2,0.0,0.12,0
18,0.2,0.0,0.14,0
18,0.2,0.0,0.16,0
18,0.2,0.0,0.18,0
18,0.2,0.0,0.2,0
18,0.2,0.0,0.22,0
18,0.2,0.0,0.24,0
18,0.2,0.0,0.26,0
18,0.2,0.0,0.28,0
18,0.2,0.0,0.3,0
18,0.2,0.0,0.32,0
18,0.2,0.0,0.34,0
18,0.2,0.0,0.36,0
18,0.2,0.0,0.38,0
18,0.2,0.0,0.4,0
18,0.2,0.0,0.42,0
18,0.2,0.0,0.44,0
18,0.2,0.0,0.46,0
18,0.2,0.0,0.48,0
18,0.2,0.0,0.5,0
18,0.2,0.0,0.52,0
18,0.2,0.0,0.54,0
18,0.2,0.0,0.56,0
18,0.2,0.0,0.58,0
18,0.2,0.0,0.6,0
18,0.2,0.0,0.62,0
18,0.2,0.0,0.64,0
18,0.2,0.0,0.66,0
18,0.2,0.0,0.68,0
18,0.2,0.0,0.7000000000000001,0
18,0.2,0.0,0.72,0
18,0.2,0.0,0.74,0
18,0.2,5.0,0.0,0
18,0.2,5.0,0.02,0
18,0.2,5.0,0.04,0
18,0.2,5.0,0.06,0
18,0.2,5.0,0.08,0
18,0.2,5.0,0.1,0
18,0.2,5.0,0.12,0
18,0.2,5.0,0.14,0
18,0.2,5.0,0.16,0
18,0.2,5.0,0.18,0
18,0.2,5.0,0.2,0
18,0.2,5.0,0.22,0
18,0.2,5.0,0.24,0
18,0.2,5.0,0.26,0
18,0.2,5.0,0.28,0
18,0.2,5.0,0.3,0
18,0.2,5.0,0.32,0
18,0.2,5.0,0.34,0
18,0.2,5.0,0.36,0
18,0.2,5.0,0.38,0
18,0.2,5.0,0.4,0
18,0.2,5.0,0.42,0
18,0.2,5.0,0.44,0
18,0.2,5.0,0.46,0
18,0.2,5.0,0.48,0
18,0.2,5.0,0.5,0
18,0.2,5.0,0.52,0
18,0.2,5.0,0.54,0
18,0.2,5.0,0.56,0
18,0.2,5.0,0.58,0
18,0.2,5.0,0.6,0
18,0.2,5.0,0.62,0
18,0.2,5.0,0.64,0
18,0.2,5.0,0.66,0
18,0.2,5.0,0.68,0
18,0.2,5.0,0.7000000000000001,0
18,0.2,5.0,0.72,0
18,0.2,5.0,0.74,0
18,0.2,10.0,0.0,0
18,0.2,10.0,0.02,0
18,0.2,10.0,0.04,0
18,0.2,10.0,0.06,0
18,0.2,10.0,0.08,0
18,0.2,10.0,0.1,0
18,0.2,10.0,0.12,0
18,0.2,10.0,0.14,0
18,0.2,10.0,0.16,0
18,0.2,10.0,0.18,0
18,0.2,10.0,0.2,0
18,0.2,10.0,0.22,0
18,0.2,10.0,0.24,90
18,0.2,10.0,0.26,0
18,0.2,10.0,0.28,0
18,0.2,10.0,0.3,0
18,0.2,10.0,0.32,0
18,0.2,10.0,0.34,0
18,0.2,10.0,0.36,0
18,0.2,10.0,0.38,0
18,0.2,10.0,0.4,0
18,0.2,10.0,0.42,0
18,0.2,10.0,0.44,0
18,0.2,10.0,0.46,0
18,0.2,10.0,0.48,0
18,0.2,10.0,0.5,0
18,0.2,10.0,0.52,0
18,0.2,10.0,0.54,0
18,0.2,10.0,0.56,0
18,0.2,10.0,0.58,0
18,0.2,10.0,0.6,0
18,0.2,10.0,0.62,0
18,0.2,10.0,0.64,0
18,0.2,10.0,0.66,0
18,0.2,10.0,0.68,0
18,0.2,10.0,0.7000000000000001,0
18,0.2,10.0,0.72,0
18,0.2,10.0,0.74,0
18,0.2,15.0,0.0,0
18,0.2,15.0,0.02,0
18,0.2,15.0,0.04,0
18,0.2,15.0,0.06,0
18,0.2,15.0,0.08,0
18,0.2,15.0,0.1,0
18,0.2,15.0,0.12,0
18,0.2,15.0,0.14,0
18,0.2,15.0,0.16,45
18,0.2,15.0,0.18,90
18,0.2,15.0,0.2,90
18,0.2,15.0,0.22,0
18,0.2,15.0,0.24,0
18,0.2,15.0,0.26,0
18,0.2,15.0,0.28,0
18,0.2,15.0,0.3,0
18,0.2,15.0,0.32,0
18,0.2,15.0,0.34,0
18,0.2,15.0,0.36,0
18,0.2,15.0,0.38,0
18,0.2,15.0,0.4,0
18,0.2,15.0,0.42,0
18,0.2,15.0,0.44,0
18,0.2,15.0,0.46,0
18,0.2,15.0,0.48,0
18,0.2,15.0,0.5,0
18,0.2,15.0,0.52,0
18,0.2,15.0,0.54,0
18,0.2,15.0,0.56,0
18,0.2,15.0,0.58,0
18,0.2,15.0,0.6,0
18,0.2,15.0,0.62,0
18,0.2,15.0,0.64,0
18,0.2,15.0,0.66,45
18,0.2,15.0,0.68,0
18,0.2,15.0,0.7000000000000001,0
18,0.2,15.0,0.72,180
18,0.2,15.0,0.74,180
18,0.2,20.0,0.0,0
18,0.2,20.0,0.02,0
18,0.2,20.0,0.04,135
18,0.2,20.0,0.06,0
18,0.2,20.0,0.08,45
18,0.2,20.0,0.1,0
18,0.2,20.0,0.12,180
18,0.2,20.0,0.14,135
18,0.2,20.0,0.16,135
18,0.2,20.0,0.18,90
18,0.2,20.0,0.2,135
18,0.2,20.0,0.22,0
18,0.2,20.0,0.24,0
18,0.2,20.0,0.26,0
18,0.2,20.0,0.28,0
18,0.2,20.0,0.3,0
18,0.2,20.0,0.32,0
18,0.2,20.0,0.34,0
18,0.2,20.0,0.36,0
18,0.2,20.0,0.38,0
18,0.2,20.0,0.4,0
18,0.2,20.0,0.42,0
18,0.2,20.0,0.44,0
18,0.2,20.0,0.46,0
18,0.2,20.0,0.48,135
18,0.2,20.0,0.5,90
18,0.2,20.0,0.52,0
18,0.2,20.0,0.54,0
18,0.2,20.0,0.56,0
18,0.2,20.0,0.58,135
18,0.2,20.0,0.6,135
18,0.2,20.0,0.62,135
18,0.2,20.0,0.64,135
18,0.2,20.0,0.66,90
18,0.2,20.0,0.68,0
18,0.2,20.0,0.7000000000000001,0
18,0.2,20.0,0.72,0
18,0.2,20.0,0.74,0
18,0.2,25.0,0.0,0
18,0.2,25.0,0.02,0
18,0.2,25.0,0.04,90
18,0.2,25.0,0.06,0
18,0.2,25.0,0.08,135
18,0.2,25.0,0.1,135
18,0.2,25.0,0.12,135
18,0.2,25.0,0.14,135
18,0.2,25.0,0.16,90
18,0.2,25.0,0.18,0
18,0.2,25.0,0.2,0
18,0.2,25.0,0.22,0
18,0.2,25.0,0.24,0
18,0.2,25.0,0.26,90
18,0.2,25.0,0.28,135
18,0.2,25.0,0.3,135
18,0.2,25.0,0.32,135
18,0.2,25.0,0.34,90
18,0.2,25.0,0.36,0
18,0.2,25.0,0.38,0
18,0.2,25.0,0.4,90
18,0.2,25.0,0.42,0
18,0.2,25.0,0.44,0
18,0.2,25.0,0.46,90
18,0.2,25.0,0.48,135
18,0.2,25.0,0.5,135
18,0.2,25.0,0.52,180
18,0.2,25.0,0.54,180
18,0.2,25.0,0.56,90
18,0.2,25.0,0.58,90
18,0.2,25.0,0.6,90
18,0.2,25.0,0.62,180
18,0.2,25.0,0.64,0
18,0.2,25.0,0.66,0
18,0.2,25.0,0.68,180
18,0.2,25.0,0.7000000000000001,180
18,0.2,25.0,0.72,135
18,0.2,25.0,0.74,135
18,0.2,30.0,0.0,0
18,0.2,30.0,0.02,0
18,0.2,30.0,0.04,135
18,0.2,30.0,0.06,135
18,0.2,30.0,0.08,135
18,0.2,30.0,0.1,180
18,0.2,30.0,0.12,180
18,0.2,30.0,0.14,135
18,0.2,30.0,0.16,135
18,0.2,30.0,0.18,135
18,0.2,30.0,0.2,180
18,0.2,30.0,0.22,135
18,0.2,30.0,0.24,135
18,0.2,30.0,0.26,180
18,0.2,30.0,0.28,0
18,0.2,30.0,0.3,0
18,0.2,30.0,0.32,0
18,0.2,30.0,0.34,0
18,0.2,30.0,0.36,135
18,0.2,30.0,0.38,135
18,0.2,30.0,0.4,135
18,0.2,30.0,0.42,135
18,0.2,30.0,0.44,135
18,0.2,30.0,0.46,0
18,0.2,30.0,0.48,0
18,0.2,30.0,0.5,0
18,0.2,30.0,0.52,0
18,0.2,30.0,0.54,0
18,0.2,30.0,0.56,0
18,0.2,30.0,0.58,0
18,0.2,30.0,0.6,90
18,0.2,30.0,0.62,0
18,0.2,30.0,0.64,0
18,0.2,30.0,0.66,135
18,0.2,30.0,0.68,0
18,0.2,30.0,0.7000000000000001,0
18,0.2,30.0,0.72,0
18,0.2,30.0,0.74,0
18,0.2,40.0,0.0,0
18,0.2,40.0,0.02,135
18,0.2,40.0,0.04,135
18,0.2,40.0,0.06,135
18,0.2,40.0,0.08,180
18,0.2,40.0,0.1,90
18,0.2,40.0,0.12,0
18,0.2,40.0,0.14,0
18,0.2,40.0,0.16,0
18,0.2,40.0,0.18,0
18,0.2,40.0,0.2,135
18,0.2,40.0,0.22,135
18,0.2,40.0,0.24,180
18,0.2,40.0,0.26,0
18,0.2,40.0,0.28,0
18,0.2,40.0,0.3,0
18,0.2,40.0,0.32,0
18,0.2,40.0,0.34,0
18,0.2,40.0,0.36,135
18,0.2,40.0,0.38,0
18,0.2,40.0,0.4,180
18,0.2,40.0,0.42,45
18,0.2,40.0,0.44,0
18,0.2,40.0,0.46,0
18,0.2,40.0,0.48,45
18,0.2,40.0,0.5,45
18,0.2,40.0,0.52,45
18,0.2,40.0,0.54,0
18,0.2,40.0,0.56,0
18,0.2,40.0,0.58,45
18,0.2,40.0,0.6,0
18,0.2,40.0,0.62,0
18,0.2,40.0,0.64,0
18,0.2,40.0,0.66,0
18,0.2,40.0,0.68,0
18,0.2,40.0,0.7000000000000001,0
18,0.2,40.0,0.72,0
18,0.2,40.0,0.74,0
18,0.2,50.0,0.0,0
18,0.2,50.0,0.02,0
18,0.2,50.0,0.04,135
18,0.2,50.0,0.06,135
18,0.2,50.0,0.08,135
18,0.2,50.0,0.1,90
18,0.2,50.0,0.12,135
18,0.2,50.0,0.14,135
18,0.2,50.0,0.16,180
18,0.2,50.0,0.18,0
18,0.2,50.0,0.2,0
18,0.2,50.0,0.22,180
18,0.2,50.0,0.24,135
18,0.2,50.0,0.26,0
18,0.2,50.0,0.28,0
18,0.2,50.0,0.3,0
18,0.2,50.0,0.32,0
18,0.2,50.0,0.34,0
18,0.2,50.0,0.36,0
18,0.2,50.0,0.38,0
18,0.2,50.0,0.4,135
18,0.2,50.0,0.42,135
18,0.2,50.0,0.44,135
18,0.2,50.0,0.46,0
18,0.2,50.0,0.48,0
18,0.2,50.0,0.5,0
18,0.2,50.0,0.52,0
18,0.2,50.0,0.54,0
18,0.2,50.0,0.56,0
18,0.2,50.0,0.58,45
18,0.2,50.0,0.6,0
18,0.2,50.0,0.62,0
18,0.2,50.0,0.64,0
18,0.2,50.0,0.66,0
18,0.2,50.0,0.68,90
18,0.2,50.0,0.7000000000000001,135
18,0.2,50.0,0.72,0
18,0.2,50.0,0.74,0
18,0.2,100.0,0.0,0
18,0.2,100.0,0.02,0
18,0.2,100.0,0.04,0
18,0.2,100.0,0.06,0
18,0.2,100.0,0.08,0
18,0.2,100.0,0.1,0
18,0.2,100.0,0.12,90
18,0.2,100.0,0.14,0
18,0.2,100.0,0.16,90
18,0.2,100.0,0.18,0
18,0.2,100.0,0.2,45
18,0.2,100.0,0.22,90
18,0.2,100.0,0.24,45
18,0.2,100.0,0.26,0
18,0.2,100.0,0.28,45
18,0.2,100.0,0.3,0
18,0.2,100.0,0.32,0
18,0.2,100.0,0.34,135
18,0.2,100.0,0.36,135
18,0.2,100.0,0.38,0
18,0.2,100.0,0.4,0
18,0.2,100.0,0.42,90
18,0.2,100.0,0.44,45
18,0.2,100.0,0.46,0
18,0.2,100.0,0.48,0
18,0.2,100.0,0.5,0
18,0.2,100.0,0.52,0
18,0.2,100.0,0.54,135
18,0.2,100.0,0.56,135
18,0.2,100.0,0.58,135
18,0.2,100.0,0.6,135
18,0.2,100.0,0.62,0
18,0.2,100.0,0.64,0
18,0.2,100.0,0.66,90
18,0.2,100.0,0.68,90
18,0.2,100.0,0.7000000000000001,0
18,0.2,100.0,0.72,0
18,0.2,100.0,0.74,0
19,0.2,0.0,0.0,0
19,0.2,0.0,0.02,0
19,0.2,0.0,0.04,0
19,0.2,0.0,0.06,0
19,0.2,0.0,0.08,0
19,0.2,0.0,0.1,0
19,0.2,0.0,0.12,0
19,0.2,0.0,0.14,0
19,0.2,0.0,0.16,0
19,0.2,0.0,0.18,0
19,0.2,0.0,0.2,0
19,0.2,0.0,0.22,0
19,0.2,0.0,0.24,0
19,0.2,0.0,0.26,0
19,0.2,0.0,0.28,0
19,0.2,0.0,0.3,0
19,0.2,0.0,0.32,0
19,0.2,0.0,0.34,0
19,0.2,0.0,0.36,0
19,0.2,0.0,0.38,0
19,0.2,0.0,0.4,0
19,0.2,0.0,0.42,0
19,0.2,0.0,0.44,0
19,0.2,0.0,0.46,0
19,0.2,0.0,0.48,0
19,0.2,0.0,0.5,0
19,0.2,0.0,0.52,0
19,0.2,0.0,0.54,0
19,0.2,0.0,0.56,0
19,0.2,0.0,0.58,0
19,0.2,0.0,0.6,0
19,0.2,0.0,0.62,0
19,0.2,0.0,0.64,0
19,0.2,0.0,0.66,0
19,0.2,0.0,0.68,0
19,0.2,0.0,0.7000000000000001,0
19,0.2,0.0,0.72,0
19,0.2,0.0,0.74,0
19,0.2,5.0,0.0,0
19,0.2,5.0,0.02,0
19,0.2,5.0,0.04,0
19,0.2,5.0,0.06,0
19,0.2,5.0,0.08,0
19,0.2,5.0,0.1,0
19,0.2,5.0,0.12,0
19,0.2,5.0,0.14,0
19,0.2,5.0,0.16,0
19,0.2,5.0,0.18,0
19,0.2,5.0,0.2,0
19,0.2,5.0,0.22,0
19,0.2,5.0,0.24,0
19,0.2,5.0,0.26,0
19,0.2,5.0,0.28,0
19,0.2,5.0,0.3,0
19,0.2,5.0,0.32,0
19,0.2,5.0,0.34,0
19,0.2,5.0,0.36,0
19,0.2,5.0,0.38,135
19,0.2,5.0,0.4,135
19,0.2,5.0,0.42,135
19,0.2,5.0,0.44,0
19,0.2,5.0,0.46,0
19,0.2,5.0,0.48,0
19,0.2,5.0,0.5,0
19,0.2,5.0,0.52,0
19,0.2,5.0,0.54,0
19,0.2,5.0,0.56,0
19,0.2,5.0,0.58,0
19,0.2,5.0,0.6,0
19,0.2,5.0,0.62,0
19,0.2,5.0,0.64,0
19,0.2,5.0,0.66,0
19,0.2,5.0,0.68,0
19,0.2,5.0,0.7000000000000001,0
19,0.2,5.0,0.72,0
19,0.2,5.0,0.74,0
19,0.2,10.0,0.0,0
19,0.2,10.0,0.02,0
19,0.2,10.0,0.04,0
19,0.2,10.0,0.06,0
19,0.2,10.0,0.08,0
19,0.2,10.0,0.1,0
19,0.2,10.0,0.12,0
19,0.2,10.0,0.14,90
19,0.2,10.0,0.16,0
19,0.2,10.0,0.18,0
19,0.2,10.0,0.2,135
19,0.2,10.0,0.22,135
19,0.2,10.0,0.24,90
19,0.2,10.0,0.26,135
19,0.2,10.0,0.28,135
19,0.2,10.0,0.3,135
19,0.2,10.0,0.32,135
19,0.2,10.0,0.34,90
19,0.2,10.0,0.36,0
19,0.2,10.0,0.38,0
19,0.2,10.0,0.4,0
19,0.2,10.0,0.42,90
19,0.2,10.0,0.44,135
19,0.2,10.0,0.46,135
19,0.2,10.0,0.48,135
19,0.2,10.0,0.5,180
19,0.2,10.0,0.52,135
19,0.2,10.0,0.54,0
19,0.2,10.0,0.56,0
19,0.2,10.0,0.58,45
19,0.2,10.0,0.6,0
19,0.2,10.0,0.62,0
19,0.2,10.0,0.64,0
19,0.2,10.0,0.66,135
19,0.2,10.0,0.68,90
19,0.2,10.0,0.7000000000000001,180
19,0.2,10.0,0.72,180
19,0.2,10.0,0.74,135
19,0.2,15.0,0.0,0
19,0.2,15.0,0.02,0
19,0.2,15.0,0.04,0
19,0.2,15.0,0.06,0
19,0.2,15.0,0.08,0
19,0.2,15.0,0.1,0
19,0.2,15.0,0.12,0
19,0.2,15.0,0.14,0
19,0.2,15.0,0.16,135
19,0.2,15.0,0.18,135
19,0.2,15.0,0.2,0
19,0.2,15.0,0.22,0
19,0.2,15.0,0.24,0
19,0.2,15.0,0.26,0
19,0.2,15.0,0.28,45
19,0.2,15.0,0.3,0
19,0.2,15.0,0.32,0
19,0.2,15.0,0.34,0
19,0.2,15.0,0.36,0
19,0.2,15.0,0.38,0
19,0.2,15.0,0.4,0
19,0.2,15.0,0.42,45
19,0.2,15.0,0.44,0
19,0.2,15.0,0.46,90
19,0.2,15.0,0.48,0
19,0.2,15.0,0.5,0
19,0.2,15.0,0.52,0
19,0.2,15.0,0.54,0
19,0.2,15.0,0.56,0
19,0.2,15.0,0.58,0
19,0.2,15.0,0.6,0
19,0.2,15.0,0.62,45
19,0.2,15.0,0.64,0
19,0.2,15.0,0.66,0
19,0.2,15.0,0.68,90
19,0.2,15.0,0.7000000000000001,0
19,0.2,15.0,0.72,0
19,0.2,15.0,0.74,0
19,0.2,20.0,0.0,0
19,0.2,20.0,0.02,0
19,0.2,20.0,0.04,0
19,0.2,20.0,0.06,0
19,0.2,20.0,0.08,0
19,0.2,20.0,0.1,0
19,0.2,20.0,0.12,0
19,0.2,20.0,0.14,0
19,0.2,20.0,0.16,0
19,0.2,20.0,0.18,0
19,0.2,20.0,0.2,0
19,0.2,20.0,0.22,0
19,0.2,20.0,0.24,0
19,0.2,20.0,0.26,45
19,0.2,20.0,0.28,0
19,0.2,20.0,0.3,0
19,0.2,20.0,0.32,0
19,0.2,20.0,0.34,135
19,0.2,20.0,0.36,135
19,0.2,20.0,0.38,135
19,0.2,20.0,0.4,90
19,0.2,20.0,0.42,90
19,0.2,20.0,0.44,0
19,0.2,20.0,0.46,0
19,0.2,20.0,0.48,90
19,0.2,20.0,0.5,135
19,0.2,20.0,0.52,180
19,0.2,20.0,0.54,0
19,0.2,20.0,0.56,0
19,0.2,20.0,0.58,0
19,0.2,20.0,0.6,0
19,0.2,20.0,0.62,0
19,0.2,20.0,0.64,0
19,0.2,20.0,0.66,180
19,0.2,20.0,0.68,90
19,0.2,20.0,0.7000000000000001,135
19,0.2,20.0,0.72,135
19,0.2,20.0,0.74,90
19,0.2,25.0,0.0,0
19,0.2,25.0,0.02,0
19,0.2,25.0,0.04,0
19,0.2,25.0,0.06,0
19,0.2,25.0,0.08,0
19,0.2,25.0,0.1,0
19,0.2,25.0,0.12,0
19,0.2,25.0,0.14,0
19,0.2,25.0,0.16,0
19,0.2,25.0,0.18,0
19,0.2,25.0,0.2,0
19,0.2,25.0,0.22,0
19,0.2,25.0,0.24,180
19,0.2,25.0,0.26,90
19,0.2,25.0,0.28,0
19,0.2,25.0,0.3,0
19,0.2,25.0,0.32,0
19,0.2,25.0,0.34,0
19,0.2,25.0,0.36,90
19,0.2,25.0,0.38,135
19,0.2,25.0,0.4,0
19,0.2,25.0,0.42,135
19,0.2,25.0,0.44,135
19,0.2,25.0,0.46,135
19,0.2,25.0,0.48,135
19,0.2,25.0,0.5,0
19,0.2,25.0,0.52,0
19,0.2,25.0,0.54,0
19,0.2,25.0,0.56,0
19,0.2,25.0,0.58,0
19,0.2,25.0,0.6,0
19,0.2,25.0,0.62,0
19,0.2,25.0,0.64,135
19,0.2,25.0,0.66,90
19,0.2,25.0,0.68,90
19,0.2,25.0,0.7000000000000001,45
19,0.2,25.0,0.72,0
19,0.2,25.0,0.74,45
19,0.2,30.0,0.0,0
19,0.2,30.0,0.02,0
19,0.2,30.0,0.04,0
19,0.2,30.0,0.06,0
19,0.2,30.0,0.08,0
19,0.2,30.0,0.1,90
19,0.2,30.0,0.12,135
19,0.2,30.0,0.14,135
19,0.2,30.0,0.16,135
19,0.2,30.0,0.18,0
19,0.2,30.0,0.2,0
19,0.2,30.0,0.22,0
19,0.2,30.0,0.24,0
19,0.2,30.0,0.26,0
19,0.2,30.0,0.28,0
19,0.2,30.0,0.3,45
19,0.2,30.0,0.32,0
19,0.2,30.0,0.34,0
19,0.2,30.0,0.36,180
19,0.2,30.0,0.38,180
19,0.2,30.0,0.4,135
19,0.2,30.0,0.42,180
19,0.2,30.0,0.44,135
19,0.2,30.0,0.46,90
19,0.2,30.0,0.48,90
19,0.2,30.0,0.5,0
19,0.2,30.0,0.52,0
19,0.2,30.0,0.54,45
19,0.2,30.0,0.56,0
19,0.2,30.0,0.58,0
19,0.2,30.0,0.6,0
19,0.2,30.0,0.62,180
19,0.2,30.0,0.64,0
19,0.2,30.0,0.66,0
19,0.2,30.0,0.68,0
19,0.2,30.0,0.7000000000000001,0
19,0.2,30.0,0.72,0
19,0.2,30.0,0.74,0
19,0.2,40.0,0.0,0
19,0.2,40.0,0.02,0
19,0.2,40.0,0.04,0
19,0.2,40.0,0.06,0
19,0.2,40.0,0.08,0
19,0.2,40.0,0.1,45
19,0.2,40.0,0.12,0
19,0.2,40.0,0.14,0
19,0.2,40.0,0.16,0
19,0.2,40.0,0.18,0
19,0.2,40.0,0.2,0
19,0.2,40.0,0.22,0
19,0.2,40.0,0.24,0
19,0.2,40.0,0.26,0
19,0.2,40.0,0.28,0
19,0.2,40.0,0.3,135
19,0.2,40.0,0.32,135
19,0.2,40.0,0.34,135
19,0.2,40.0,0.36,0
19,0.2,40.0,0.38,0
19,0.2,40.0,0.4,135
19,0.2,40.0,0.42,135
19,0.2,40.0,0.44,135
19,0.2,40.0,0.46,135
19,0.2,40.0,0.48,135
19,0.2,40.0,0.5,180
19,0.2,40.0,0.52,180
19,0.2,40.0,0.54,135
19,0.2,40.0,0.56,0
19,0.2,40.0,0.58,135
19,0.2,40.0,0.6,135
19,0.2,40.0,0.62,0
19,0.2,40.0,0.64,0
19,0.2,40.0,0.66,0
19,0.2,40.0,0.68,0
19,0.2,40.0,0.7000000000000001,0
19,0.2,40.0,0.72,0
19,0.2,40.0,0.74,0
19,0.2,50.0,0.0,0
19,0.2,50.0,0.02,0
19,0.2,50.0,0.04,0
19,0.2,50.0,0.06,0
19,0.2,50.0,0.08,90
19,0.2,50.0,0.1,0
19,0.2,50.0,0.12,0
19,0.2,50.0,0.14,135
19,0.2,50.0,0.16,180
19,0.2,50.0,0.18,180
19,0.2,50.0,0.2,0
19,0.2,50.0,0.22,135
19,0.2,50.0,0.24,135
19,0.2,50.0,0.26,135
19,0.2,50.0,0.28,180
19,0.2,50.0,0.3,135
19,0.2,50.0,0.32,135
19,0.2,50.0,0.34,135
19,0.2,50.0,0.36,135
19,0.2,50.0,0.38,0
19,0.2,50.0,0.4,0
19,0.2,50.0,0.42,0
19,0.2,50.0,0.44,0
19,0.2,50.0,0.46,0
19,0.2,50.0,0.48,0
19,0.2,50.0,0.5,135
19,0.2,50.0,0.52,135
19,0.2,50.0,0.54,45
19,0.2,50.0,0.56,45
19,0.2,50.0,0.58,0
19,0.2,50.0,0.6,90
19,0.2,50.0,0.62,0
19,0.2,50.0,0.64,0
19,0.2,50.0,0.66,45
19,0.2,50.0,0.68,45
19,0.2,50.0,0.7000000000000001,0
19,0.2,50.0,0.72,0
19,0.2,50.0,0.74,0
19,0.2,100.0,0.0,0
19,0.2,100.0,0.02,0
19,0.2,100.0,0.04,135
19,0.2,100.0,0.06,135
19,0.2,100.0,0.08,90
19,0.2,100.0,0.1,90
19,0.2,100.0,0.12,180
19,0.2,100.0,0.14,0
19,0.2,100.0,0.16,45
19,0.2,100.0,0.18,0
19,0.2,100.0,0.2,90
19,0.2,100.0,0.22,0
19,0.2,100.0,0.24,0
19,0.2,100.0,0.26,0
19,0.2,100.0,0.28,0
19,0.2,100.0,0.3,0
19,0.2,100.0,0.32,0
19,0.2,100.0,0.34,180
19,0.2,100.0,0.36,180
19,0.2,100.0,0.38,0
19,0.2,100.0,0.4,0
19,0.2,100.0,0.42,0
19,0.2,100.0,0.44,135
19,0.2,100.0,0.46,135
19,0.2,100.0,0.48,135
19,0.2,100.0,0.5,0
19,0.2,100.0,0.52,0
19,0.2,100.0,0.54,0
19,0.2,100.0,0.56,45
19,0.2,100.0,0.58,0
19,0.2,100.0,0.6,0
19,0.2,100.0,0.62,0
19,0.2,100.0,0.64,90
19,0.2,100.0,0.66,90
19,0.2,100.0,0.68,135
19,0.2,100.0,0.7000000000000001,180
19,0.2,100.0,0.72,0
19,0.2,100.0,0.74,0
10,0.3,0.0,0.0,0
10,0.3,0.0,0.02,0
10,0.3,0.0,0.04,0
10,0.3,0.0,0.06,0
10,0.3,0.0,0.08,0
10,0.3,0.0,0.1,0
10,0.3,0.0,0.12,0
10,0.3,0.0,0.14,0
10,0.3,0.0,0.16,0
10,0.3,0.0,0.18,0
10,0.3,0.0,0.2,0
10,0.3,0.0,0.22,0
10,0.3,0.0,0.24,0
10,0.3,0.0,0.26,0
10,0.3,0.0,0.28,0
10,0.3,0.0,0.3,0
10,0.3,0.0,0.32,0
10,0.3,0.0,0.34,0
10,0.3,0.0,0.36,0
10,0.3,0.0,0.38,0
10,0.3,0.0,0.4,0
10,0.3,0.0,0.42,0
10,0.3,0.0,0.44,0
10,0.3,0.0,0.46,0
10,0.3,0.0,0.48,0
10,0.3,0.0,0.5,0
10,0.3,0.0,0.52,0
10,0.3,0.0,0.54,0
10,0.3,0.0,0.56,0
10,0.3,0.0,0.58,0
10,0.3,0.0,0.6,0
10,0.3,0.0,0.62,0
10,0.3,0.0,0.64,0
10,0.3,0.0,0.66,0
10,0.3,0.0,0.68,0
10,0.3,0.0,0.7000000000000001,0
10,0.3,0.0,0.72,0
10,0.3,0.0,0.74,0
10,0.3,5.0,0.0,0
10,0.3,5.0,0.02,0
10,0.3,5.0,0.04,0
10,0.3,5.0,0.06,0
10,0.3,5.0,0.08,0
10,0.3,5.0,0.1,0
10,0.3,5.0,0.12,0
10,0.3,5.0,0.14,0
10,0.3,5.0,0.16,0
10,0.3,5.0,0.18,0
10,0.3,5.0,0.2,0
10,0.3,5.0,0.22,0
10,0.3,5.0,0.24,0
10,0.3,5.0,0.26,0
10,0.3,5.0,0.28,0
10,0.3,5.0,0.3,0
10,0.3,5.0,0.32,0
10,0.3,5.0,0.34,0
10,0.3,5.0,0.36,0
10,0.3,5.0,0.38,0
10,0.3,5.0,0.4,0
10,0.3,5.0,0.42,0
10,0.3,5.0,0.44,0
10,0.3,5.0,0.46,0
10,0.3,5.0,0.48,0
10,0.3,5.0,0.5,0
10,0.3,5.0,0.52,0
10,0.3,5.0,0.54,0
10,0.3,5.0,0.56,0
10,0.3,5.0,0.58,0
10,0.3,5.0,0.6,0
10,0.3,5.0,0.62,0
10,0.3,5.0,0.64,0
10,0.3,5.0,0.66,0
10,0.3,5.0,0.68,0
10,0.3,5.0,0.7000000000000001,0
10,0.3,5.0,0.72,0
10,0.3,5.0,0.74,0
10,0.3,10.0,0.0,0
10,0.3,10.0,0.02,0
10,0.3,10.0,0.04,0
10,0.3,10.0,0.06,0
10,0.3,10.0,0.08,0
10,0.3,10.0,0.1,0
10,0.3,10.0,0.12,0
10,0.3,10.0,0.14,0
10,0.3,10.0,0.16,0
10,0.3,10.0,0.18,0
10,0.3,10.0,0.2,0
10,0.3,10.0,0.22,0
10,0.3,10.0,0.24,0
10,0.3,10.0,0.26,0
10,0.3,10.0,0.28,0
10,0.3,10.0,0.3,0
10,0.3,10.0,0.32,0
10,0.3,10.0,0.34,0
10,0.3,10.0,0.36,0
10,0.3,10.0,0.38,0
10,0.3,10.0,0.4,0
10,0.3,10.0,0.42,0
10,0.3,10.0,0.44,0
10,0.3,10.0,0.46,0
10,0.3,10.0,0.48,0
10,0.3,10.0,0.5,0
10,0.3,10.0,0.52,0
10,0.3,10.0,0.54,0
10,0.3,10.0,0.56,0
10,0.3,10.0,0.58,0
10,0.3,10.0,0.6,0
10,0.3,10.0,0.62,0
10,0.3,10.0,0.64,0
10,0.3,10.0,0.66,0
10,0.3,10.0,0.68,0
10,0.3,10.0,0.7000000000000001,0
10,0.3,10.0,0.72,0
10,0.3,10.0,0.74,0
10,0.3,15.0,0.0,0
10,0.3,15.0,0.02,0
10,0.3,15.0,0.04,0
10,0.3,15.0,0.06,0
10,0.3,15.0,0.08,0
10,0.3,15.0,0.1,0
10,0.3,15.0,0.12,0
10,0.3,15.0,0.14,0
10,0.3,15.0,0.16,0
10,0.3,15.0,0.18,0
10,0.3,15.0,0.2,0
10,0.3,15.0,0.22,90
10,0.3,15.0,0.24,135
10,0.3,15.0,0.26,135
10,0.3,15.0,0.28,135
10,0.3,15.0,0.3,135
10,0.3,15.0,0.32,180
10,0.3,15.0,0.34,0
10,0.3,15.0,0.36,0
10,0.3,15.0,0.38,0
10,0.3,15.0,0.4,0
10,0.3,15.0,0.42,0
10,0.3,15.0,0.44,0
10,0.3,15.0,0.46,0
10,0.3,15.0,0.48,0
10,0.3,15.0,0.5,0
10,0.3,15.0,0.52,0
10,0.3,15.0,0.54,0
10,0.3,15.0,0.56,0
10,0.3,15.0,0.58,90
10,0.3,15.0,0.6,135
10,0.3,15.0,0.62,135
10,0.3,15.0,0.64,135
10,0.3,15.0,0.66,0
10,0.3,15.0,0.68,0
10,0.3,15.0,0.7000000000000001,0
10,0.3,15.0,0.72,0
10,0.3,15.0,0.74,0
10,0.3,20.0,0.0,0
10,0.3,20.0,0.02,0
10,0.3,20.0,0.04,0
10,0.3,20.0,0.06,0
10,0.3,20.0,0.08,0
10,0.3,20.0,0.1,0
10,0.3,20.0,0.12,0
10,0.3,20.0,0.14,0
10,0.3,20.0,0.16,0
10,0.3,20.0,0.18,0
10,0.3,20.0,0.2,0
10,0.3,20.0,0.22,0
10,0.3,20.0,0.24,0
10,0.3,20.0,0.26,0
10,0.3,20.0,0.28,0
10,0.3,20.0,0.3,0
10,0.3,20.0,0.32,0
10,0.3,20.0,0.34,0
10,0.3,20.0,0.36,0
10,0.3,20.0,0.38,0
10,0.3,20.0,0.4,0
10,0.3,20.0,0.42,0
10,0.3,20.0,0.44,0
10,0.3,20.0,0.46,0
10,0.3,20.0,0.48,0
10,0.3,20.0,0.5,0
10,0.3,20.0,0.52,0
10,0.3,20.0,0.54,0
10,0.3,20.0,0.56,0
10,0.3,20.0,0.58,0
10,0.3,20.0,0.6,0
10,0.3,20.0,0.62,0
10,0.3,20.0,0.64,0
10,0.3,20.0,0.66,0
10,0.3,20.0,0.68,0
10,0.3,20.0,0.7000000000000001,0
10,0.3,20.0,0.72,0
10,0.3,20.0,0.74,0
10,0.3,25.0,0.0,0
10,0.3,25.0,0.02,0
10,0.3,25.0,0.04,0
10,0.3,25.0,0.06,0
10,0.3,25.0,0.08,0
10,0.3,25.0,0.1,0
10,0.3,25.0,0.12,0
10,0.3,25.0,0.14,0
10,0.3,25.0,0.16,0
10,0.3,25.0,0.18,0
10,0.3,25.0,0.2,0
10,0.3,25.0,0.22,0
10,0.3,25.0,0.24,0
10,0.3,25.0,0.26,0
10,0.3,25.0,0.28,0
10,0.3,25.0,0.3,0
10,0.3,25.0,0.32,0
10,0.3,25.0,0.34,0
10,0.3,25.0,0.36,0
10,0.3,25.0,0.38,0
10,0.3,25.0,0.4,0
10,0.3,25.0,0.42,0
10,0.3,25.0,0.44,90
10,0.3,25.0,0.46,90
10,0.3,25.0,0.48,0
10,0.3,25.0,0.5,0
10,0.3,25.0,0.52,0
10,0.3,25.0,0.54,0
10,0.3,25.0,0.56,0
10,0.3,25.0,0.58,0
10,0.3,25.0,0.6,0
10,0.3,25.0,0.62,0
10,0.3,25.0,0.64,0
10,0.3,25.0,0.66,0
10,0.3,25.0,0.68,45
10,0.3,25.0,0.7000000000000001,0
10,0.3,25.0,0.72,45
10,0.3,25.0,0.74,45
10,0.3,30.0,0.0,0
10,0.3,30.0,0.02,0
10,0.3,30.0,0.04,0
10,0.3,30.0,0.06,0
10,0.3,30.0,0.08,0
10,0.3,30.0,0.1,0
10,0.3,30.0,0.12,0
10,0.3,30.0,0.14,0
10,0.3,30.0,0.16,0
10,0.3,30.0,0.18,0
10,0.3,30.0,0.2,0
10,0.3,30.0,0.22,0
10,0.3,30.0,0.24,0
10,0.3,30.0,0.26,0
10,0.3,30.0,0.28,0
10,0.3,30.0,0.3,0
10,0.3,30.0,0.32,90
10,0.3,30.0,0.34,90
10,0.3,30.0,0.36,135
10,0.3,30.0,0.38,135
10,0.3,30.0,0.4,135
10,0.3,30.0,0.42,0
10,0.3,30.0,0.44,0
10,0.3,30.0,0.46,0
10,0.3,30.0,0.48,45
10,0.3,30.0,0.5,0
10,0.3,30.0,0.52,0
10,0.3,30.0,0.54,90
10,0.3,30.0,0.56,0
10,0.3,30.0,0.58,0
10,0.3,30.0,0.6,0
10,0.3,30.0,0.62,0
10,0.3,30.0,0.64,0
10,0.3,30.0,0.66,0
10,0.3,30.0,0.68,0
10,0.3,30.0,0.7000000000000001,0
10,0.3,30.0,0.72,0
10,0.3,30.0,0.74,0
10,0.3,40.0,0.0,0
10,0.3,40.0,0.02,0
10,0.3,40.0,0.04,0
10,0.3,40.0,0.06,0
10,0.3,40.0,0.08,0
10,0.3,40.0,0.1,0
10,0.3,40.0,0.12,45
10,0.3,40.0,0.14,0
10,0.3,40.0,0.16,0
10,0.3,40.0,0.18,0
10,0.3,40.0,0.2,0
10,0.3,40.0,0.22,0
10,0.3,40.0,0.24,0
10,0.3,40.0,0.26,0
10,0.3,40.0,0.28,0
10,0.3,40.0,0.3,0
10,0.3,40.0,0.32,0
10,0.3,40.0,0.34,0
10,0.3,40.0,0.36,0
10,0.3,40.0,0.38,0
10,0.3,40.0,0.4,0
10,0.3,40.0,0.42,0
10,0.3,40.0,0.44,0
10,0.3,40.0,0.46,0
10,0.3,40.0,0.48,0
10,0.3,40.0,0.5,0
10,0.3,40.0,0.52,0
10,0.3,40.0,0.54,0
10,0.3,40.0,0.56,135
10,0.3,40.0,0.58,135
10,0.3,40.0,0.6,135
10,0.3,40.0,0.62,180
10,0.3,40.0,0.64,135
10,0.3,40.0,0.66,0
10,0.3,40.0,0.68,0
10,0.3,40.0,0.7000000000000001,0
10,0.3,40.0,0.72,0
10,0.3,40.0,0.74,0
10,0.3,50.0,0.0,0
10,0.3,50.0,0.02,0
10,0.3,50.0,0.04,0
10,0.3,50.0,0.06,45
10,0.3,50.0,0.08,0
10,0.3,50.0,0.1,0
10,0.3,50.0,0.12,135
10,0.3,50.0,0.14,135
10,0.3,50.0,0.16,135
10,0.3,50.0,0.18,135
10,0.3,50.0,0.2,135
10,0.3,50.0,0.22,0
10,0.3,50.0,0.24,0
10,0.3,50.0,0.26,0
10,0.3,50.0,0.28,0
10,0.3,50.0,0.3,0
10,0.3,50.0,0.32,0
10,0.3,50.0,0.34,0
10,0.3,50.0,0.36,0
10,0.3,50.0,0.38,0
10,0.3,50.0,0.4,0
10,0.3,50.0,0.42,0
10,0.3,50.0,0.44,0
10,0.3,50.0,0.46,0
10,0.3,50.0,0.48,0
10,0.3,50.0,0.5,0
10,0.3,50.0,0.52,0
10,0.3,50.0,0.54,0
10,0.3,50.0,0.56,0
10,0.3,50.0,0.58,135
10,0.3,50.0,0.6,135
10,0.3,50.0,0.62,180
10,0.3,50.0,0.64,135
10,0.3,50.0,0.66,135
10,0.3,50.0,0.68,0
10,0.3,50.0,0.7000000000000001,0
10,0.3,50.0,0.72,0
10,0.3,50.0,0.74,180
10,0.3,100.0,0.0,0
10,0.3,100.0,0.02,0
10,0.3,100.0,0.04,0
10,0.3,100.0,0.06,0
10,0.3,100.0,0.08,0
10,0.3,100.0,0.1,0
10,0.3,100.0,0.12,0
10,0.3,100.0,0.14,135
10,0.3,100.0,0.16,135
10,0.3,100.0,0.18,135
10,0.3,100.0,0.2,0
10,0.3,100.0,0.22,0
10,0.3,100.0,0.24,0
10,0.3,100.0,0.26,45
10,0.3,100.0,0.28,90
10,0.3,100.0,0.3,90
10,0.3,100.0,0.32,180
10,0.3,100.0,0.34,135
10,0.3,100.0,0.36,0
10,0.3,100.0,0.38,0
10,0.3,100.0,0.4,0
10,0.3,100.0,0.42,135
10,0.3,100.0,0.44,0
10,0.3,100.0,0.46,0
10,0.3,100.0,0.48,0
10,0.3,100.0,0.5,0
10,0.3,100.0,0.52,0
10,0.3,100.0,0.54,0
10,0.3,100.0,0.56,45
10,0.3,100.0,0.58,45
10,0.3,100.0,0.6,180
10,0.3,100.0,0.62,0
10,0.3,100.0,0.64,0
10,0.3,100.0,0.66,0
10,0.3,100.0,0.68,0
10,0.3,100.0,0.7000000000000001,0
10,0.3,100.0,0.72,45
10,0.3,100.0,0.74,45
11,0.3,0.0,0.0,0
11,0.3,0.0,0.02,0
11,0.3,0.0,0.04,0
11,0.3,0.0,0.06,0
11,0.3,0.0,0.08,0
11,0.3,0.0,0.1,0
11,0.3,0.0,0.12,0
11,0.3,0.0,0.14,0
11,0.3,0.0,0.16,0
11,0.3,0.0,0.18,0
11,0.3,0.0,0.2,0
11,0.3,0.0,0.22,0
11,0.3,0.0,0.24,0
11,0.3,0.0,0.26,0
11,0.3,0.0,0.28,0
11,0.3,0.0,0.3,0
11,0.3,0.0,0.32,0
11,0.3,0.0,0.34,0
11,0.3,0.0,0.36,0
11,0.3,0.0,0.38,0
11,0.3,0.0,0.4,0
11,0.3,0.0,0.42,0
11,0.3,0.0,0.44,0
11,0.3,0.0,0.46,0
11,0.3,0.0,0.48,0
11,0.3,0.0,0.5,0
11,0.3,0.0,0.52,0
11,0.3,0.0,0.54,0
11,0.3,0.0,0.56,0
11,0.3,0.0,0.58,0
11,0.3,0.0,0.6,0
11,0.3,0.0,0.62,0
11,0.3,0.0,0.64,0
11,0.3,0.0,0.66,0
11,0.3,0.0,0.68,0
11,0.3,0.0,0.7000000000000001,0
11,0.3,0.0,0.72,0
11,0.3,0.0,0.74,0
11,0.3,5.0,0.0,0
11,0.3,5.0,0.02,0
11,0.3,5.0,0.04,0
11,0.3,5.0,0.06,0
11,0.3,5.0,0.08,0
11,0.3,5.0,0.1,0
11,0.3,5.0,0.12,0
11,0.3,5.0,0.14,0
11,0.3,5.0,0.16,0
11,0.3,5.0,0.18,0
11,0.3,5.0,0.2,0
11,0.3,5.0,0.22,0
11,0.3,5.0,0.24,0
11,0.3,5.0,0.26,0
11,0.3,5.0,0.28,0
11,0.3,5.0,0.3,0
11,0.3,5.0,0.32,0
11,0.3,5.0,0.34,0
11,0.3,5.0,0.36,0
11,0.3,5.0,0.38,0
11,0.3,5.0,0.4,0
11,0.3,5.0,0.42,0
11,0.3,5.0,0.44,0
11,0.3,5.0,0.46,0
11,0.3,5.0,0.48,0
11,0.3,5.0,0.5,0
11,0.3,5.0,0.52,0
11,0.3,5.0,0.54,0
11,0.3,5.0,0.56,0
11,0.3,5.0,0.58,0
11,0.3,5.0,0.6,0
11,0.3,5.0,0.62,0
11,0.3,5.0,0.64,0
11,0.3,5.0,0.66,0
11,0.3,5.0,0.68,0
11,0.3,5.0,0.7000000000000001,0
11,0.3,5.0,0.72,0
11,0.3,5.0,0.74,0
11,0.3,10.0,0.0,0
11,0.3,10.0,0.02,0
11,0.3,10.0,0.04,0
11,0.3,10.0,0.06,0
11,0.3,10.0,0.08,0
11,0.3,10.0,0.1,90
11,0.3,10.0,0.12,90
11,0.3,10.0,0.14,45
11,0.3,10.0,0.16,0
11,0.3,10.0,0.18,0
11,0.3,10.0,0.2,0
11,0.3,10.0,0.22,0
11,0.3,10.0,0.24,0
11,0.3,10.0,0.26,0
11,0.3,10.0,0.28,0
11,0.3,10.0,0.3,0
11,0.3,10.0,0.32,0
11,0.3,10.0,0.34,0
11,0.3,10.0,0.36,0
11,0.3,10.0,0.38,0
11,0.3,10.0,0.4,0
11,0.3,10.0,0.42,0
11,0.3,10.0,0.44,0
11,0.3,10.0,0.46,0
11,0.3,10.0,0.48,0
11,0.3,10.0,0.5,0
11,0.3,10.0,0.52,0
11,0.3,10.0,0.54,0
11,0.3,10.0,0.56,0
11,0.3,10.0,0.58,0
11,0.3,10.0,0.6,0
11,0.3,10.0,0.62,0
11,0.3,10.0,0.64,0
11,0.3,10.0,0.66,0
11,0.3,10.0,0.68,0
11,0.3,10.0,0.7000000000000001,0
11,0.3,10.0,0.72,0
11,0.3,10.0,0.74,0
11,0.3,15.0,0.0,0
11,0.3,15.0,0.02,0
11,0.3,15.0,0.04,135
11,0.3,15.0,0.06,135
11,0.3,15.0,0.08,135
11,0.3,15.0,0.1,135
11,0.3,15.0,0.12,0
11,0.3,15.0,0.14,0
11,0.3,15.0,0.16,0
11,0.3,15.0,0.18,0
11,0.3,15.0,0.2,0
11,0.3,15.0,0.22,0
11,0.3,15.0,0.24,0
11,0.3,15.0,0.26,0
11,0.3,15.0,0.28,0
11,0.3,15.0,0.3,0
11,0.3,15.0,0.32,0
11,0.3,15.0,0.34,0
11,0.3,15.0,0.36,0
11,0.3,15.0,0.38,0
11,0.3,15.0,0.4,0
11,0.3,15.0,0.42,0
11,0.3,15.0,0.44,0
11,0.3,15.0,0.46,0
11,0.3,15.0,0.48,0
11,0.3,15.0,0.5,0
11,0.3,15.0,0.52,0
11,0.3,15.0,0.54,0
11,0.3,15.0,0.56,0
11,0.3,15.0,0.58,0
11,0.3,15.0,0.6,0
11,0.3,15.0,0.62,0
11,0.3,15.0,0.64,0
11,0.3,15.0,0.66,0
11,0.3,15.0,0.68,0
11,0.3,15.0,0.7000000000000001,0
11,0.3,15.0,0.72,0
11,0.3,15.0,0.74,0
11,0.3,20.0,0.0,0
11,0.3,20.0,0.02,0
11,0.3,20.0,0.04,0
11,0.3,20.0,0.06,0
11,0.3,20.0,0.08,0
11,0.3,20.0,0.1,0
11,0.3,20.0,0.12,0
11,0.3,20.0,0.14,0
11,0.3,20.0,0.16,0
11,0.3,20.0,0.18,0
11,0.3,20.0,0.2,0
11,0.3,20.0,0.22,0
11,0.3,20.0,0.24,0
11,0.3,20.0,0.26,0
11,0.3,20.0,0.28,0
11,0.3,20.0,0.3,0
11,0.3,20.0,0.32,0
11,0.3,20.0,0.34,0
11,0.3,20.0,0.36,0
11,0.3,20.0,0.38,0
11,0.3,20.0,0.4,0
11,0.3,20.0,0.42,0
11,0.3,20.0,0.44,0
11,0.3,20.0,0.46,0
11,0.3,20.0,0.48,0
11,0.3,20.0,0.5,0
11,0.3,20.0,0.52,0
11,0.3,20.0,0.54,0
11,0.3,20.0,0.56,135
11,0.3,20.0,0.58,135
11,0.3,20.0,0.6,180
11,0.3,20.0,0.62,135
11,0.3,20.0,0.64,135
11,0.3,20.0,0.66,180
11,0.3,20.0,0.68,180
11,0.3,20.0,0.7000000000000001,180
11,0.3,20.0,0.72,180
11,0.3,20.0,0.74,180
11,0.3,25.0,0.0,0
11,0.3,25.0,0.02,0
11,0.3,25.0,0.04,0
11,0.3,25.0,0.06,0
11,0.3,25.0,0.08,0
11,0.3,25.0,0.1,0
11,0.3,25.0,0.12,0
11,0.3,25.0,0.14,0
11,0.3,25.0,0.16,0
11,0.3,25.0,0.18,0
11,0.3,25.0,0.2,0
11,0.3,25.0,0.22,0
11,0.3,25.0,0.24,0
11,0.3,25.0,0.26,0
11,0.3,25.0,0.28,0
11,0.3,25.0,0.3,0
11,0.3,25.0,0.32,0
11,0.3,25.0,0.34,0
11,0.3,25.0,0.36,0
11,0.3,25.0,0.38,0
11,0.3,25.0,0.4,0
11,0.3,25.0,0.42,0
11,0.3,25.0,0.44,0
11,0.3,25.0,0.46,0
11,0.3,25.0,0.48,0
11,0.3,25.0,0.5,0
11,0.3,25.0,0.52,0
11,0.3,25.0,0.54,0
11,0.3,25.0,0.56,0
11,0.3,25.0,0.58,0
11,0.3,25.0,0.6,0
11,0.3,25.0,0.62,0
11,0.3,25.0,0.64,0
11,0.3,25.0,0.66,0
11,0.3,25.0,0.68,0
11,0.3,25.0,0.7000000000000001,0
11,0.3,25.0,0.72,0
11,0.3,25.0,0.74,0
11,0.3,30.0,0.0,0
11,0.3,30.0,0.02,0
11,0.3,30.0,0.04,0
11,0.3,30.0,0.06,0
11,0.3,30.0,0.08,135
11,0.3,30.0,0.1,0
11,0.3,30.0,0.12,0
11,0.3,30.0,0.14,0
11,0.3,30.0,0.16,0
11,0.3,30.0,0.18,0
11,0.3,30.0,0.2,0
11,0.3,30.0,0.22,0
11,0.3,30.0,0.24,0
11,0.3,30.0,0.26,0
11,0.3,30.0,0.28,0
11,0.3,30.0,0.3,0
11,0.3,30.0,0.32,0
11,0.3,30.0,0.34,0
11,0.3,30.0,0.36,90
11,0.3,30.0,0.38,0
11,0.3,30.0,0.4,45
11,0.3,30.0,0.42,0
11,0.3,30.0,0.44,135
11,0.3,30.0,0.46,180
11,0.3,30.0,0.48,135
11,0.3,30.0,0.5,135
11,0.3,30.0,0.52,135
11,0.3,30.0,0.54,90
11,0.3,30.0,0.56,0
11,0.3,30.0,0.58,0
11,0.3,30.0,0.6,0
11,0.3,30.0,0.62,0
11,0.3,30.0,0.64,0
11,0.3,30.0,0.66,0
11,0.3,30.0,0.68,0
11,0.3,30.0,0.7000000000000001,90
11,0.3,30.0,0.72,135
11,0.3,30.0,0.74,135
11,0.3,40.0,0.0,0
11,0.3,40.0,0.02,0
11,0.3,40.0,0.04,0
11,0.3,40.0,0.06,90
11,0.3,40.0,0.08,135
11,0.3,40.0,0.1,90
11,0.3,40.0,0.12,45
11,0.3,40.0,0.14,0
11,0.3,40.0,0.16,0
11,0.3,40.0,0.18,180
11,0.3,40.0,0.2,135
11,0.3,40.0,0.22,135
11,0.3,40.0,0.24,0
11,0.3,40.0,0.26,0
11,0.3,40.0,0.28,0
11,0.3,40.0,0.3,45
11,0.3,40.0,0.32,0
11,0.3,40.0,0.34,0
11,0.3,40.0,0.36,0
11,0.3,40.0,0.38,0
11,0.3,40.0,0.4,0
11,0.3,40.0,0.42,0
11,0.3,40.0,0.44,135
11,0.3,40.0,0.46,135
11,0.3,40.0,0.48,0
11,0.3,40.0,0.5,0
11,0.3,40.0,0.52,0
11,0.3,40.0,0.54,0
11,0.3,40.0,0.56,0
11,0.3,40.0,0.58,0
11,0.3,40.0,0.6,45
11,0.3,40.0,0.62,0
11,0.3,40.0,0.64,0
11,0.3,40.0,0.66,90
11,0.3,40.0,0.68,45
11,0.3,40.0,0.7000000000000001,0
11,0.3,40.0,0.72,0
11,0.3,40.0,0.74,0
11,0.3,50.0,0.0,0
11,0.3,50.0,0.02,0
11,0.3,50.0,0.04,45
11,0.3,50.0,0.06,0
11,0.3,50.0,0.08,0
11,0.3,50.0,0.1,0
11,0.3,50.0,0.12,135
11,0.3,50.0,0.14,0
11,0.3,50.0,0.16,135
11,0.3,50.0,0.18,180
11,0.3,50.0,0.2,0
11,0.3,50.0,0.22,45
11,0.3,50.0,0.24,135
11,0.3,50.0,0.26,180
11,0.3,50.0,0.28,0
11,0.3,50.0,0.3,0
11,0.3,50.0,0.32,0
11,0.3,50.0,0.34,0
11,0.3,50.0,0.36,0
11,0.3,50.0,0.38,0
11,0.3,50.0,0.4,0
11,0.3,50.0,0.42,0
11,0.3,50.0,0.44,0
11,0.3,50.0,0.46,0
11,0.3,50.0,0.48,90
11,0.3,50.0,0.5,180
11,0.3,50.0,0.52,135
11,0.3,50.0,0.54,135
11,0.3,50.0,0.56,135
11,0.3,50.0,0.58,180
11,0.3,50.0,0.6,180
11,0.3,50.0,0.62,180
11,0.3,50.0,0.64,135
11,0.3,50.0,0.66,135
11,0.3,50.0,0.68,135
11,0.3,50.0,0.7000000000000001,0
11,0.3,50.0,0.72,90
11,0.3,50.0,0.74,90
11,0.3,100.0,0.0,0
11,0.3,100.0,0.02,0
11,0.3,100.0,0.04,0
11,0.3,100.0,0.06,45
11,0.3,100.0,0.08,45
11,0.3,100.0,0.1,45
11,0.3,100.0,0.12,0
11,0.3,100.0,0.14,135
11,0.3,100.0,0.16,135
11,0.3,100.0,0.18,135
11,0.3,100.0,0.2,0
11,0.3,100.0,0.22,0
11,0.3,100.0,0.24,135
11,0.3,100.0,0.26,135
11,0.3,100.0,0.28,0
11,0.3,100.0,0.3,0
11,0.3,100.0,0.32,0
11,0.3,100.0,0.34,0
11,0.3,100.0,0.36,45
11,0.3,100.0,0.38,45
11,0.3,100.0,0.4,135
11,0.3,100.0,0.42,135
11,0.3,100.0,0.44,180
11,0.3,100.0,0.46,135
11,0.3,100.0,0.48,180
11,0.3,100.0,0.5,135
11,0.3,100.0,0.52,135
11,0.3,100.0,0.54,180
11,0.3,100.0,0.56,0
11,0.3,100.0,0.58,0
11,0.3,100.0,0.6,45
11,0.3,100.0,0.62,0
11,0.3,100.0,0.64,45
11,0.3,100.0,0.66,45
11,0.3,100.0,0.68,90
11,0.3,100.0,0.7000000000000001,135
11,0.3,100.0,0.72,90
11,0.3,100.0,0.74,90
12,0.3,0.0,0.0,0
12,0.3,0.0,0.02,0
12,0.3,0.0,0.04,0
12,0.3,0.0,0.06,0
12,0.3,0.0,0.08,0
12,0.3,0.0,0.1,0
12,0.3,0.0,0.12,0
12,0.3,0.0,0.14,0
12,0.3,0.0,0.16,0
12,0.3,0.0,0.18,0
12,0.3,0.0,0.2,0
12,0.3,0.0,0.22,0
12,0.3,0.0,0.24,0
12,0.3,0.0,0.26,0
12,0.3,0.0,0.28,0
12,0.3,0.0,0.3,0
12,0.3,0.0,0.32,0
12,0.3,0.0,0.34,0
12,0.3,0.0,0.36,0
12,0.3,0.0,0.38,0
12,0.3,0.0,0.4,0
12,0.3,0.0,0.42,0
12,0.3,0.0,0.44,0
12,0.3,0.0,0.46,0
12,0.3,0.0,0.48,0
12,0.3,0.0,0.5,0
12,0.3,0.0,0.52,0
12,0.3,0.0,0.54,0
12,0.3,0.0,0.56,0
12,0.3,0.0,0.58,0
12,0.3,0.0,0.6,0
12,0.3,0.0,0.62,0
12,0.3,0.0,0.64,0
12,0.3,0.0,0.66,0
12,0.3,0.0,0.68,0
12,0.3,0.0,0.7000000000000001,0
12,0.3,0.0,0.72,0
12,0.3,0.0,0.74,0
12,0.3,5.0,0.0,0
12,0.3,5.0,0.02,0
12,0.3,5.0,0.04,0
12,0.3,5.0,0.06,0
12,0.3,5.0,0.08,0
12,0.3,5.0,0.1,0
12,0.3,5.0,0.12,45
12,0.3,5.0,0.14,0
12,0.3,5.0,0.16,0
12,0.3,5.0,0.18,0
12,0.3,5.0,0.2,0
12,0.3,5.0,0.22,0
12,0.3,5.0,0.24,0
12,0.3,5.0,0.26,0
12,0.3,5.0,0.28,0
12,0.3,5.0,0.3,0
12,0.3,5.0,0.32,0
12,0.3,5.0,0.34,0
12,0.3,5.0,0.36,0
12,0.3,5.0,0.38,0
12,0.3,5.0,0.4,0
12,0.3,5.0,0.42,0
12,0.3,5.0,0.44,0
12,0.3,5.0,0.46,0
12,0.3,5.0,0.48,0
12,0.3,5.0,0.5,0
12,0.3,5.0,0.52,0
12,0.3,5.0,0.54,0
12,0.3,5.0,0.56,0
12,0.3,5.0,0.58,0
12,0.3,5.0,0.6,0
12,0.3,5.0,0.62,0
12,0.3,5.0,0.64,0
12,0.3,5.0,0.66,0
12,0.3,5.0,0.68,0
12,0.3,5.0,0.7000000000000001,0
12,0.3,5.0,0.72,0
12,0.3,5.0,0.74,0
12,0.3,10.0,0.0,0
12,0.3,10.0,0.02,0
12,0.3,10.0,0.04,0
12,0.3,10.0,0.06,0
12,0.3,10.0,0.08,0
12,0.3,10.0,0.1,0
12,0.3,10.0,0.12,0
12,0.3,10.0,0.14,0
12,0.3,10.0,0.16,0
12,0.3,10.0,0.18,0
12,0.3,10.0,0.2,0
12,0.3,10.0,0.22,0
12,0.3,10.0,0.24,0
12,0.3,10.0,0.26,0
12,0.3,10.0,0.28,0
12,0.3,10.0,0.3,0
12,0.3,10.0,0.32,0
12,0.3,10.0,0.34,0
12,0.3,10.0,0.36,0
12,0.3,10.0,0.38,0
12,0.3,10.0,0.4,0
12,0.3,10.0,0.42,0
12,0.3,10.0,0.44,0
12,0.3,10.0,0.46,0
12,0.3,10.0,0.48,0
12,0.3,10.0,0.5,0
12,0.3,10.0,0.52,0
12,0.3,10.0,0.54,0
12,0.3,10.0,0.56,0
12,0.3,10.0,0.58,0
12,0.3,10.0,0.6,0
12,0.3,10.0,0.62,0
12,0.3,10.0,0.64,0
12,0.3,10.0,0.66,0
12,0.3,10.0,0.68,0
12,0.3,10.0,0.7000000000000001,0
12,0.3,10.0,0.72,0
12,0.3,10.0,0.74,0
12,0.3,15.0,0.0,0
12,0.3,15.0,0.02,0
12,0.3,15.0,0.04,0
12,0.3,15.0,0.06,0
12,0.3,15.0,0.08,0
12,0.3,15.0,0.1,45
12,0.3,15.0,0.12,90
12,0.3,15.0,0.14,0
12,0.3,15.0,0.16,0
12,0.3,15.0,0.18,180
12,0.3,15.0,0.2,135
12,0.3,15.0,0.22,135
12,0.3,15.0,0.24,135
12,0.3,15.0,0.26,135
12,0.3,15.0,0.28,135
12,0.3,15.0,0.3,135
12,0.3,15.0,0.32,135
12,0.3,15.0,0.34,135
12,0.3,15.0,0.36,135
12,0.3,15.0,0.38,90
12,0.3,15.0,0.4,90
12,0.3,15.0,0.42,0
12,0.3,15.0,0.44,135
12,0.3,15.0,0.46,135
12,0.3,15.0,0.48,135
12,0.3,15.0,0.5,135
12,0.3,15.0,0.52,135
12,0.3,15.0,0.54,90
12,0.3,15.0,0.56,0
12,0.3,15.0,0.58,0
12,0.3,15.0,0.6,0
12,0.3,15.0,0.62,90
12,0.3,15.0,0.64,0
12,0.3,15.0,0.66,0
12,0.3,15.0,0.68,0
12,0.3,15.0,0.7000000000000001,0
12,0.3,15.0,0.72,0
12,0.3,15.0,0.74,0
12,0.3,20.0,0.0,0
12,0.3,20.0,0.02,135
12,0.3,20.0,0.04,135
12,0.3,20.0,0.06,90
12,0.3,20.0,0.08,0
12,0.3,20.0,0.1,0
12,0.3,20.0,0.12,0
12,0.3,20.0,0.14,0
12,0.3,20.0,0.16,0
12,0.3,20.0,0.18,0
12,0.3,20.0,0.2,0
12,0.3,20.0,0.22,0
12,0.3,20.0,0.24,0
12,0.3,20.0,0.26,0
12,0.3,20.0,0.28,0
12,0.3,20.0,0.3,0
12,0.3,20.0,0.32,0
12,0.3,20.0,0.34,135
12,0.3,20.0,0.36,135
12,0.3,20.0,0.38,135
12,0.3,20.0,0.4,135
12,0.3,20.0,0.42,135
12,0.3,20.0,0.44,135
12,0.3,20.0,0.46,90
12,0.3,20.0,0.48,0
12,0.3,20.0,0.5,45
12,0.3,20.0,0.52,0
12,0.3,20.0,0.54,0
12,0.3,20.0,0.56,0
12,0.3,20.0,0.58,0
12,0.3,20.0,0.6,0
12,0.3,20.0,0.62,0
12,0.3,20.0,0.64,45
12,0.3,20.0,0.66,90
12,0.3,20.0,0.68,90
12,0.3,20.0,0.7000000000000001,90
12,0.3,20.0,0.72,0
12,0.3,20.0,0.74,0
12,0.3,25.0,0.0,0
12,0.3,25.0,0.02,0
12,0.3,25.0,0.04,0
12,0.3,25.0,0.06,0
12,0.3,25.0,0.08,0
12,0.3,25.0,0.1,0
12,0.3,25.0,0.12,0
12,0.3,25.0,0.14,0
12,0.3,25.0,0.16,180
12,0.3,25.0,0.18,135
12,0.3,25.0,0.2,180
12,0.3,25.0,0.22,135
12,0.3,25.0,0.24,135
12,0.3,25.0,0.26,180
12,0.3,25.0,0.28,135
12,0.3,25.0,0.3,135
12,0.3,25.0,0.32,135
12,0.3,25.0,0.34,0
12,0.3,25.0,0.36,0
12,0.3,25.0,0.38,135
12,0.3,25.0,0.4,180
12,0.3,25.0,0.42,135
12,0.3,25.0,0.44,90
12,0.3,25.0,0.46,0
12,0.3,25.0,0.48,0
12,0.3,25.0,0.5,0
12,0.3,25.0,0.52,0
12,0.3,25.0,0.54,0
12,0.3,25.0,0.56,0
12,0.3,25.0,0.58,0
12,0.3,25.0,0.6,0
12,0.3,25.0,0.62,0
12,0.3,25.0,0.64,0
12,0.3,25.0,0.66,0
12,0.3,25.0,0.68,0
12,0.3,25.0,0.7000000000000001,0
12,0.3,25.0,0.72,0
12,0.3,25.0,0.74,0
12,0.3,30.0,0.0,0
12,0.3,30.0,0.02,0
12,0.3,30.0,0.04,0
12,0.3,30.0,0.06,0
12,0.3,30.0,0.08,0
12,0.3,30.0,0.1,0
12,0.3,30.0,0.12,0
12,0.3,30.0,0.14,0
12,0.3,30.0,0.16,0
12,0.3,30.0,0.18,0
12,0.3,30.0,0.2,0
12,0.3,30.0,0.22,0
12,0.3,30.0,0.24,0
12,0.3,30.0,0.26,0
12,0.3,30.0,0.28,0
12,0.3,30.0,0.3,0
12,0.3,30.0,0.32,0
12,0.3,30.0,0.34,0
12,0.3,30.0,0.36,0
12,0.3,30.0,0.38,0
12,0.3,30.0,0.4,0
12,0.3,30.0,0.42,90
12,0.3,30.0,0.44,90
12,0.3,30.0,0.46,0
12,0.3,30.0,0.48,0
12,0.3,30.0,0.5,0
12,0.3,30.0,0.52,0
12,0.3,30.0,0.54,0
12,0.3,30.0,0.56,0
12,0.3,30.0,0.58,0
12,0.3,30.0,0.6,0
12,0.3,30.0,0.62,0
12,0.3,30.0,0.64,0
12,0.3,30.0,0.66,0
12,0.3,30.0,0.68,0
12,0.3,30.0,0.7000000000000001,0
12,0.3,30.0,0.72,0
12,0.3,30.0,0.74,0
12,0.3,40.0,0.0,0
12,0.3,40.0,0.02,0
12,0.3,40.0,0.04,0
12,0.3,40.0,0.06,0
12,0.3,40.0,0.08,90
12,0.3,40.0,0.1,45
12,0.3,40.0,0.12,0
12,0.3,40.0,0.14,0
12,0.3,40.0,0.16,135
12,0.3,40.0,0.18,135
12,0.3,40.0,0.2,135
12,0.3,40.0,0.22,135
12,0.3,40.0,0.24,135
12,0.3,40.0,0.26,135
12,0.3,40.0,0.28,135
12,0.3,40.0,0.3,180
12,0.3,40.0,0.32,135
12,0.3,40.0,0.34,0
12,0.3,40.0,0.36,135
12,0.3,40.0,0.38,0
12,0.3,40.0,0.4,0
12,0.3,40.0,0.42,0
12,0.3,40.0,0.44,0
12,0.3,40.0,0.46,90
12,0.3,40.0,0.48,0
12,0.3,40.0,0.5,0
12,0.3,40.0,0.52,0
12,0.3,40.0,0.54,0
12,0.3,40.0,0.56,0
12,0.3,40.0,0.58,0
12,0.3,40.0,0.6,0
12,0.3,40.0,0.62,0
12,0.3,40.0,0.64,0
12,0.3,40.0,0.66,0
12,0.3,40.0,0.68,0
12,0.3,40.0,0.7000000000000001,45
12,0.3,40.0,0.72,90
12,0.3,40.0,0.74,0
12,0.3,50.0,0.0,0
12,0.3,50.0,0.02,0
12,0.3,50.0,0.04,90
12,0.3,50.0,0.06,90
12,0.3,50.0,0.08,0
12,0.3,50.0,0.1,0
12,0.3,50.0,0.12,135
12,0.3,50.0,0.14,135
12,0.3,50.0,0.16,135
12,0.3,50.0,0.18,0
12,0.3,50.0,0.2,135
12,0.3,50.0,0.22,135
12,0.3,50.0,0.24,90
12,0.3,50.0,0.26,180
12,0.3,50.0,0.28,135
12,0.3,50.0,0.3,180
12,0.3,50.0,0.32,0
12,0.3,50.0,0.34,0
12,0.3,50.0,0.36,0
12,0.3,50.0,0.38,0
12,0.3,50.0,0.4,0
12,0.3,50.0,0.42,0
12,0.3,50.0,0.44,0
12,0.3,50.0,0.46,0
12,0.3,50.0,0.48,0
12,0.3,50.0,0.5,0
12,0.3,50.0,0.52,0
12,0.3,50.0,0.54,0
12,0.3,50.0,0.56,0
12,0.3,50.0,0.58,0
12,0.3,50.0,0.6,0
12,0.3,50.0,0.62,0
12,0.3,50.0,0.64,0
12,0.3,50.0,0.66,0
12,0.3,50.0,0.68,0
12,0.3,50.0,0.7000000000000001,0
12,0.3,50.0,0.72,0
12,0.3,50.0,0.74,45
12,0.3,100.0,0.0,0
12,0.3,100.0,0.02,90
12,0.3,100.0,0.04,0
12,0.3,100.0,0.06,0
12,0.3,100.0,0.08,135
12,0.3,100.0,0.1,180
12,0.3,100.0,0.12,45
12,0.3,100.0,0.14,0
12,0.3,100.0,0.16,90
12,0.3,100.0,0.18,90
12,0.3,100.0,0.2,90
12,0.3,100.0,0.22,135
12,0.3,100.0,0.24,135
12,0.3,100.0,0.26,135
12,0.3,100.0,0.28,135
12,0.3,100.0,0.3,135
12,0.3,100.0,0.32,135
12,0.3,100.0,0.34,135
12,0.3,100.0,0.36,0
12,0.3,100.0,0.38,90
12,0.3,100.0,0.4,90
12,0.3,100.0,0.42,180
12,0.3,100.0,0.44,180
12,0.3,100.0,0.46,0
12,0.3,100.0,0.48,45
12,0.3,100.0,0.5,0
12,0.3,100.0,0.52,0
12,0.3,100.0,0.54,0
12,0.3,100.0,0.56,0
12,0.3,100.0,0.58,0
12,0.3,100.0,0.6,0
12,0.3,100.0,0.62,0
12,0.3,100.0,0.64,0
12,0.3,100.0,0.66,0
12,0.3,100.0,0.68,45
12,0.3,100.0,0.7000000000000001,45
12,0.3,100.0,0.72,45
12,0.3,100.0,0.74,0
13,0.3,0.0,0.0,0
13,0.3,0.0,0.02,0
13,0.3,0.0,0.04,0
13,0.3,0.0,0.06,0
13,0.3,0.0,0.08,0
13,0.3,0.0,0.1,0
13,0.3,0.0,0.12,0
13,0.3,0.0,0.14,0
13,0.3,0.0,0.16,0
13,0.3,0.0,0.18,0
13,0.3,0.0,0.2,0
13,0.3,0.0,0.22,0
13,0.3,0.0,0.24,0
13,0.3,0.0,0.26,0
13,0.3,0.0,0.28,0
13,0.3,0.0,0.3,0
13,0.3,0.0,0.32,0
13,0.3,0.0,0.34,0
13,0.3,0.0,0.36,0
13,0.3,0.0,0.38,0
13,0.3,0.0,0.4,0
13,0.3,0.0,0.42,0
13,0.3,0.0,0.44,0
13,0.3,0.0,0.46,0
13,0.3,0.0,0.48,0
13,0.3,0.0,0.5,0
13,0.3,0.0,0.52,0
13,0.3,0.0,0.54,0
13,0.3,0.0,0.56,0
13,0.3,0.0,0.58,0
13,0.3,0.0,0.6,0
13,0.3,0.0,0.62,0
13,0.3,0.0,0.64,0
13,0.3,0.0,0.66,0
13,0.3,0.0,0.68,0
13,0.3,0.0,0.7000000000000001,0
13,0.3,0.0,0.72,0
13,0.3,0.0,0.74,0
13,0.3,5.0,0.0,0
13,0.3,5.0,0.02,0
13,0.3,5.0,0.04,0
13,0.3,5.0,0.06,0
13,0.3,5.0,0.08,0
13,0.3,5.0,0.1,0
13,0.3,5.0,0.12,0
13,0.3,5.0,0.14,0
13,0.3,5.0,0.16,0
13,0.3,5.0,0.18,0
13,0.3,5.0,0.2,0
13,0.3,5.0,0.22,0
13,0.3,5.0,0.24,0
13,0.3,5.0,0.26,0
13,0.3,5.0,0.28,0
13,0.3,5.0,0.3,0
13,0.3,5.0,0.32,0
13,0.3,5.0,0.34,0
13,0.3,5.0,0.36,0
13,0.3,5.0,0.38,0
13,0.3,5.0,0.4,0
13,0.3,5.0,0.42,0
13,0.3,5.0,0.44,0
13,0.3,5.0,0.46,0
13,0.3,5.0,0.48,0
13,0.3,5.0,0.5,0
13,0.3,5.0,0.52,0
13,0.3,5.0,0.54,0
13,0.3,5.0,0.56,0
13,0.3,5.0,0.58,0
13,0.3,5.0,0.6,0
13,0.3,5.0,0.62,0
13,0.3,5.0,0.64,0
13,0.3,5.0,0.66,0
13,0.3,5.0,0.68,0
13,0.3,5.0,0.7000000000000001,0
13,0.3,5.0,0.72,0
13,0.3,5.0,0.74,0
13,0.3,10.0,0.0,0
13,0.3,10.0,0.02,0
13,0.3,10.0,0.04,0
13,0.3,10.0,0.06,0
13,0.3,10.0,0.08,0
13,0.3,10.0,0.1,0
13,0.3,10.0,0.12,0
13,0.3,10.0,0.14,0
13,0.3,10.0,0.16,0
13,0.3,10.0,0.18,0
13,0.3,10.0,0.2,0
13,0.3,10.0,0.22,0
13,0.3,10.0,0.24,0
13,0.3,10.0,0.26,0
13,0.3,10.0,0.28,0
13,0.3,10.0,0.3,0
13,0.3,10.0,0.32,0
13,0.3,10.0,0.34,0
13,0.3,10.0,0.36,0
13,0.3,10.0,0.38,0
13,0.3,10.0,0.4,0
13,0.3,10.0,0.42,0
13,0.3,10.0,0.44,0
13,0.3,10.0,0.46,0
13,0.3,10.0,0.48,0
13,0.3,10.0,0.5,0
13,0.3,10.0,0.52,0
13,0.3,10.0,0.54,0
13,0.3,10.0,0.56,0
13,0.3,10.0,0.58,0
13,0.3,10.0,0.6,0
13,0.3,10.0,0.62,0
13,0.3,10.0,0.64,0
13,0.3,10.0,0.66,0
13,0.3,10.0,0.68,0
13,0.3,10.0,0.7000000000000001,0
13,0.3,10.0,0.72,0
13,0.3,10.0,0.74,0
13,0.3,15.0,0.0,0
13,0.3,15.0,0.02,180
13,0.3,15.0,0.04,180
13,0.3,15.0,0.06,180
13,0.3,15.0,0.08,135
13,0.3,15.0,0.1,0
13,0.3,15.0,0.12,0
13,0.3,15.0,0.14,0
13,0.3,15.0,0.16,0
13,0.3,15.0,0.18,0
13,0.3,15.0,0.2,0
13,0.3,15.0,0.22,0
13,0.3,15.0,0.24,0
13,0.3,15.0,0.26,0
13,0.3,15.0,0.28,0
13,0.3,15.0,0.3,0
13,0.3,15.0,0.32,0
13,0.3,15.0,0.34,0
13,0.3,15.0,0.36,0
13,0.3,15.0,0.38,0
13,0.3,15.0,0.4,0
13,0.3,15.0,0.42,0
13,0.3,15.0,0.44,0
13,0.3,15.0,0.46,0
13,0.3,15.0,0.48,0
13,0.3,15.0,0.5,0
13,0.3,15.0,0.52,0
13,0.3,15.0,0.54,0
13,0.3,15.0,0.56,0
13,0.3,15.0,0.58,0
13,0.3,15.0,0.6,0
13,0.3,15.0,0.62,45
13,0.3,15.0,0.64,0
13,0.3,15.0,0.66,0
13,0.3,15.0,0.68,0
13,0.3,15.0,0.7000000000000001,0
13,0.3,15.0,0.72,0
13,0.3,15.0,0.74,0
13,0.3,20.0,0.0,0
13,0.3,20.0,0.02,45
13,0.3,20.0,0.04,0
13,0.3,20.0,0.06,0
13,0.3,20.0,0.08,0
13,0.3,20.0,0.1,0
13,0.3,20.0,0.12,0
13,0.3,20.0,0.14,0
13,0.3,20.0,0.16,0
13,0.3,20.0,0.18,0
13,0.3,20.0,0.2,0
13,0.3,20.0,0.22,0
13,0.3,20.0,0.24,0
13,0.3,20.0,0.26,0
13,0.3,20.0,0.28,0
13,0.3,20.0,0.3,0
13,0.3,20.0,0.32,0
13,0.3,20.0,0.34,0
13,0.3,20.0,0.36,0
13,0.3,20.0,0.38,0
13,0.3,20.0,0.4,0
13,0.3,20.0,0.42,0
13,0.3,20.0,0.44,0
13,0.3,20.0,0.46,0
13,0.3,20.0,0.48,0
13,0.3,20.0,0.5,0
13,0.3,20.0,0.52,0
13,0.3,20.0,0.54,180
13,0.3,20.0,0.56,0
13,0.3,20.0,0.58,0
13,0.3,20.0,0.6,0
13,0.3,20.0,0.62,0
13,0.3,20.0,0.64,0
13,0.3,20.0,0.66,0
13,0.3,20.0,0.68,0
13,0.3,20.0,0.7000000000000001,0
13,0.3,20.0,0.72,90
13,0.3,20.0,0.74,180
13,0.3,25.0,0.0,0
13,0.3,25.0,0.02,0
13,0.3,25.0,0.04,0
13,0.3,25.0,0.06,0
13,0.3,25.0,0.08,0
13,0.3,25.0,0.1,0
13,0.3,25.0,0.12,0
13,0.3,25.0,0.14,0
13,0.3,25.0,0.16,0
13,0.3,25.0,0.18,0
13,0.3,25.0,0.2,0
13,0.3,25.0,0.22,0
13,0.3,25.0,0.24,0
13,0.3,25.0,0.26,0
13,0.3,25.0,0.28,0
13,0.3,25.0,0.3,0
13,0.3,25.0,0.32,0
13,0.3,25.0,0.34,0
13,0.3,25.0,0.36,0
13,0.3,25.0,0.38,90
13,0.3,25.0,0.4,90
13,0.3,25.0,0.42,90
13,0.3,25.0,0.44,90
13,0.3,25.0,0.46,90
13,0.3,25.0,0.48,0
13,0.3,25.0,0.5,0
13,0.3,25.0,0.52,45
13,0.3,25.0,0.54,0
13,0.3,25.0,0.56,0
13,0.3,25.0,0.58,0
13,0.3,25.0,0.6,0
13,0.3,25.0,0.62,0
13,0.3,25.0,0.64,90
13,0.3,25.0,0.66,0
13,0.3,25.0,0.68,0
13,0.3,25.0,0.7000000000000001,0
13,0.3,25.0,0.72,0
13,0.3,25.0,0.74,0
13,0.3,30.0,0.0,0
13,0.3,30.0,0.02,0
13,0.3,30.0,0.04,0
13,0.3,30.0,0.06,0
13,0.3,30.0,0.08,45
13,0.3,30.0,0.1,0
13,0.3,30.0,0.12,0
13,0.3,30.0,0.14,0
13,0.3,30.0,0.16,0
13,0.3,30.0,0.18,0
13,0.3,30.0,0.2,0
13,0.3,30.0,0.22,0
13,0.3,30.0,0.24,0
13,0.3,30.0,0.26,0
13,0.3,30.0,0.28,0
13,0.3,30.0,0.3,0
13,0.3,30.0,0.32,0
13,0.3,30.0,0.34,0
13,0.3,30.0,0.36,0
13,0.3,30.0,0.38,0
13,0.3,30.0,0.4,135
13,0.3,30.0,0.42,135
13,0.3,30.0,0.44,90
13,0.3,30.0,0.46,0
13,0.3,30.0,0.48,0
13,0.3,30.0,0.5,0
13,0.3,30.0,0.52,0
13,0.3,30.0,0.54,0
13,0.3,30.0,0.56,0
13,0.3,30.0,0.58,0
13,0.3,30.0,0.6,0
13,0.3,30.0,0.62,0
13,0.3,30.0,0.64,0
13,0.3,30.0,0.66,0
13,0.3,30.0,0.68,0
13,0.3,30.0,0.7000000000000001,0
13,0.3,30.0,0.72,0
13,0.3,30.0,0.74,0
13,0.3,40.0,0.0,0
13,0.3,40.0,0.02,0
13,0.3,40.0,0.04,0
13,0.3,40.0,0.06,0
13,0.3,40.0,0.08,0
13,0.3,40.0,0.1,0
13,0.3,40.0,0.12,0
13,0.3,40.0,0.14,0
13,0.3,40.0,0.16,0
13,0.3,40.0,0.18,45
13,0.3,40.0,0.2,0
13,0.3,40.0,0.22,0
13,0.3,40.0,0.24,0
13,0.3,40.0,0.26,0
13,0.3,40.0,0.28,0
13,0.3,40.0,0.3,0
13,0.3,40.0,0.32,0
13,0.3,40.0,0.34,0
13,0.3,40.0,0.36,0
13,0.3,40.0,0.38,0
13,0.3,40.0,0.4,0
13,0.3,40.0,0.42,0
13,0.3,40.0,0.44,0
13,0.3,40.0,0.46,0
13,0.3,40.0,0.48,0
13,0.3,40.0,0.5,0
13,0.3,40.0,0.52,0
13,0.3,40.0,0.54,0
13,0.3,40.0,0.56,0
13,0.3,40.0,0.58,0
13,0.3,40.0,0.6,0
13,0.3,40.0,0.62,0
13,0.3,40.0,0.64,0
13,0.3,40.0,0.66,0
13,0.3,40.0,0.68,0
13,0.3,40.0,0.7000000000000001,0
13,0.3,40.0,0.72,0
13,0.3,40.0,0.74,0
13,0.3,50.0,0.0,0
13,0.3,50.0,0.02,0
13,0.3,50.0,0.04,0
13,0.3,50.0,0.06,0
13,0.3,50.0,0.08,0
13,0.3,50.0,0.1,0
13,0.3,50.0,0.12,0
13,0.3,50.0,0.14,0
13,0.3,50.0,0.16,0
13,0.3,50.0,0.18,0
13,0.3,50.0,0.2,135
13,0.3,50.0,0.22,135
13,0.3,50.0,0.24,135
13,0.3,50.0,0.26,180
13,0.3,50.0,0.28,180
13,0.3,50.0,0.3,180
13,0.3,50.0,0.32,135
13,0.3,50.0,0.34,180
13,0.3,50.0,0.36,0
13,0.3,50.0,0.38,0
13,0.3,50.0,0.4,0
13,0.3,50.0,0.42,0
13,0.3,50.0,0.44,0
13,0.3,50.0,0.46,0
13,0.3,50.0,0.48,0
13,0.3,50.0,0.5,0
13,0.3,50.0,0.52,0
13,0.3,50.0,0.54,0
13,0.3,50.0,0.56,45
13,0.3,50.0,0.58,0
13,0.3,50.0,0.6,0
13,0.3,50.0,0.62,0
13,0.3,50.0,0.64,0
13,0.3,50.0,0.66,0
13,0.3,50.0,0.68,0
13,0.3,50.0,0.7000000000000001,0
13,0.3,50.0,0.72,0
13,0.3,50.0,0.74,0
13,0.3,100.0,0.0,0
13,0.3,100.0,0.02,180
13,0.3,100.0,0.04,180
13,0.3,100.0,0.06,180
13,0.3,100.0,0.08,0
13,0.3,100.0,0.1,0
13,0.3,100.0,0.12,0
13,0.3,100.0,0.14,0
13,0.3,100.0,0.16,90
13,0.3,100.0,0.18,0
13,0.3,100.0,0.2,0
13,0.3,100.0,0.22,0
13,0.3,100.0,0.24,135
13,0.3,100.0,0.26,180
13,0.3,100.0,0.28,135
13,0.3,100.0,0.3,180
13,0.3,100.0,0.32,180
13,0.3,100.0,0.34,135
13,0.3,100.0,0.36,0
13,0.3,100.0,0.38,180
13,0.3,100.0,0.4,45
13,0.3,100.0,0.42,45
13,0.3,100.0,0.44,90
13,0.3,100.0,0.46,45
13,0.3,100.0,0.48,45
13,0.3,100.0,0.5,45
13,0.3,100.0,0.52,135
13,0.3,100.0,0.54,180
13,0.3,100.0,0.56,135
13,0.3,100.0,0.58,135
13,0.3,100.0,0.6,90
13,0.3,100.0,0.62,0
13,0.3,100.0,0.64,45
13,0.3,100.0,0.66,0
13,0.3,100.0,0.68,0
13,0.3,100.0,0.7000000000000001,0
13,0.3,100.0,0.72,0
13,0.3,100.0,0.74,90
14,0.3,0.0,0.0,0
14,0.3,0.0,0.02,0
14,0.3,0.0,0.04,0
14,0.3,0.0,0.06,0
14,0.3,0.0,0.08,0
14,0.3,0.0,0.1,0
14,0.3,0.0,0.12,0
14,0.3,0.0,0.14,0
14,0.3,0.0,0.16,0
14,0.3,0.0,0.18,0
14,0.3,0.0,0.2,0
14,0.3,0.0,0.22,0
14,0.3,0.0,0.24,0
14,0.3,0.0,0.26,0
14,0.3,0.0,0.28,0
14,0.3,0.0,0.3,0
14,0.3,0.0,0.32,0
14,0.3,0.0,0.34,0
14,0.3,0.0,0.36,0
14,0.3,0.0,0.38,0
14,0.3,0.0,0.4,0
14,0.3,0.0,0.42,0
14,0.3,0.0,0.44,0
14,0.3,0.0,0.46,0
14,0.3,0.0,0.48,0
14,0.3,0.0,0.5,0
14,0.3,0.0,0.52,0
14,0.3,0.0,0.54,0
14,0.3,0.0,0.56,0
14,0.3,0.0,0.58,0
14,0.3,0.0,0.6,0
14,0.3,0.0,0.62,0
14,0.3,0.0,0.64,0
14,0.3,0.0,0.66,0
14,0.3,0.0,0.68,0
14,0.3,0.0,0.7000000000000001,0
14,0.3,0.0,0.72,0
14,0.3,0.0,0.74,0
14,0.3,5.0,0.0,0
14,0.3,5.0,0.02,0
14,0.3,5.0,0.04,0
14,0.3,5.0,0.06,0
14,0.3,5.0,0.08,0
14,0.3,5.0,0.1,0
14,0.3,5.0,0.12,0
14,0.3,5.0,0.14,0
14,0.3,5.0,0.16,0
14,0.3,5.0,0.18,0
14,0.3,5.0,0.2,0
14,0.3,5.0,0.22,0
14,0.3,5.0,0.24,0
14,0.3,5.0,0.26,0
14,0.3,5.0,0.28,0
14,0.3,5.0,0.3,0
14,0.3,5.0,0.32,0
14,0.3,5.0,0.34,0
14,0.3,5.0,0.36,0
14,0.3,5.0,0.38,0
14,0.3,5.0,0.4,0
14,0.3,5.0,0.42,0
14,0.3,5.0,0.44,0
14,0.3,5.0,0.46,0
14,0.3,5.0,0.48,0
14,0.3,5.0,0.5,0
14,0.3,5.0,0.52,90
14,0.3,5.0,0.54,45
14,0.3,5.0,0.56,0
14,0.3,5.0,0.58,0
14,0.3,5.0,0.6,0
14,0.3,5.0,0.62,0
14,0.3,5.0,0.64,0
14,0.3,5.0,0.66,0
14,0.3,5.0,0.68,0
14,0.3,5.0,0.7000000000000001,0
14,0.3,5.0,0.72,0
14,0.3,5.0,0.74,0
14,0.3,10.0,0.0,0
14,0.3,10.0,0.02,0
14,0.3,10.0,0.04,0
14,0.3,10.0,0.06,0
14,0.3,10.0,0.08,0
14,0.3,10.0,0.1,0
14,0.3,10.0,0.12,0
14,0.3,10.0,0.14,0
14,0.3,10.0,0.16,0
14,0.3,10.0,0.18,0
14,0.3,10.0,0.2,0
14,0.3,10.0,0.22,0
14,0.3,10.0,0.24,0
14,0.3,10.0,0.26,0
14,0.3,10.0,0.28,0
14,0.3,10.0,0.3,0
14,0.3,10.0,0.32,0
14,0.3,10.0,0.34,0
14,0.3,10.0,0.36,0
14,0.3,10.0,0.38,0
14,0.3,10.0,0.4,0
14,0.3,10.0,0.42,0
14,0.3,10.0,0.44,0
14,0.3,10.0,0.46,0
14,0.3,10.0,0.48,0
14,0.3,10.0,0.5,0
14,0.3,10.0,0.52,0
14,0.3,10.0,0.54,0
14,0.3,10.0,0.56,0
14,0.3,10.0,0.58,0
14,0.3,10.0,0.6,0
14,0.3,10.0,0.62,0
14,0.3,10.0,0.64,0
14,0.3,10.0,0.66,0
14,0.3,10.0,0.68,0
14,0.3,10.0,0.7000000000000001,0
14,0.3,10.0,0.72,0
14,0.3,10.0,0.74,0
14,0.3,15.0,0.0,0
14,0.3,15.0,0.02,0
14,0.3,15.0,0.04,0
14,0.3,15.0,0.06,0
14,0.3,15.0,0.08,0
14,0.3,15.0,0.1,0
14,0.3,15.0,0.12,0
14,0.3,15.0,0.14,0
14,0.3,15.0,0.16,0
14,0.3,15.0,0.18,0
14,0.3,15.0,0.2,135
14,0.3,15.0,0.22,90
14,0.3,15.0,0.24,0
14,0.3,15.0,0.26,0
14,0.3,15.0,0.28,0
14,0.3,15.0,0.3,0
14,0.3,15.0,0.32,0
14,0.3,15.0,0.34,0
14,0.3,15.0,0.36,0
14,0.3,15.0,0.38,0
14,0.3,15.0,0.4,90
14,0.3,15.0,0.42,90
14,0.3,15.0,0.44,135
14,0.3,15.0,0.46,180
14,0.3,15.0,0.48,180
14,0.3,15.0,0.5,180
14,0.3,15.0,0.52,135
14,0.3,15.0,0.54,180
14,0.3,15.0,0.56,135
14,0.3,15.0,0.58,135
14,0.3,15.0,0.6,180
14,0.3,15.0,0.62,0
14,0.3,15.0,0.64,0
14,0.3,15.0,0.66,0
14,0.3,15.0,0.68,0
14,0.3,15.0,0.7000000000000001,0
14,0.3,15.0,0.72,0
14,0.3,15.0,0.74,0
14,0.3,20.0,0.0,0
14,0.3,20.0,0.02,0
14,0.3,20.0,0.04,0
14,0.3,20.0,0.06,0
14,0.3,20.0,0.08,0
14,0.3,20.0,0.1,0
14,0.3,20.0,0.12,0
14,0.3,20.0,0.14,0
14,0.3,20.0,0.16,0
14,0.3,20.0,0.18,0
14,0.3,20.0,0.2,0
14,0.3,20.0,0.22,0
14,0.3,20.0,0.24,0
14,0.3,20.0,0.26,0
14,0.3,20.0,0.28,0
14,0.3,20.0,0.3,0
14,0.3,20.0,0.32,0
14,0.3,20.0,0.34,0
14,0.3,20.0,0.36,0
14,0.3,20.0,0.38,0
14,0.3,20.0,0.4,0
14,0.3,20.0,0.42,0
14,0.3,20.0,0.44,0
14,0.3,20.0,0.46,0
14,0.3,20.0,0.48,0
14,0.3,20.0,0.5,0
14,0.3,20.0,0.52,0
14,0.3,20.0,0.54,90
14,0.3,20.0,0.56,0
14,0.3,20.0,0.58,0
14,0.3,20.0,0.6,0
14,0.3,20.0,0.62,0
14,0.3,20.0,0.64,0
14,0.3,20.0,0.66,0
14,0.3,20.0,0.68,0
14,0.3,20.0,0.7000000000000001,0
14,0.3,20.0,0.72,0
14,0.3,20.0,0.74,0
14,0.3,25.0,0.0,0
14,0.3,25.0,0.02,0
14,0.3,25.0,0.04,0
14,0.3,25.0,0.06,0
14,0.3,25.0,0.08,0
14,0.3,25.0,0.1,0
14,0.3,25.0,0.12,0
14,0.3,25.0,0.14,0
14,0.3,25.0,0.16,0
14,0.3,25.0,0.18,0
14,0.3,25.0,0.2,0
14,0.3,25.0,0.22,0
14,0.3,25.0,0.24,0
14,0.3,25.0,0.26,0
14,0.3,25.0,0.28,0
14,0.3,25.0,0.3,0
14,0.3,25.0,0.32,0
14,0.3,25.0,0.34,0
14,0.3,25.0,0.36,0
14,0.3,25.0,0.38,0
14,0.3,25.0,0.4,0
14,0.3,25.0,0.42,0
14,0.3,25.0,0.44,0
14,0.3,25.0,0.46,0
14,0.3,25.0,0.48,0
14,0.3,25.0,0.5,0
14,0.3,25.0,0.52,0
14,0.3,25.0,0.54,0
14,0.3,25.0,0.56,0
14,0.3,25.0,0.58,0
14,0.3,25.0,0.6,0
14,0.3,25.0,0.62,0
14,0.3,25.0,0.64,0
14,0.3,25.0,0.66,0
14,0.3,25.0,0.68,0
14,0.3,25.0,0.7000000000000001,0
14,0.3,25.0,0.72,0
14,0.3,25.0,0.74,0
14,0.3,30.0,0.0,0
14,0.3,30.0,0.02,0
14,0.3,30.0,0.04,135
14,0.3,30.0,0.06,135
14,0.3,30.0,0.08,180
14,0.3,30.0,0.1,135
14,0.3,30.0,0.12,135
14,0.3,30.0,0.14,90
14,0.3,30.0,0.16,90
14,0.3,30.0,0.18,0
14,0.3,30.0,0.2,0
14,0.3,30.0,0.22,90
14,0.3,30.0,0.24,0
14,0.3,30.0,0.26,0
14,0.3,30.0,0.28,0
14,0.3,30.0,0.3,0
14,0.3,30.0,0.32,0
14,0.3,30.0,0.34,90
14,0.3,30.0,0.36,90
14,0.3,30.0,0.38,0
14,0.3,30.0,0.4,0
14,0.3,30.0,0.42,0
14,0.3,30.0,0.44,0
14,0.3,30.0,0.46,0
14,0.3,30.0,0.48,0
14,0.3,30.0,0.5,0
14,0.3,30.0,0.52,0
14,0.3,30.0,0.54,0
14,0.3,30.0,0.56,0
14,0.3,30.0,0.58,0
14,0.3,30.0,0.6,0
14,0.3,30.0,0.62,0
14,0.3,30.0,0.64,0
14,0.3,30.0,0.66,0
14,0.3,30.0,0.68,0
14,0.3,30.0,0.7000000000000001,0
14,0.3,30.0,0.72,0
14,0.3,30.0,0.74,90
14,0.3,40.0,0.0,0
14,0.3,40.0,0.02,0
14,0.3,40.0,0.04,0
14,0.3,40.0,0.06,0
14,0.3,40.0,0.08,0
14,0.3,40.0,0.1,0
14,0.3,40.0,0.12,0
14,0.3,40.0,0.14,0
14,0.3,40.0,0.16,0
14,0.3,40.0,0.18,0
14,0.3,40.0,0.2,0
14,0.3,40.0,0.22,0
14,0.3,40.0,0.24,0
14,0.3,40.0,0.26,0
14,0.3,40.0,0.28,0
14,0.3,40.0,0.3,0
14,0.3,40.0,0.32,0
14,0.3,40.0,0.34,90
14,0.3,40.0,0.36,135
14,0.3,40.0,0.38,0
14,0.3,40.0,0.4,0
14,0.3,40.0,0.42,0
14,0.3,40.0,0.44,0
14,0.3,40.0,0.46,0
14,0.3,40.0,0.48,0
14,0.3,40.0,0.5,0
14,0.3,40.0,0.52,0
14,0.3,40.0,0.54,0
14,0.3,40.0,0.56,0
14,0.3,40.0,0.58,0
14,0.3,40.0,0.6,0
14,0.3,40.0,0.62,0
14,0.3,40.0,0.64,0
14,0.3,40.0,0.66,0
14,0.3,40.0,0.68,0
14,0.3,40.0,0.7000000000000001,0
14,0.3,40.0,0.72,0
14,0.3,40.0,0.74,0
14,0.3,50.0,0.0,0
14,0.3,50.0,0.02,90
14,0.3,50.0,0.04,0
14,0.3,50.0,0.06,0
14,0.3,50.0,0.08,45
14,0.3,50.0,0.1,45
14,0.3,50.0,0.12,90
14,0.3,50.0,0.14,45
14,0.3,50.0,0.16,0
14,0.3,50.0,0.18,135
14,0.3,50.0,0.2,90
14,0.3,50.0,0.22,0
14,0.3,50.0,0.24,90
14,0.3,50.0,0.26,0
14,0.3,50.0,0.28,135
14,0.3,50.0,0.3,45
14,0.3,50.0,0.32,0
14,0.3,50.0,0.34,0
14,0.3,50.0,0.36,0
14,0.3,50.0,0.38,135
14,0.3,50.0,0.4,135
14,0.3,50.0,0.42,135
14,0.3,50.0,0.44,135
14,0.3,50.0,0.46,135
14,0.3,50.0,0.48,0
14,0.3,50.0,0.5,0
14,0.3,50.0,0.52,0
14,0.3,50.0,0.54,0
14,0.3,50.0,0.56,0
14,0.3,50.0,0.58,0
14,0.3,50.0,0.6,0
14,0.3,50.0,0.62,0
14,0.3,50.0,0.64,0
14,0.3,50.0,0.66,0
14,0.3,50.0,0.68,0
14,0.3,50.0,0.7000000000000001,0
14,0.3,50.0,0.72,135
14,0.3,50.0,0.74,135
14,0.3,100.0,0.0,0
14,0.3,100.0,0.02,135
14,0.3,100.0,0.04,90
14,0.3,100.0,0.06,0
14,0.3,100.0,0.08,135
14,0.3,100.0,0.1,135
14,0.3,100.0,0.12,0
14,0.3,100.0,0.14,45
14,0.3,100.0,0.16,135
14,0.3,100.0,0.18,135
14,0.3,100.0,0.2,135
14,0.3,100.0,0.22,90
14,0.3,100.0,0.24,0
14,0.3,100.0,0.26,45
14,0.3,100.0,0.28,45
14,0.3,100.0,0.3,0
14,0.3,100.0,0.32,0
14,0.3,100.0,0.34,0
14,0.3,100.0,0.36,0
14,0.3,100.0,0.38,0
14,0.3,100.0,0.4,45
14,0.3,100.0,0.42,135
14,0.3,100.0,0.44,135
14,0.3,100.0,0.46,135
14,0.3,100.0,0.48,180
14,0.3,100.0,0.5,180
14,0.3,100.0,0.52,180
14,0.3,100.0,0.54,135
14,0.3,100.0,0.56,135
14,0.3,100.0,0.58,180
14,0.3,100.0,0.6,135
14,0.3,100.0,0.62,0
14,0.3,100.0,0.64,0
14,0.3,100.0,0.66,135
14,0.3,100.0,0.68,0
14,0.3,100.0,0.7000000000000001,0
14,0.3,100.0,0.72,0
14,0.3,100.0,0.74,0
15,0.3,0.0,0.0,0
15,0.3,0.0,0.02,0
15,0.3,0.0,0.04,0
15,0.3,0.0,0.06,0
15,0.3,0.0,0.08,0
15,0.3,0.0,0.1,0
15,0.3,0.0,0.12,0
15,0.3,0.0,0.14,0
15,0.3,0.0,0.16,0
15,0.3,0.0,0.18,0
15,0.3,0.0,0.2,0
15,0.3,0.0,0.22,0
15,0.3,0.0,0.24,0
15,0.3,0.0,0.26,0
15,0.3,0.0,0.28,0
15,0.3,0.0,0.3,0
15,0.3,0.0,0.32,0
15,0.3,0.0,0.34,0
15,0.3,0.0,0.36,0
15,0.3,0.0,0.38,0
15,0.3,0.0,0.4,0
15,0.3,0.0,0.42,0
15,0.3,0.0,0.44,0
15,0.3,0.0,0.46,0
15,0.3,0.0,0.48,0
15,0.3,0.0,0.5,0
15,0.3,0.0,0.52,0
15,0.3,0.0,0.54,0
15,0.3,0.0,0.56,0
15,0.3,0.0,0.58,0
15,0.3,0.0,0.6,0
15,0.3,0.0,0.62,0
15,0.3,0.0,0.64,0
15,0.3,0.0,0.66,0
15,0.3,0.0,0.68,0
15,0.3,0.0,0.7000000000000001,0
15,0.3,0.0,0.72,0
15,0.3,0.0,0.74,0
15,0.3,5.0,0.0,0
15,0.3,5.0,0.02,0
15,0.3,5.0,0.04,0
15,0.3,5.0,0.06,0
15,0.3,5.0,0.08,0
15,0.3,5.0,0.1,0
15,0.3,5.0,0.12,0
15,0.3,5.0,0.14,0
15,0.3,5.0,0.16,0
15,0.3,5.0,0.18,0
15,0.3,5.0,0.2,0
15,0.3,5.0,0.22,0
15,0.3,5.0,0.24,0
15,0.3,5.0,0.26,0
15,0.3,5.0,0.28,0
15,0.3,5.0,0.3,0
15,0.3,5.0,0.32,0
15,0.3,5.0,0.34,0
15,0.3,5.0,0.36,0
15,0.3,5.0,0.38,0
15,0.3,5.0,0.4,0
15,0.3,5.0,0.42,0
15,0.3,5.0,0.44,0
15,0.3,5.0,0.46,0
15,0.3,5.0,0.48,0
15,0.3,5.0,0.5,0
15,0.3,5.0,0.52,0
15,0.3,5.0,0.54,0
15,0.3,5.0,0.56,0
15,0.3,5.0,0.58,0
15,0.3,5.0,0.6,0
15,0.3,5.0,0.62,0
15,0.3,5.0,0.64,0
15,0.3,5.0,0.66,0
15,0.3,5.0,0.68,0
15,0.3,5.0,0.7000000000000001,0
15,0.3,5.0,0.72,0
15,0.3,5.0,0.74,0
15,0.3,10.0,0.0,0
15,0.3,10.0,0.02,0
15,0.3,10.0,0.04,0
15,0.3,10.0,0.06,0
15,0.3,10.0,0.08,0
15,0.3,10.0,0.1,90
15,0.3,10.0,0.12,0
15,0.3,10.0,0.14,0
15,0.3,10.0,0.16,0
15,0.3,10.0,0.18,0
15,0.3,10.0,0.2,0
15,0.3,10.0,0.22,0
15,0.3,10.0,0.24,0
15,0.3,10.0,0.26,0
15,0.3,10.0,0.28,0
15,0.3,10.0,0.3,0
15,0.3,10.0,0.32,0
15,0.3,10.0,0.34,0
15,0.3,10.0,0.36,0
15,0.3,10.0,0.38,0
15,0.3,10.0,0.4,0
15,0.3,10.0,0.42,0
15,0.3,10.0,0.44,0
15,0.3,10.0,0.46,0
15,0.3,10.0,0.48,0
15,0.3,10.0,0.5,0
15,0.3,10.0,0.52,0
15,0.3,10.0,0.54,0
15,0.3,10.0,0.56,0
15,0.3,10.0,0.58,135
15,0.3,10.0,0.6,135
15,0.3,10.0,0.62,135
15,0.3,10.0,0.64,135
15,0.3,10.0,0.66,180
15,0.3,10.0,0.68,180
15,0.3,10.0,0.7000000000000001,180
15,0.3,10.0,0.72,135
15,0.3,10.0,0.74,135
15,0.3,15.0,0.0,0
15,0.3,15.0,0.02,45
15,0.3,15.0,0.04,0
15,0.3,15.0,0.06,0
15,0.3,15.0,0.08,0
15,0.3,15.0,0.1,0
15,0.3,15.0,0.12,0
15,0.3,15.0,0.14,0
15,0.3,15.0,0.16,0
15,0.3,15.0,0.18,0
15,0.3,15.0,0.2,0
15,0.3,15.0,0.22,0
15,0.3,15.0,0.24,0
15,0.3,15.0,0.26,90
15,0.3,15.0,0.28,0
15,0.3,15.0,0.3,0
15,0.3,15.0,0.32,0
15,0.3,15.0,0.34,0
15,0.3,15.0,0.36,0
15,0.3,15.0,0.38,0
15,0.3,15.0,0.4,0
15,0.3,15.0,0.42,0
15,0.3,15.0,0.44,0
15,0.3,15.0,0.46,0
15,0.3,15.0,0.48,0
15,0.3,15.0,0.5,0
15,0.3,15.0,0.52,0
15,0.3,15.0,0.54,0
15,0.3,15.0,0.56,0
15,0.3,15.0,0.58,0
15,0.3,15.0,0.6,0
15,0.3,15.0,0.62,0
15,0.3,15.0,0.64,0
15,0.3,15.0,0.66,0
15,0.3,15.0,0.68,135
15,0.3,15.0,0.7000000000000001,90
15,0.3,15.0,0.72,0
15,0.3,15.0,0.74,0
15,0.3,20.0,0.0,0
15,0.3,20.0,0.02,0
15,0.3,20.0,0.04,0
15,0.3,20.0,0.06,0
15,0.3,20.0,0.08,0
15,0.3,20.0,0.1,0
15,0.3,20.0,0.12,0
15,0.3,20.0,0.14,0
15,0.3,20.0,0.16,0
15,0.3,20.0,0.18,0
15,0.3,20.0,0.2,0
15,0.3,20.0,0.22,0
15,0.3,20.0,0.24,0
15,0.3,20.0,0.26,0
15,0.3,20.0,0.28,0
15,0.3,20.0,0.3,0
15,0.3,20.0,0.32,0
15,0.3,20.0,0.34,0
15,0.3,20.0,0.36,0
15,0.3,20.0,0.38,0
15,0.3,20.0,0.4,0
15,0.3,20.0,0.42,90
15,0.3,20.0,0.44,0
15,0.3,20.0,0.46,0
15,0.3,20.0,0.48,0
15,0.3,20.0,0.5,45
15,0.3,20.0,0.52,0
15,0.3,20.0,0.54,0
15,0.3,20.0,0.56,0
15,0.3,20.0,0.58,0
15,0.3,20.0,0.6,0
15,0.3,20.0,0.62,0
15,0.3,20.0,0.64,0
15,0.3,20.0,0.66,0
15,0.3,20.0,0.68,0
15,0.3,20.0,0.7000000000000001,0
15,0.3,20.0,0.72,0
15,0.3,20.0,0.74,0
15,0.3,25.0,0.0,0
15,0.3,25.0,0.02,0
15,0.3,25.0,0.04,0
15,0.3,25.0,0.06,0
15,0.3,25.0,0.08,0
15,0.3,25.0,0.1,0
15,0.3,25.0,0.12,0
15,0.3,25.0,0.14,0
15,0.3,25.0,0.16,0
15,0.3,25.0,0.18,0
15,0.3,25.0,0.2,0
15,0.3,25.0,0.22,0
15,0.3,25.0,0.24,0
15,0.3,25.0,0.26,0
15,0.3,25.0,0.28,0
15,0.3,25.0,0.3,0
15,0.3,25.0,0.32,0
15,0.3,25.0,0.34,0
15,0.3,25.0,0.36,0
15,0.3,25.0,0.38,0
15,0.3,25.0,0.4,0
15,0.3,25.0,0.42,0
15,0.3,25.0,0.44,0
15,0.3,25.0,0.46,0
15,0.3,25.0,0.48,0
15,0.3,25.0,0.5,0
15,0.3,25.0,0.52,0
15,0.3,25.0,0.54,0
15,0.3,25.0,0.56,0
15,0.3,25.0,0.58,0
15,0.3,25.0,0.6,0
15,0.3,25.0,0.62,0
15,0.3,25.0,0.64,0
15,0.3,25.0,0.66,45
15,0.3,25.0,0.68,0
15,0.3,25.0,0.7000000000000001,135
15,0.3,25.0,0.72,135
15,0.3,25.0,0.74,180
15,0.3,30.0,0.0,0
15,0.3,30.0,0.02,0
15,0.3,30.0,0.04,0
15,0.3,30.0,0.06,0
15,0.3,30.0,0.08,0
15,0.3,30.0,0.1,0
15,0.3,30.0,0.12,0
15,0.3,30.0,0.14,0
15,0.3,30.0,0.16,0
15,0.3,30.0,0.18,0
15,0.3,30.0,0.2,45
15,0.3,30.0,0.22,0
15,0.3,30.0,0.24,0
15,0.3,30.0,0.26,0
15,0.3,30.0,0.28,0
15,0.3,30.0,0.3,0
15,0.3,30.0,0.32,0
15,0.3,30.0,0.34,0
15,0.3,30.0,0.36,0
15,0.3,30.0,0.38,180
15,0.3,30.0,0.4,180
15,0.3,30.0,0.42,180
15,0.3,30.0,0.44,0
15,0.3,30.0,0.46,135
15,0.3,30.0,0.48,180
15,0.3,30.0,0.5,135
15,0.3,30.0,0.52,180
15,0.3,30.0,0.54,135
15,0.3,30.0,0.56,135
15,0.3,30.0,0.58,0
15,0.3,30.0,0.6,0
15,0.3,30.0,0.62,135
15,0.3,30.0,0.64,180
15,0.3,30.0,0.66,90
15,0.3,30.0,0.68,90
15,0.3,30.0,0.7000000000000001,0
15,0.3,30.0,0.72,0
15,0.3,30.0,0.74,0
15,0.3,40.0,0.0,0
15,0.3,40.0,0.02,0
15,0.3,40.0,0.04,0
15,0.3,40.0,0.06,0
15,0.3,40.0,0.08,0
15,0.3,40.0,0.1,0
15,0.3,40.0,0.12,0
15,0.3,40.0,0.14,0
15,0.3,40.0,0.16,0
15,0.3,40.0,0.18,0
15,0.3,40.0,0.2,0
15,0.3,40.0,0.22,0
15,0.3,40.0,0.24,0
15,0.3,40.0,0.26,0
15,0.3,40.0,0.28,135
15,0.3,40.0,0.3,0
15,0.3,40.0,0.32,135
15,0.3,40.0,0.34,90
15,0.3,40.0,0.36,90
15,0.3,40.0,0.38,0
15,0.3,40.0,0.4,0
15,0.3,40.0,0.42,0
15,0.3,40.0,0.44,0
15,0.3,40.0,0.46,0
15,0.3,40.0,0.48,0
15,0.3,40.0,0.5,0
15,0.3,40.0,0.52,0
15,0.3,40.0,0.54,0
15,0.3,40.0,0.56,0
15,0.3,40.0,0.58,0
15,0.3,40.0,0.6,0
15,0.3,40.0,0.62,0
15,0.3,40.0,0.64,90
15,0.3,40.0,0.66,135
15,0.3,40.0,0.68,135
15,0.3,40.0,0.7000000000000001,135
15,0.3,40.0,0.72,180
15,0.3,40.0,0.74,135
15,0.3,50.0,0.0,0
15,0.3,50.0,0.02,0
15,0.3,50.0,0.04,135
15,0.3,50.0,0.06,135
15,0.3,50.0,0.08,90
15,0.3,50.0,0.1,0
15,0.3,50.0,0.12,0
15,0.3,50.0,0.14,180
15,0.3,50.0,0.16,135
15,0.3,50.0,0.18,135
15,0.3,50.0,0.2,135
15,0.3,50.0,0.22,0
15,0.3,50.0,0.24,135
15,0.3,50.0,0.26,135
15,0.3,50.0,0.28,180
15,0.3,50.0,0.3,90
15,0.3,50.0,0.32,180
15,0.3,50.0,0.34,135
15,0.3,50.0,0.36,135
15,0.3,50.0,0.38,135
15,0.3,50.0,0.4,90
15,0.3,50.0,0.42,45
15,0.3,50.0,0.44,0
15,0.3,50.0,0.46,90
15,0.3,50.0,0.48,0
15,0.3,50.0,0.5,0
15,0.3,50.0,0.52,0
15,0.3,50.0,0.54,90
15,0.3,50.0,0.56,0
15,0.3,50.0,0.58,0
15,0.3,50.0,0.6,0
15,0.3,50.0,0.62,0
15,0.3,50.0,0.64,0
15,0.3,50.0,0.66,0
15,0.3,50.0,0.68,0
15,0.3,50.0,0.7000000000000001,0
15,0.3,50.0,0.72,0
15,0.3,50.0,0.74,0
15,0.3,100.0,0.0,0
15,0.3,100.0,0.02,0
15,0.3,100.0,0.04,0
15,0.3,100.0,0.06,45
15,0.3,100.0,0.08,0
15,0.3,100.0,0.1,0
15,0.3,100.0,0.12,45
15,0.3,100.0,0.14,0
15,0.3,100.0,0.16,0
15,0.3,100.0,0.18,0
15,0.3,100.0,0.2,0
15,0.3,100.0,0.22,0
15,0.3,100.0,0.24,0
15,0.3,100.0,0.26,0
15,0.3,100.0,0.28,0
15,0.3,100.0,0.3,90
15,0.3,100.0,0.32,0
15,0.3,100.0,0.34,0
15,0.3,100.0,0.36,135
15,0.3,100.0,0.38,90
15,0.3,100.0,0.4,180
15,0.3,100.0,0.42,135
15,0.3,100.0,0.44,90
15,0.3,100.0,0.46,45
15,0.3,100.0,0.48,0
15,0.3,100.0,0.5,0
15,0.3,100.0,0.52,0
15,0.3,100.0,0.54,0
15,0.3,100.0,0.56,0
15,0.3,100.0,0.58,45
15,0.3,100.0,0.6,0
15,0.3,100.0,0.62,135
15,0.3,100.0,0.64,135
15,0.3,100.0,0.66,0
15,0.3,100.0,0.68,0
15,0.3,100.0,0.7000000000000001,135
15,0.3,100.0,0.72,90
15,0.3,100.0,0.74,45
16,0.3,0.0,0.0,0
16,0.3,0.0,0.02,0
16,0.3,0.0,0.04,0
16,0.3,0.0,0.06,0
16,0.3,0.0,0.08,0
16,0.3,0.0,0.1,0
16,0.3,0.0,0.12,0
16,0.3,0.0,0.14,0
16,0.3,0.0,0.16,0
16,0.3,0.0,0.18,0
16,0.3,0.0,0.2,0
16,0.3,0.0,0.22,0
16,0.3,0.0,0.24,0
16,0.3,0.0,0.26,0
16,0.3,0.0,0.28,0
16,0.3,0.0,0.3,0
16,0.3,0.0,0.32,0
16,0.3,0.0,0.34,0
16,0.3,0.0,0.36,0
16,0.3,0.0,0.38,0
16,0.3,0.0,0.4,0
16,0.3,0.0,0.42,0
16,0.3,0.0,0.44,0
16,0.3,0.0,0.46,0
16,0.3,0.0,0.48,0
16,0.3,0.0,0.5,0
16,0.3,0.0,0.52,0
16,0.3,0.0,0.54,0
16,0.3,0.0,0.56,0
16,0.3,0.0,0.58,0
16,0.3,0.0,0.6,0
16,0.3,0.0,0.62,0
16,0.3,0.0,0.64,0
16,0.3,0.0,0.66,0
16,0.3,0.0,0.68,0
16,0.3,0.0,0.7000000000000001,0
16,0.3,0.0,0.72,0
16,0.3,0.0,0.74,0
16,0.3,5.0,0.0,0
16,0.3,5.0,0.02,0
16,0.3,5.0,0.04,0
16,0.3,5.0,0.06,0
16,0.3,5.0,0.08,0
16,0.3,5.0,0.1,0
16,0.3,5.0,0.12,0
16,0.3,5.0,0.14,0
16,0.3,5.0,0.16,0
16,0.3,5.0,0.18,0
16,0.3,5.0,0.2,0
16,0.3,5.0,0.22,0
16,0.3,5.0,0.24,0
16,0.3,5.0,0.26,0
16,0.3,5.0,0.28,0
16,0.3,5.0,0.3,0
16,0.3,5.0,0.32,0
16,0.3,5.0,0.34,0
16,0.3,5.0,0.36,0
16,0.3,5.0,0.38,0
16,0.3,5.0,0.4,0
16,0.3,5.0,0.42,0
16,0.3,5.0,0.44,0
16,0.3,5.0,0.46,0
16,0.3,5.0,0.48,0
16,0.3,5.0,0.5,0
16,0.3,5.0,0.52,0
16,0.3,5.0,0.54,0
16,0.3,5.0,0.56,0
16,0.3,5.0,0.58,0
16,0.3,5.0,0.6,0
16,0.3,5.0,0.62,0
16,0.3,5.0,0.64,0
16,0.3,5.0,0.66,0
16,0.3,5.0,0.68,0
16,0.3,5.0,0.7000000000000001,0
16,0.3,5.0,0.72,0
16,0.3,5.0,0.74,0
16,0.3,10.0,0.0,0
16,0.3,10.0,0.02,0
16,0.3,10.0,0.04,0
16,0.3,10.0,0.06,0
16,0.3,10.0,0.08,0
16,0.3,10.0,0.1,0
16,0.3,10.0,0.12,0
16,0.3,10.0,0.14,0
16,0.3,10.0,0.16,0
16,0.3,10.0,0.18,0
16,0.3,10.0,0.2,0
16,0.3,10.0,0.22,0
16,0.3,10.0,0.24,90
16,0.3,10.0,0.26,90
16,0.3,10.0,0.28,0
16,0.3,10.0,0.3,0
16,0.3,10.0,0.32,0
16,0.3,10.0,0.34,0
16,0.3,10.0,0.36,0
16,0.3,10.0,0.38,0
16,0.3,10.0,0.4,0
16,0.3,10.0,0.42,0
16,0.3,10.0,0.44,0
16,0.3,10.0,0.46,0
16,0.3,10.0,0.48,0
16,0.3,10.0,0.5,0
16,0.3,10.0,0.52,0
16,0.3,10.0,0.54,0
16,0.3,10.0,0.56,0
16,0.3,10.0,0.58,0
16,0.3,10.0,0.6,0
16,0.3,10.0,0.62,0
16,0.3,10.0,0.64,0
16,0.3,10.0,0.66,0
16,0.3,10.0,0.68,0
16,0.3,10.0,0.7000000000000001,0
16,0.3,10.0,0.72,0
16,0.3,10.0,0.74,0
16,0.3,15.0,0.0,0
16,0.3,15.0,0.02,0
16,0.3,15.0,0.04,0
16,0.3,15.0,0.06,0
16,0.3,15.0,0.08,0
16,0.3,15.0,0.1,0
16,0.3,15.0,0.12,0
16,0.3,15.0,0.14,0
16,0.3,15.0,0.16,0
16,0.3,15.0,0.18,0
16,0.3,15.0,0.2,0
16,0.3,15.0,0.22,0
16,0.3,15.0,0.24,0
16,0.3,15.0,0.26,0
16,0.3,15.0,0.28,0
16,0.3,15.0,0.3,0
16,0.3,15.0,0.32,0
16,0.3,15.0,0.34,0
16,0.3,15.0,0.36,0
16,0.3,15.0,0.38,0
16,0.3,15.0,0.4,0
16,0.3,15.0,0.42,0
16,0.3,15.0,0.44,0
16,0.3,15.0,0.46,0
16,0.3,15.0,0.48,0
16,0.3,15.0,0.5,0
16,0.3,15.0,0.52,0
16,0.3,15.0,0.54,0
16,0.3,15.0,0.56,0
16,0.3,15.0,0.58,0
16,0.3,15.0,0.6,0
16,0.3,15.0,0.62,0
16,0.3,15.0,0.64,0
16,0.3,15.0,0.66,0
16,0.3,15.0,0.68,0
16,0.3,15.0,0.7000000000000001,0
16,0.3,15.0,0.72,0
16,0.3,15.0,0.74,0
16,0.3,20.0,0.0,0
16,0.3,20.0,0.02,0
16,0.3,20.0,0.04,0
16,0.3,20.0,0.06,0
16,0.3,20.0,0.08,0
16,0.3,20.0,0.1,0
16,0.3,20.0,0.12,0
16,0.3,20.0,0.14,0
16,0.3,20.0,0.16,0
16,0.3,20.0,0.18,0
16,0.3,20.0,0.2,0
16,0.3,20.0,0.22,0
16,0.3,20.0,0.24,0
16,0.3,20.0,0.26,0
16,0.3,20.0,0.28,0
16,0.3,20.0,0.3,0
16,0.3,20.0,0.32,0
16,0.3,20.0,0.34,0
16,0.3,20.0,0.36,0
16,0.3,20.0,0.38,0
16,0.3,20.0,0.4,0
16,0.3,20.0,0.42,0
16,0.3,20.0,0.44,0
16,0.3,20.0,0.46,0
16,0.3,20.0,0.48,0
16,0.3,20.0,0.5,0
16,0.3,20.0,0.52,0
16,0.3,20.0,0.54,0
16,0.3,20.0,0.56,0
16,0.3,20.0,0.58,0
16,0.3,20.0,0.6,0
16,0.3,20.0,0.62,45
16,0.3,20.0,0.64,0
16,0.3,20.0,0.66,180
16,0.3,20.0,0.68,135
16,0.3,20.0,0.7000000000000001,135
16,0.3,20.0,0.72,135
16,0.3,20.0,0.74,90
16,0.3,25.0,0.0,0
16,0.3,25.0,0.02,180
16,0.3,25.0,0.04,180
16,0.3,25.0,0.06,180
16,0.3,25.0,0.08,0
16,0.3,25.0,0.1,0
16,0.3,25.0,0.12,0
16,0.3,25.0,0.14,0
16,0.3,25.0,0.16,0
16,0.3,25.0,0.18,0
16,0.3,25.0,0.2,0
16,0.3,25.0,0.22,0
16,0.3,25.0,0.24,0
16,0.3,25.0,0.26,0
16,0.3,25.0,0.28,0
16,0.3,25.0,0.3,0
16,0.3,25.0,0.32,0
16,0.3,25.0,0.34,0
16,0.3,25.0,0.36,0
16,0.3,25.0,0.38,0
16,0.3,25.0,0.4,0
16,0.3,25.0,0.42,0
16,0.3,25.0,0.44,0
16,0.3,25.0,0.46,0
16,0.3,25.0,0.48,45
16,0.3,25.0,0.5,0
16,0.3,25.0,0.52,135
16,0.3,25.0,0.54,135
16,0.3,25.0,0.56,90
16,0.3,25.0,0.58,90
16,0.3,25.0,0.6,90
16,0.3,25.0,0.62,90
16,0.3,25.0,0.64,0
16,0.3,25.0,0.66,0
16,0.3,25.0,0.68,0
16,0.3,25.0,0.7000000000000001,0
16,0.3,25.0,0.72,0
16,0.3,25.0,0.74,0
16,0.3,30.0,0.0,0
16,0.3,30.0,0.02,0
16,0.3,30.0,0.04,0
16,0.3,30.0,0.06,0
16,0.3,30.0,0.08,0
16,0.3,30.0,0.1,0
16,0.3,30.0,0.12,0
16,0.3,30.0,0.14,0
16,0.3,30.0,0.16,0
16,0.3,30.0,0.18,0
16,0.3,30.0,0.2,0
16,0.3,30.0,0.22,0
16,0.3,30.0,0.24,45
16,0.3,30.0,0.26,0
16,0.3,30.0,0.28,0
16,0.3,30.0,0.3,0
16,0.3,30.0,0.32,0
16,0.3,30.0,0.34,0
16,0.3,30.0,0.36,0
16,0.3,30.0,0.38,0
16,0.3,30.0,0.4,0
16,0.3,30.0,0.42,0
16,0.3,30.0,0.44,0
16,0.3,30.0,0.46,0
16,0.3,30.0,0.48,45
16,0.3,30.0,0.5,0
16,0.3,30.0,0.52,0
16,0.3,30.0,0.54,0
16,0.3,30.0,0.56,45
16,0.3,30.0,0.58,0
16,0.3,30.0,0.6,0
16,0.3,30.0,0.62,0
16,0.3,30.0,0.64,0
16,0.3,30.0,0.66,0
16,0.3,30.0,0.68,0
16,0.3,30.0,0.7000000000000001,0
16,0.3,30.0,0.72,0
16,0.3,30.0,0.74,0
16,0.3,40.0,0.0,0
16,0.3,40.0,0.02,0
16,0.3,40.0,0.04,0
16,0.3,40.0,0.06,0
16,0.3,40.0,0.08,0
16,0.3,40.0,0.1,0
16,0.3,40.0,0.12,0
16,0.3,40.0,0.14,0
16,0.3,40.0,0.16,0
16,0.3,40.0,0.18,0
16,0.3,40.0,0.2,0
16,0.3,40.0,0.22,0
16,0.3,40.0,0.24,0
16,0.3,40.0,0.26,0
16,0.3,40.0,0.28,0
16,0.3,40.0,0.3,0
16,0.3,40.0,0.32,0
16,0.3,40.0,0.34,0
16,0.3,40.0,0.36,0
16,0.3,40.0,0.38,0
16,0.3,40.0,0.4,0
16,0.3,40.0,0.42,0
16,0.3,40.0,0.44,0
16,0.3,40.0,0.46,0
16,0.3,40.0,0.48,0
16,0.3,40.0,0.5,135
16,0.3,40.0,0.52,45
16,0.3,40.0,0.54,90
16,0.3,40.0,0.56,90
16,0.3,40.0,0.58,90
16,0.3,40.0,0.6,135
16,0.3,40.0,0.62,135
16,0.3,40.0,0.64,135
16,0.3,40.0,0.66,0
16,0.3,40.0,0.68,0
16,0.3,40.0,0.7000000000000001,90
16,0.3,40.0,0.72,0
16,0.3,40.0,0.74,0
16,0.3,50.0,0.0,0
16,0.3,50.0,0.02,0
16,0.3,50.0,0.04,0
16,0.3,50.0,0.06,0
16,0.3,50.0,0.08,0
16,0.3,50.0,0.1,0
16,0.3,50.0,0.12,0
16,0.3,50.0,0.14,0
16,0.3,50.0,0.16,0
16,0.3,50.0,0.18,0
16,0.3,50.0,0.2,0
16,0.3,50.0,0.22,0
16,0.3,50.0,0.24,0
16,0.3,50.0,0.26,0
16,0.3,50.0,0.28,0
16,0.3,50.0,0.3,0
16,0.3,50.0,0.32,0
16,0.3,50.0,0.34,0
16,0.3,50.0,0.36,0
16,0.3,50.0,0.38,135
16,0.3,50.0,0.4,135
16,0.3,50.0,0.42,135
16,0.3,50.0,0.44,135
16,0.3,50.0,0.46,0
16,0.3,50.0,0.48,0
16,0.3,50.0,0.5,45
16,0.3,50.0,0.52,0
16,0.3,50.0,0.54,0
16,0.3,50.0,0.56,0
16,0.3,50.0,0.58,0
16,0.3,50.0,0.6,0
16,0.3,50.0,0.62,0
16,0.3,50.0,0.64,45
16,0.3,50.0,0.66,0
16,0.3,50.0,0.68,0
16,0.3,50.0,0.7000000000000001,0
16,0.3,50.0,0.72,45
16,0.3,50.0,0.74,0
16,0.3,100.0,0.0,0
16,0.3,100.0,0.02,0
16,0.3,100.0,0.04,45
16,0.3,100.0,0.06,45
16,0.3,100.0,0.08,45
16,0.3,100.0,0.1,0
16,0.3,100.0,0.12,0
16,0.3,100.0,0.14,0
16,0.3,100.0,0.16,0
16,0.3,100.0,0.18,0
16,0.3,100.0,0.2,0
16,0.3,100.0,0.22,0
16,0.3,100.0,0.24,0
16,0.3,100.0,0.26,0
16,0.3,100.0,0.28,0
16,0.3,100.0,0.3,0
16,0.3,100.0,0.32,0
16,0.3,100.0,0.34,0
16,0.3,100.0,0.36,0
16,0.3,100.0,0.38,0
16,0.3,100.0,0.4,0
16,0.3,100.0,0.42,180
16,0.3,100.0,0.44,180
16,0.3,100.0,0.46,90
16,0.3,100.0,0.48,135
16,0.3,100.0,0.5,135
16,0.3,100.0,0.52,45
16,0.3,100.0,0.54,0
16,0.3,100.0,0.56,45
16,0.3,100.0,0.58,90
16,0.3,100.0,0.6,135
16,0.3,100.0,0.62,0
16,0.3,100.0,0.64,0
16,0.3,100.0,0.66,0
16,0.3,100.0,0.68,135
16,0.3,100.0,0.7000000000000001,0
16,0.3,100.0,0.72,0
16,0.3,100.0,0.74,135
17,0.3,0.0,0.0,0
17,0.3,0.0,0.02,0
17,0.3,0.0,0.04,0
17,0.3,0.0,0.06,0
17,0.3,0.0,0.08,0
17,0.3,0.0,0.1,0
17,0.3,0.0,0.12,0
17,0.3,0.0,0.14,0
17,0.3,0.0,0.16,0
17,0.3,0.0,0.18,0
17,0.3,0.0,0.2,0
17,0.3,0.0,0.22,0
17,0.3,0.0,0.24,0
17,0.3,0.0,0.26,0
17,0.3,0.0,0.28,0
17,0.3,0.0,0.3,0
17,0.3,0.0,0.32,0
17,0.3,0.0,0.34,0
17,0.3,0.0,0.36,0
17,0.3,0.0,0.38,0
17,0.3,0.0,0.4,0
17,0.3,0.0,0.42,0
17,0.3,0.0,0.44,0
17,0.3,0.0,0.46,0
17,0.3,0.0,0.48,0
17,0.3,0.0,0.5,0
17,0.3,0.0,0.52,0
17,0.3,0.0,0.54,0
17,0.3,0.0,0.56,0
17,0.3,0.0,0.58,0
17,0.3,0.0,0.6,0
17,0.3,0.0,0.62,0
17,0.3,0.0,0.64,0
17,0.3,0.0,0.66,0
17,0.3,0.0,0.68,0
17,0.3,0.0,0.7000000000000001,0
17,0.3,0.0,0.72,0
17,0.3,0.0,0.74,0
17,0.3,5.0,0.0,0
17,0.3,5.0,0.02,0
17,0.3,5.0,0.04,0
17,0.3,5.0,0.06,0
17,0.3,5.0,0.08,0
17,0.3,5.0,0.1,0
17,0.3,5.0,0.12,0
17,0.3,5.0,0.14,0
17,0.3,5.0,0.16,0
17,0.3,5.0,0.18,0
17,0.3,5.0,0.2,0
17,0.3,5.0,0.22,0
17,0.3,5.0,0.24,0
17,0.3,5.0,0.26,0
17,0.3,5.0,0.28,0
17,0.3,5.0,0.3,0
17,0.3,5.0,0.32,0
17,0.3,5.0,0.34,0
17,0.3,5.0,0.36,0
17,0.3,5.0,0.38,0
17,0.3,5.0,0.4,0
17,0.3,5.0,0.42,0
17,0.3,5.0,0.44,0
17,0.3,5.0,0.46,0
17,0.3,5.0,0.48,0
17,0.3,5.0,0.5,0
17,0.3,5.0,0.52,0
17,0.3,5.0,0.54,0
17,0.3,5.0,0.56,0
17,0.3,5.0,0.58,0
17,0.3,5.0,0.6,0
17,0.3,5.0,0.62,0
17,0.3,5.0,0.64,0
17,0.3,5.0,0.66,0
17,0.3,5.0,0.68,0
17,0.3,5.0,0.7000000000000001,0
17,0.3,5.0,0.72,0
17,0.3,5.0,0.74,0
17,0.3,10.0,0.0,0
17,0.3,10.0,0.02,0
17,0.3,10.0,0.04,0
17,0.3,10.0,0.06,0
17,0.3,10.0,0.08,0
17,0.3,10.0,0.1,0
17,0.3,10.0,0.12,0
17,0.3,10.0,0.14,0
17,0.3,10.0,0.16,0
17,0.3,10.0,0.18,0
17,0.3,10.0,0.2,0
17,0.3,10.0,0.22,0
17,0.3,10.0,0.24,0
17,0.3,10.0,0.26,0
17,0.3,10.0,0.28,0
17,0.3,10.0,0.3,0
17,0.3,10.0,0.32,0
17,0.3,10.0,0.34,0
17,0.3,10.0,0.36,0
17,0.3,10.0,0.38,0
17,0.3,10.0,0.4,0
17,0.3,10.0,0.42,45
17,0.3,10.0,0.44,0
17,0.3,10.0,0.46,0
17,0.3,10.0,0.48,0
17,0.3,10.0,0.5,0
17,0.3,10.0,0.52,0
17,0.3,10.0,0.54,0
17,0.3,10.0,0.56,0
17,0.3,10.0,0.58,0
17,0.3,10.0,0.6,0
17,0.3,10.0,0.62,0
17,0.3,10.0,0.64,0
17,0.3,10.0,0.66,0
17,0.3,10.0,0.68,0
17,0.3,10.0,0.7000000000000001,0
17,0.3,10.0,0.72,0
17,0.3,10.0,0.74,0
17,0.3,15.0,0.0,0
17,0.3,15.0,0.02,0
17,0.3,15.0,0.04,0
17,0.3,15.0,0.06,0
17,0.3,15.0,0.08,0
17,0.3,15.0,0.1,45
17,0.3,15.0,0.12,0
17,0.3,15.0,0.14,0
17,0.3,15.0,0.16,0
17,0.3,15.0,0.18,0
17,0.3,15.0,0.2,0
17,0.3,15.0,0.22,0
17,0.3,15.0,0.24,0
17,0.3,15.0,0.26,0
17,0.3,15.0,0.28,0
17,0.3,15.0,0.3,0
17,0.3,15.0,0.32,0
17,0.3,15.0,0.34,0
17,0.3,15.0,0.36,0
17,0.3,15.0,0.38,0
17,0.3,15.0,0.4,0
17,0.3,15.0,0.42,0
17,0.3,15.0,0.44,0
17,0.3,15.0,0.46,0
17,0.3,15.0,0.48,0
17,0.3,15.0,0.5,0
17,0.3,15.0,0.52,0
17,0.3,15.0,0.54,0
17,0.3,15.0,0.56,0
17,0.3,15.0,0.58,0
17,0.3,15.0,0.6,0
17,0.3,15.0,0.62,45
17,0.3,15.0,0.64,0
17,0.3,15.0,0.66,0
17,0.3,15.0,0.68,0
17,0.3,15.0,0.7000000000000001,0
17,0.3,15.0,0.72,0
17,0.3,15.0,0.74,0
17,0.3,20.0,0.0,0
17,0.3,20.0,0.02,0
17,0.3,20.0,0.04,0
17,0.3,20.0,0.06,0
17,0.3,20.0,0.08,0
17,0.3,20.0,0.1,0
17,0.3,20.0,0.12,0
17,0.3,20.0,0.14,0
17,0.3,20.0,0.16,0
17,0.3,20.0,0.18,0
17,0.3,20.0,0.2,0
17,0.3,20.0,0.22,0
17,0.3,20.0,0.24,0
17,0.3,20.0,0.26,0
17,0.3,20.0,0.28,0
17,0.3,20.0,0.3,0
17,0.3,20.0,0.32,0
17,0.3,20.0,0.34,0
17,0.3,20.0,0.36,0
17,0.3,20.0,0.38,0
17,0.3,20.0,0.4,0
17,0.3,20.0,0.42,0
17,0.3,20.0,0.44,45
17,0.3,20.0,0.46,0
17,0.3,20.0,0.48,0
17,0.3,20.0,0.5,0
17,0.3,20.0,0.52,0
17,0.3,20.0,0.54,0
17,0.3,20.0,0.56,0
17,0.3,20.0,0.58,0
17,0.3,20.0,0.6,0
17,0.3,20.0,0.62,0
17,0.3,20.0,0.64,0
17,0.3,20.0,0.66,0
17,0.3,20.0,0.68,0
17,0.3,20.0,0.7000000000000001,0
17,0.3,20.0,0.72,0
17,0.3,20.0,0.74,0
17,0.3,25.0,0.0,0
17,0.3,25.0,0.02,0
17,0.3,25.0,0.04,0
17,0.3,25.0,0.06,0
17,0.3,25.0,0.08,0
17,0.3,25.0,0.1,0
17,0.3,25.0,0.12,0
17,0.3,25.0,0.14,135
17,0.3,25.0,0.16,135
17,0.3,25.0,0.18,0
17,0.3,25.0,0.2,0
17,0.3,25.0,0.22,0
17,0.3,25.0,0.24,0
17,0.3,25.0,0.26,180
17,0.3,25.0,0.28,180
17,0.3,25.0,0.3,180
17,0.3,25.0,0.32,0
17,0.3,25.0,0.34,0
17,0.3,25.0,0.36,0
17,0.3,25.0,0.38,0
17,0.3,25.0,0.4,0
17,0.3,25.0,0.42,0
17,0.3,25.0,0.44,0
17,0.3,25.0,0.46,0
17,0.3,25.0,0.48,0
17,0.3,25.0,0.5,0
17,0.3,25.0,0.52,0
17,0.3,25.0,0.54,0
17,0.3,25.0,0.56,0
17,0.3,25.0,0.58,0
17,0.3,25.0,0.6,0
17,0.3,25.0,0.62,0
17,0.3,25.0,0.64,0
17,0.3,25.0,0.66,0
17,0.3,25.0,0.68,0
17,0.3,25.0,0.7000000000000001,0
17,0.3,25.0,0.72,0
17,0.3,25.0,0.74,90
17,0.3,30.0,0.0,0
17,0.3,30.0,0.02,0
17,0.3,30.0,0.04,0
17,0.3,30.0,0.06,0
17,0.3,30.0,0.08,0
17,0.3,30.0,0.1,0
17,0.3,30.0,0.12,0
17,0.3,30.0,0.14,0
17,0.3,30.0,0.16,0
17,0.3,30.0,0.18,0
17,0.3,30.0,0.2,0
17,0.3,30.0,0.22,0
17,0.3,30.0,0.24,0
17,0.3,30.0,0.26,90
17,0.3,30.0,0.28,180
17,0.3,30.0,0.3,0
17,0.3,30.0,0.32,0
17,0.3,30.0,0.34,0
17,0.3,30.0,0.36,135
17,0.3,30.0,0.38,90
17,0.3,30.0,0.4,135
17,0.3,30.0,0.42,135
17,0.3,30.0,0.44,135
17,0.3,30.0,0.46,135
17,0.3,30.0,0.48,135
17,0.3,30.0,0.5,180
17,0.3,30.0,0.52,180
17,0.3,30.0,0.54,180
17,0.3,30.0,0.56,180
17,0.3,30.0,0.58,0
17,0.3,30.0,0.6,0
17,0.3,30.0,0.62,0
17,0.3,30.0,0.64,0
17,0.3,30.0,0.66,0
17,0.3,30.0,0.68,0
17,0.3,30.0,0.7000000000000001,0
17,0.3,30.0,0.72,0
17,0.3,30.0,0.74,0
17,0.3,40.0,0.0,0
17,0.3,40.0,0.02,0
17,0.3,40.0,0.04,0
17,0.3,40.0,0.06,0
17,0.3,40.0,0.08,0
17,0.3,40.0,0.1,0
17,0.3,40.0,0.12,135
17,0.3,40.0,0.14,180
17,0.3,40.0,0.16,135
17,0.3,40.0,0.18,135
17,0.3,40.0,0.2,135
17,0.3,40.0,0.22,135
17,0.3,40.0,0.24,0
17,0.3,40.0,0.26,45
17,0.3,40.0,0.28,90
17,0.3,40.0,0.3,90
17,0.3,40.0,0.32,0
17,0.3,40.0,0.34,0
17,0.3,40.0,0.36,0
17,0.3,40.0,0.38,0
17,0.3,40.0,0.4,0
17,0.3,40.0,0.42,0
17,0.3,40.0,0.44,0
17,0.3,40.0,0.46,0
17,0.3,40.0,0.48,135
17,0.3,40.0,0.5,180
17,0.3,40.0,0.52,135
17,0.3,40.0,0.54,0
17,0.3,40.0,0.56,0
17,0.3,40.0,0.58,0
17,0.3,40.0,0.6,0
17,0.3,40.0,0.62,0
17,0.3,40.0,0.64,0
17,0.3,40.0,0.66,0
17,0.3,40.0,0.68,0
17,0.3,40.0,0.7000000000000001,0
17,0.3,40.0,0.72,0
17,0.3,40.0,0.74,0
17,0.3,50.0,0.0,0
17,0.3,50.0,0.02,0
17,0.3,50.0,0.04,0
17,0.3,50.0,0.06,0
17,0.3,50.0,0.08,0
17,0.3,50.0,0.1,0
17,0.3,50.0,0.12,0
17,0.3,50.0,0.14,0
17,0.3,50.0,0.16,0
17,0.3,50.0,0.18,180
17,0.3,50.0,0.2,0
17,0.3,50.0,0.22,0
17,0.3,50.0,0.24,0
17,0.3,50.0,0.26,0
17,0.3,50.0,0.28,135
17,0.3,50.0,0.3,135
17,0.3,50.0,0.32,180
17,0.3,50.0,0.34,180
17,0.3,50.0,0.36,135
17,0.3,50.0,0.38,135
17,0.3,50.0,0.4,90
17,0.3,50.0,0.42,90
17,0.3,50.0,0.44,135
17,0.3,50.0,0.46,180
17,0.3,50.0,0.48,180
17,0.3,50.0,0.5,180
17,0.3,50.0,0.52,135
17,0.3,50.0,0.54,135
17,0.3,50.0,0.56,135
17,0.3,50.0,0.58,135
17,0.3,50.0,0.6,180
17,0.3,50.0,0.62,135
17,0.3,50.0,0.64,0
17,0.3,50.0,0.66,0
17,0.3,50.0,0.68,0
17,0.3,50.0,0.7000000000000001,45
17,0.3,50.0,0.72,0
17,0.3,50.0,0.74,0
17,0.3,100.0,0.0,0
17,0.3,100.0,0.02,45
17,0.3,100.0,0.04,0
17,0.3,100.0,0.06,0
17,0.3,100.0,0.08,0
17,0.3,100.0,0.1,0
17,0.3,100.0,0.12,0
17,0.3,100.0,0.14,0
17,0.3,100.0,0.16,0
17,0.3,100.0,0.18,0
17,0.3,100.0,0.2,0
17,0.3,100.0,0.22,0
17,0.3,100.0,0.24,45
17,0.3,100.0,0.26,0
17,0.3,100.0,0.28,0
17,0.3,100.0,0.3,0
17,0.3,100.0,0.32,0
17,0.3,100.0,0.34,0
17,0.3,100.0,0.36,45
17,0.3,100.0,0.38,0
17,0.3,100.0,0.4,0
17,0.3,100.0,0.42,0
17,0.3,100.0,0.44,0
17,0.3,100.0,0.46,0
17,0.3,100.0,0.48,0
17,0.3,100.0,0.5,45
17,0.3,100.0,0.52,0
17,0.3,100.0,0.54,0
17,0.3,100.0,0.56,135
17,0.3,100.0,0.58,180
17,0.3,100.0,0.6,135
17,0.3,100.0,0.62,135
17,0.3,100.0,0.64,45
17,0.3,100.0,0.66,0
17,0.3,100.0,0.68,135
17,0.3,100.0,0.7000000000000001,135
17,0.3,100.0,0.72,135
17,0.3,100.0,0.74,135
18,0.3,0.0,0.0,0
18,0.3,0.0,0.02,0
18,0.3,0.0,0.04,0
18,0.3,0.0,0.06,0
18,0.3,0.0,0.08,0
18,0.3,0.0,0.1,0
18,0.3,0.0,0.12,0
18,0.3,0.0,0.14,0
18,0.3,0.0,0.16,0
18,0.3,0.0,0.18,0
18,0.3,0.0,0.2,0
18,0.3,0.0,0.22,0
18,0.3,0.0,0.24,0
18,0.3,0.0,0.26,0
18,0.3,0.0,0.28,0
18,0.3,0.0,0.3,0
18,0.3,0.0,0.32,0
18,0.3,0.0,0.34,0
18,0.3,0.0,0.36,0
18,0.3,0.0,0.38,0
18,0.3,0.0,0.4,0
18,0.3,0.0,0.42,0
18,0.3,0.0,0.44,0
18,0.3,0.0,0.46,0
18,0.3,0.0,0.48,0
18,0.3,0.0,0.5,0
18,0.3,0.0,0.52,0
18,0.3,0.0,0.54,0
18,0.3,0.0,0.56,0
18,0.3,0.0,0.58,0
18,0.3,0.0,0.6,0
18,0.3,0.0,0.62,0
18,0.3,0.0,0.64,0
18,0.3,0.0,0.66,0
18,0.3,0.0,0.68,0
18,0.3,0.0,0.7000000000000001,0
18,0.3,0.0,0.72,0
18,0.3,0.0,0.74,0
18,0.3,5.0,0.0,0
18,0.3,5.0,0.02,0
18,0.3,5.0,0.04,0
18,0.3,5.0,0.06,0
18,0.3,5.0,0.08,0
18,0.3,5.0,0.1,0
18,0.3,5.0,0.12,0
18,0.3,5.0,0.14,0
18,0.3,5.0,0.16,0
18,0.3,5.0,0.18,0
18,0.3,5.0,0.2,0
18,0.3,5.0,0.22,0
18,0.3,5.0,0.24,0
18,0.3,5.0,0.26,0
18,0.3,5.0,0.28,0
18,0.3,5.0,0.3,0
18,0.3,5.0,0.32,0
18,0.3,5.0,0.34,0
18,0.3,5.0,0.36,0
18,0.3,5.0,0.38,0
18,0.3,5.0,0.4,0
18,0.3,5.0,0.42,0
18,0.3,5.0,0.44,0
18,0.3,5.0,0.46,0
18,0.3,5.0,0.48,0
18,0.3,5.0,0.5,0
18,0.3,5.0,0.52,0
18,0.3,5.0,0.54,0
18,0.3,5.0,0.56,0
18,0.3,5.0,0.58,0
18,0.3,5.0,0.6,0
18,0.3,5.0,0.62,0
18,0.3,5.0,0.64,0
18,0.3,5.0,0.66,0
18,0.3,5.0,0.68,0
18,0.3,5.0,0.7000000000000001,0
18,0.3,5.0,0.72,0
18,0.3,5.0,0.74,0
18,0.3,10.0,0.0,0
18,0.3,10.0,0.02,0
18,0.3,10.0,0.04,0
18,0.3,10.0,0.06,0
18,0.3,10.0,0.08,0
18,0.3,10.0,0.1,0
18,0.3,10.0,0.12,0
18,0.3,10.0,0.14,0
18,0.3,10.0,0.16,0
18,0.3,10.0,0.18,0
18,0.3,10.0,0.2,0
18,0.3,10.0,0.22,0
18,0.3,10.0,0.24,0
18,0.3,10.0,0.26,0
18,0.3,10.0,0.28,0
18,0.3,10.0,0.3,0
18,0.3,10.0,0.32,0
18,0.3,10.0,0.34,0
18,0.3,10.0,0.36,0
18,0.3,10.0,0.38,0
18,0.3,10.0,0.4,0
18,0.3,10.0,0.42,0
18,0.3,10.0,0.44,0
18,0.3,10.0,0.46,0
18,0.3,10.0,0.48,0
18,0.3,10.0,0.5,135
18,0.3,10.0,0.52,0
18,0.3,10.0,0.54,0
18,0.3,10.0,0.56,0
18,0.3,10.0,0.58,0
18,0.3,10.0,0.6,0
18,0.3,10.0,0.62,0
18,0.3,10.0,0.64,0
18,0.3,10.0,0.66,0
18,0.3,10.0,0.68,0
18,0.3,10.0,0.7000000000000001,0
18,0.3,10.0,0.72,0
18,0.3,10.0,0.74,45
18,0.3,15.0,0.0,0
18,0.3,15.0,0.02,0
18,0.3,15.0,0.04,0
18,0.3,15.0,0.06,0
18,0.3,15.0,0.08,0
18,0.3,15.0,0.1,0
18,0.3,15.0,0.12,0
18,0.3,15.0,0.14,45
18,0.3,15.0,0.16,45
18,0.3,15.0,0.18,0
18,0.3,15.0,0.2,0
18,0.3,15.0,0.22,0
18,0.3,15.0,0.24,180
18,0.3,15.0,0.26,180
18,0.3,15.0,0.28,135
18,0.3,15.0,0.3,180
18,0.3,15.0,0.32,135
18,0.3,15.0,0.34,135
18,0.3,15.0,0.36,180
18,0.3,15.0,0.38,0
18,0.3,15.0,0.4,45
18,0.3,15.0,0.42,0
18,0.3,15.0,0.44,0
18,0.3,15.0,0.46,0
18,0.3,15.0,0.48,0
18,0.3,15.0,0.5,0
18,0.3,15.0,0.52,0
18,0.3,15.0,0.54,0
18,0.3,15.0,0.56,0
18,0.3,15.0,0.58,0
18,0.3,15.0,0.6,0
18,0.3,15.0,0.62,0
18,0.3,15.0,0.64,0
18,0.3,15.0,0.66,90
18,0.3,15.0,0.68,0
18,0.3,15.0,0.7000000000000001,0
18,0.3,15.0,0.72,0
18,0.3,15.0,0.74,0
18,0.3,20.0,0.0,0
18,0.3,20.0,0.02,0
18,0.3,20.0,0.04,0
18,0.3,20.0,0.06,0
18,0.3,20.0,0.08,0
18,0.3,20.0,0.1,0
18,0.3,20.0,0.12,0
18,0.3,20.0,0.14,0
18,0.3,20.0,0.16,135
18,0.3,20.0,0.18,0
18,0.3,20.0,0.2,0
18,0.3,20.0,0.22,0
18,0.3,20.0,0.24,0
18,0.3,20.0,0.26,0
18,0.3,20.0,0.28,0
18,0.3,20.0,0.3,0
18,0.3,20.0,0.32,0
18,0.3,20.0,0.34,0
18,0.3,20.0,0.36,0
18,0.3,20.0,0.38,0
18,0.3,20.0,0.4,0
18,0.3,20.0,0.42,0
18,0.3,20.0,0.44,0
18,0.3,20.0,0.46,0
18,0.3,20.0,0.48,0
18,0.3,20.0,0.5,0
18,0.3,20.0,0.52,0
18,0.3,20.0,0.54,0
18,0.3,20.0,0.56,0
18,0.3,20.0,0.58,0
18,0.3,20.0,0.6,135
18,0.3,20.0,0.62,90
18,0.3,20.0,0.64,135
18,0.3,20.0,0.66,135
18,0.3,20.0,0.68,135
18,0.3,20.0,0.7000000000000001,135
18,0.3,20.0,0.72,135
18,0.3,20.0,0.74,180
18,0.3,25.0,0.0,0
18,0.3,25.0,0.02,0
18,0.3,25.0,0.04,0
18,0.3,25.0,0.06,0
18,0.3,25.0,0.08,0
18,0.3,25.0,0.1,0
18,0.3,25.0,0.12,0
18,0.3,25.0,0.14,0
18,0.3,25.0,0.16,0
18,0.3,25.0,0.18,0
18,0.3,25.0,0.2,0
18,0.3,25.0,0.22,135
18,0.3,25.0,0.24,0
18,0.3,25.0,0.26,0
18,0.3,25.0,0.28,0
18,0.3,25.0,0.3,0
18,0.3,25.0,0.32,0
18,0.3,25.0,0.34,0
18,0.3,25.0,0.36,45
18,0.3,25.0,0.38,90
18,0.3,25.0,0.4,135
18,0.3,25.0,0.42,180
18,0.3,25.0,0.44,135
18,0.3,25.0,0.46,135
18,0.3,25.0,0.48,0
18,0.3,25.0,0.5,0
18,0.3,25.0,0.52,0
18,0.3,25.0,0.54,0
18,0.3,25.0,0.56,0
18,0.3,25.0,0.58,0
18,0.3,25.0,0.6,0
18,0.3,25.0,0.62,0
18,0.3,25.0,0.64,0
18,0.3,25.0,0.66,0
18,0.3,25.0,0.68,0
18,0.3,25.0,0.7000000000000001,0
18,0.3,25.0,0.72,0
18,0.3,25.0,0.74,0
18,0.3,30.0,0.0,0
18,0.3,30.0,0.02,45
18,0.3,30.0,0.04,0
18,0.3,30.0,0.06,0
18,0.3,30.0,0.08,0
18,0.3,30.0,0.1,0
18,0.3,30.0,0.12,0
18,0.3,30.0,0.14,0
18,0.3,30.0,0.16,135
18,0.3,30.0,0.18,180
18,0.3,30.0,0.2,0
18,0.3,30.0,0.22,0
18,0.3,30.0,0.24,0
18,0.3,30.0,0.26,0
18,0.3,30.0,0.28,45
18,0.3,30.0,0.3,0
18,0.3,30.0,0.32,0
18,0.3,30.0,0.34,0
18,0.3,30.0,0.36,90
18,0.3,30.0,0.38,90
18,0.3,30.0,0.4,0
18,0.3,30.0,0.42,0
18,0.3,30.0,0.44,0
18,0.3,30.0,0.46,135
18,0.3,30.0,0.48,135
18,0.3,30.0,0.5,0
18,0.3,30.0,0.52,0
18,0.3,30.0,0.54,0
18,0.3,30.0,0.56,0
18,0.3,30.0,0.58,0
18,0.3,30.0,0.6,0
18,0.3,30.0,0.62,0
18,0.3,30.0,0.64,0
18,0.3,30.0,0.66,0
18,0.3,30.0,0.68,0
18,0.3,30.0,0.7000000000000001,0
18,0.3,30.0,0.72,0
18,0.3,30.0,0.74,0
18,0.3,40.0,0.0,0
18,0.3,40.0,0.02,0
18,0.3,40.0,0.04,0
18,0.3,40.0,0.06,0
18,0.3,40.0,0.08,0
18,0.3,40.0,0.1,0
18,0.3,40.0,0.12,0
18,0.3,40.0,0.14,0
18,0.3,40.0,0.16,180
18,0.3,40.0,0.18,180
18,0.3,40.0,0.2,0
18,0.3,40.0,0.22,0
18,0.3,40.0,0.24,0
18,0.3,40.0,0.26,0
18,0.3,40.0,0.28,135
18,0.3,40.0,0.3,135
18,0.3,40.0,0.32,135
18,0.3,40.0,0.34,135
18,0.3,40.0,0.36,0
18,0.3,40.0,0.38,0
18,0.3,40.0,0.4,0
18,0.3,40.0,0.42,0
18,0.3,40.0,0.44,0
18,0.3,40.0,0.46,0
18,0.3,40.0,0.48,0
18,0.3,40.0,0.5,45
18,0.3,40.0,0.52,0
18,0.3,40.0,0.54,0
18,0.3,40.0,0.56,0
18,0.3,40.0,0.58,0
18,0.3,40.0,0.6,0
18,0.3,40.0,0.62,0
18,0.3,40.0,0.64,0
18,0.3,40.0,0.66,0
18,0.3,40.0,0.68,0
18,0.3,40.0,0.7000000000000001,0
18,0.3,40.0,0.72,0
18,0.3,40.0,0.74,0
18,0.3,50.0,0.0,0
18,0.3,50.0,0.02,0
18,0.3,50.0,0.04,0
18,0.3,50.0,0.06,0
18,0.3,50.0,0.08,0
18,0.3,50.0,0.1,0
18,0.3,50.0,0.12,0
18,0.3,50.0,0.14,0
18,0.3,50.0,0.16,90
18,0.3,50.0,0.18,90
18,0.3,50.0,0.2,0
18,0.3,50.0,0.22,0
18,0.3,50.0,0.24,0
18,0.3,50.0,0.26,0
18,0.3,50.0,0.28,0
18,0.3,50.0,0.3,0
18,0.3,50.0,0.32,0
18,0.3,50.0,0.34,0
18,0.3,50.0,0.36,0
18,0.3,50.0,0.38,45
18,0.3,50.0,0.4,0
18,0.3,50.0,0.42,0
18,0.3,50.0,0.44,135
18,0.3,50.0,0.46,90
18,0.3,50.0,0.48,0
18,0.3,50.0,0.5,0
18,0.3,50.0,0.52,0
18,0.3,50.0,0.54,0
18,0.3,50.0,0.56,0
18,0.3,50.0,0.58,0
18,0.3,50.0,0.6,0
18,0.3,50.0,0.62,0
18,0.3,50.0,0.64,0
18,0.3,50.0,0.66,0
18,0.3,50.0,0.68,0
18,0.3,50.0,0.7000000000000001,0
18,0.3,50.0,0.72,0
18,0.3,50.0,0.74,0
18,0.3,100.0,0.0,0
18,0.3,100.0,0.02,0
18,0.3,100.0,0.04,45
18,0.3,100.0,0.06,0
18,0.3,100.0,0.08,0
18,0.3,100.0,0.1,0
18,0.3,100.0,0.12,0
18,0.3,100.0,0.14,0
18,0.3,100.0,0.16,0
18,0.3,100.0,0.18,0
18,0.3,100.0,0.2,0
18,0.3,100.0,0.22,90
18,0.3,100.0,0.24,45
18,0.3,100.0,0.26,0
18,0.3,100.0,0.28,0
18,0.3,100.0,0.3,0
18,0.3,100.0,0.32,0
18,0.3,100.0,0.34,0
18,0.3,100.0,0.36,45
18,0.3,100.0,0.38,0
18,0.3,100.0,0.4,0
18,0.3,100.0,0.42,0
18,0.3,100.0,0.44,0
18,0.3,100.0,0.46,0
18,0.3,100.0,0.48,0
18,0.3,100.0,0.5,0
18,0.3,100.0,0.52,0
18,0.3,100.0,0.54,0
18,0.3,100.0,0.56,0
18,0.3,100.0,0.58,0
18,0.3,100.0,0.6,0
18,0.3,100.0,0.62,45
18,0.3,100.0,0.64,45
18,0.3,100.0,0.66,45
18,0.3,100.0,0.68,0
18,0.3,100.0,0.7000000000000001,0
18,0.3,100.0,0.72,0
18,0.3,100.0,0.74,90
19,0.3,0.0,0.0,0
19,0.3,0.0,0.02,0
19,0.3,0.0,0.04,0
19,0.3,0.0,0.06,0
19,0.3,0.0,0.08,0
19,0.3,0.0,0.1,0
19,0.3,0.0,0.12,0
19,0.3,0.0,0.14,0
19,0.3,0.0,0.16,0
19,0.3,0.0,0.18,0
19,0.3,0.0,0.2,0
19,0.3,0.0,0.22,0
19,0.3,0.0,0.24,0
19,0.3,0.0,0.26,0
19,0.3,0.0,0.28,0
19,0.3,0.0,0.3,0
19,0.3,0.0,0.32,0
19,0.3,0.0,0.34,0
19,0.3,0.0,0.36,0
19,0.3,0.0,0.38,0
19,0.3,0.0,0.4,0
19,0.3,0.0,0.42,0
19,0.3,0.0,0.44,0
19,0.3,0.0,0.46,0
19,0.3,0.0,0.48,0
19,0.3,0.0,0.5,0
19,0.3,0.0,0.52,0
19,0.3,0.0,0.54,0
19,0.3,0.0,0.56,0
19,0.3,0.0,0.58,0
19,0.3,0.0,0.6,0
19,0.3,0.0,0.62,0
19,0.3,0.0,0.64,0
19,0.3,0.0,0.66,0
19,0.3,0.0,0.68,0
19,0.3,0.0,0.7000000000000001,0
19,0.3,0.0,0.72,0
19,0.3,0.0,0.74,0
19,0.3,5.0,0.0,0
19,0.3,5.0,0.02,0
19,0.3,5.0,0.04,0
19,0.3,5.0,0.06,0
19,0.3,5.0,0.08,0
19,0.3,5.0,0.1,0
19,0.3,5.0,0.12,0
19,0.3,5.0,0.14,0
19,0.3,5.0,0.16,0
19,0.3,5.0,0.18,0
19,0.3,5.0,0.2,0
19,0.3,5.0,0.22,0
19,0.3,5.0,0.24,0
19,0.3,5.0,0.26,0
19,0.3,5.0,0.28,0
19,0.3,5.0,0.3,0
19,0.3,5.0,0.32,0
19,0.3,5.0,0.34,0
19,0.3,5.0,0.36,0
19,0.3,5.0,0.38,0
19,0.3,5.0,0.4,0
19,0.3,5.0,0.42,0
19,0.3,5.0,0.44,0
19,0.3,5.0,0.46,0
19,0.3,5.0,0.48,0
19,0.3,5.0,0.5,0
19,0.3,5.0,0.52,0
19,0.3,5.0,0.54,0
19,0.3,5.0,0.56,0
19,0.3,5.0,0.58,0
19,0.3,5.0,0.6,0
19,0.3,5.0,0.62,0
19,0.3,5.0,0.64,0
19,0.3,5.0,0.66,0
19,0.3,5.0,0.68,0
19,0.3,5.0,0.7000000000000001,0
19,0.3,5.0,0.72,0
19,0.3,5.0,0.74,0
19,0.3,10.0,0.0,0
19,0.3,10.0,0.02,0
19,0.3,10.0,0.04,0
19,0.3,10.0,0.06,45
19,0.3,10.0,0.08,0
19,0.3,10.0,0.1,0
19,0.3,10.0,0.12,0
19,0.3,10.0,0.14,0
19,0.3,10.0,0.16,0
19,0.3,10.0,0.18,0
19,0.3,10.0,0.2,0
19,0.3,10.0,0.22,0
19,0.3,10.0,0.24,0
19,0.3,10.0,0.26,0
19,0.3,10.0,0.28,0
19,0.3,10.0,0.3,0
19,0.3,10.0,0.32,0
19,0.3,10.0,0.34,0
19,0.3,10.0,0.36,0
19,0.3,10.0,0.38,0
19,0.3,10.0,0.4,0
19,0.3,10.0,0.42,0
19,0.3,10.0,0.44,0
19,0.3,10.0,0.46,0
19,0.3,10.0,0.48,0
19,0.3,10.0,0.5,0
19,0.3,10.0,0.52,0
19,0.3,10.0,0.54,0
19,0.3,10.0,0.56,0
19,0.3,10.0,0.58,0
19,0.3,10.0,0.6,0
19,0.3,10.0,0.62,0
19,0.3,10.0,0.64,0
19,0.3,10.0,0.66,0
19,0.3,10.0,0.68,0
19,0.3,10.0,0.7000000000000001,0
19,0.3,10.0,0.72,0
19,0.3,10.0,0.74,0
19,0.3,15.0,0.0,0
19,0.3,15.0,0.02,0
19,0.3,15.0,0.04,0
19,0.3,15.0,0.06,45
19,0.3,15.0,0.08,0
19,0.3,15.0,0.1,0
19,0.3,15.0,0.12,0
19,0.3,15.0,0.14,0
19,0.3,15.0,0.16,0
19,0.3,15.0,0.18,0
19,0.3,15.0,0.2,0
19,0.3,15.0,0.22,0
19,0.3,15.0,0.24,0
19,0.3,15.0,0.26,0
19,0.3,15.0,0.28,0
19,0.3,15.0,0.3,0
19,0.3,15.0,0.32,0
19,0.3,15.0,0.34,0
19,0.3,15.0,0.36,0
19,0.3,15.0,0.38,0
19,0.3,15.0,0.4,0
19,0.3,15.0,0.42,0
19,0.3,15.0,0.44,0
19,0.3,15.0,0.46,0
19,0.3,15.0,0.48,0
19,0.3,15.0,0.5,135
19,0.3,15.0,0.52,135
19,0.3,15.0,0.54,135
19,0.3,15.0,0.56,135
19,0.3,15.0,0.58,180
19,0.3,15.0,0.6,90
19,0.3,15.0,0.62,90
19,0.3,15.0,0.64,0
19,0.3,15.0,0.66,0
19,0.3,15.0,0.68,0
19,0.3,15.0,0.7000000000000001,0
19,0.3,15.0,0.72,0
19,0.3,15.0,0.74,0
19,0.3,20.0,0.0,0
19,0.3,20.0,0.02,0
19,0.3,20.0,0.04,0
19,0.3,20.0,0.06,0
19,0.3,20.0,0.08,45
19,0.3,20.0,0.1,0
19,0.3,20.0,0.12,0
19,0.3,20.0,0.14,0
19,0.3,20.0,0.16,0
19,0.3,20.0,0.18,0
19,0.3,20.0,0.2,0
19,0.3,20.0,0.22,0
19,0.3,20.0,0.24,0
19,0.3,20.0,0.26,45
19,0.3,20.0,0.28,90
19,0.3,20.0,0.3,0
19,0.3,20.0,0.32,0
19,0.3,20.0,0.34,0
19,0.3,20.0,0.36,0
19,0.3,20.0,0.38,0
19,0.3,20.0,0.4,0
19,0.3,20.0,0.42,0
19,0.3,20.0,0.44,0
19,0.3,20.0,0.46,0
19,0.3,20.0,0.48,0
19,0.3,20.0,0.5,135
19,0.3,20.0,0.52,135
19,0.3,20.0,0.54,180
19,0.3,20.0,0.56,135
19,0.3,20.0,0.58,135
19,0.3,20.0,0.6,180
19,0.3,20.0,0.62,135
19,0.3,20.0,0.64,135
19,0.3,20.0,0.66,135
19,0.3,20.0,0.68,135
19,0.3,20.0,0.7000000000000001,135
19,0.3,20.0,0.72,135
19,0.3,20.0,0.74,135
19,0.3,25.0,0.0,0
19,0.3,25.0,0.02,0
19,0.3,25.0,0.04,0
19,0.3,25.0,0.06,45
19,0.3,25.0,0.08,0
19,0.3,25.0,0.1,0
19,0.3,25.0,0.12,135
19,0.3,25.0,0.14,180
19,0.3,25.0,0.16,180
19,0.3,25.0,0.18,180
19,0.3,25.0,0.2,180
19,0.3,25.0,0.22,180
19,0.3,25.0,0.24,180
19,0.3,25.0,0.26,180
19,0.3,25.0,0.28,135
19,0.3,25.0,0.3,90
19,0.3,25.0,0.32,135
19,0.3,25.0,0.34,135
19,0.3,25.0,0.36,0
19,0.3,25.0,0.38,0
19,0.3,25.0,0.4,0
19,0.3,25.0,0.42,0
19,0.3,25.0,0.44,0
19,0.3,25.0,0.46,0
19,0.3,25.0,0.48,0
19,0.3,25.0,0.5,0
19,0.3,25.0,0.52,0
19,0.3,25.0,0.54,0
19,0.3,25.0,0.56,0
19,0.3,25.0,0.58,0
19,0.3,25.0,0.6,0
19,0.3,25.0,0.62,0
19,0.3,25.0,0.64,0
19,0.3,25.0,0.66,0
19,0.3,25.0,0.68,0
19,0.3,25.0,0.7000000000000001,0
19,0.3,25.0,0.72,0
19,0.3,25.0,0.74,0
19,0.3,30.0,0.0,0
19,0.3,30.0,0.02,0
19,0.3,30.0,0.04,0
19,0.3,30.0,0.06,0
19,0.3,30.0,0.08,45
19,0.3,30.0,0.1,0
19,0.3,30.0,0.12,0
19,0.3,30.0,0.14,0
19,0.3,30.0,0.16,0
19,0.3,30.0,0.18,0
19,0.3,30.0,0.2,0
19,0.3,30.0,0.22,0
19,0.3,30.0,0.24,0
19,0.3,30.0,0.26,0
19,0.3,30.0,0.28,0
19,0.3,30.0,0.3,0
19,0.3,30.0,0.32,135
19,0.3,30.0,0.34,135
19,0.3,30.0,0.36,0
19,0.3,30.0,0.38,0
19,0.3,30.0,0.4,0
19,0.3,30.0,0.42,0
19,0.3,30.0,0.44,0
19,0.3,30.0,0.46,0
19,0.3,30.0,0.48,135
19,0.3,30.0,0.5,135
19,0.3,30.0,0.52,180
19,0.3,30.0,0.54,135
19,0.3,30.0,0.56,0
19,0.3,30.0,0.58,0
19,0.3,30.0,0.6,0
19,0.3,30.0,0.62,0
19,0.3,30.0,0.64,0
19,0.3,30.0,0.66,0
19,0.3,30.0,0.68,0
19,0.3,30.0,0.7000000000000001,0
19,0.3,30.0,0.72,0
19,0.3,30.0,0.74,45
19,0.3,40.0,0.0,0
19,0.3,40.0,0.02,0
19,0.3,40.0,0.04,0
19,0.3,40.0,0.06,0
19,0.3,40.0,0.08,0
19,0.3,40.0,0.1,0
19,0.3,40.0,0.12,0
19,0.3,40.0,0.14,0
19,0.3,40.0,0.16,0
19,0.3,40.0,0.18,0
19,0.3,40.0,0.2,0
19,0.3,40.0,0.22,0
19,0.3,40.0,0.24,0
19,0.3,40.0,0.26,0
19,0.3,40.0,0.28,0
19,0.3,40.0,0.3,0
19,0.3,40.0,0.32,0
19,0.3,40.0,0.34,0
19,0.3,40.0,0.36,90
19,0.3,40.0,0.38,0
19,0.3,40.0,0.4,0
19,0.3,40.0,0.42,0
19,0.3,40.0,0.44,0
19,0.3,40.0,0.46,0
19,0.3,40.0,0.48,0
19,0.3,40.0,0.5,0
19,0.3,40.0,0.52,0
19,0.3,40.0,0.54,135
19,0.3,40.0,0.56,0
19,0.3,40.0,0.58,0
19,0.3,40.0,0.6,0
19,0.3,40.0,0.62,0
19,0.3,40.0,0.64,0
19,0.3,40.0,0.66,0
19,0.3,40.0,0.68,0
19,0.3,40.0,0.7000000000000001,0
19,0.3,40.0,0.72,0
19,0.3,40.0,0.74,0
19,0.3,50.0,0.0,0
19,0.3,50.0,0.02,0
19,0.3,50.0,0.04,0
19,0.3,50.0,0.06,0
19,0.3,50.0,0.08,135
19,0.3,50.0,0.1,90
19,0.3,50.0,0.12,90
19,0.3,50.0,0.14,135
19,0.3,50.0,0.16,0
19,0.3,50.0,0.18,0
19,0.3,50.0,0.2,0
19,0.3,50.0,0.22,0
19,0.3,50.0,0.24,0
19,0.3,50.0,0.26,0
19,0.3,50.0,0.28,0
19,0.3,50.0,0.3,0
19,0.3,50.0,0.32,0
19,0.3,50.0,0.34,0
19,0.3,50.0,0.36,0
19,0.3,50.0,0.38,90
19,0.3,50.0,0.4,90
19,0.3,50.0,0.42,0
19,0.3,50.0,0.44,0
19,0.3,50.0,0.46,180
19,0.3,50.0,0.48,90
19,0.3,50.0,0.5,45
19,0.3,50.0,0.52,0
19,0.3,50.0,0.54,0
19,0.3,50.0,0.56,180
19,0.3,50.0,0.58,135
19,0.3,50.0,0.6,135
19,0.3,50.0,0.62,90
19,0.3,50.0,0.64,0
19,0.3,50.0,0.66,0
19,0.3,50.0,0.68,0
19,0.3,50.0,0.7000000000000001,0
19,0.3,50.0,0.72,0
19,0.3,50.0,0.74,45
19,0.3,100.0,0.0,0
19,0.3,100.0,0.02,0
19,0.3,100.0,0.04,0
19,0.3,100.0,0.06,135
19,0.3,100.0,0.08,90
19,0.3,100.0,0.1,90
19,0.3,100.0,0.12,0
19,0.3,100.0,0.14,135
19,0.3,100.0,0.16,135
19,0.3,100.0,0.18,135
19,0.3,100.0,0.2,135
19,0.3,100.0,0.22,135
19,0.3,100.0,0.24,180
19,0.3,100.0,0.26,135
19,0.3,100.0,0.28,135
19,0.3,100.0,0.3,135
19,0.3,100.0,0.32,135
19,0.3,100.0,0.34,135
19,0.3,100.0,0.36,135
19,0.3,100.0,0.38,135
19,0.3,100.0,0.4,135
19,0.3,100.0,0.42,45
19,0.3,100.0,0.44,45
19,0.3,100.0,0.46,45
19,0.3,100.0,0.48,45
19,0.3,100.0,0.5,45
19,0.3,100.0,0.52,45
19,0.3,100.0,0.54,45
19,0.3,100.0,0.56,45
19,0.3,100.0,0.58,45
19,0.3,100.0,0.6,45
19,0.3,100.0,0.62,45
19,0.3,100.0,0.64,45
19,0.3,100.0,0.66,45
19,0.3,100.0,0.68,45
19,0.3,100.0,0.7000000000000001,45
19,0.3,100.0,0.72,45
19,0.3,100.0,0.74,0
